deque.push_front small calibrate count=200000 reps=1 bend_delta=2000000ns ref_delta=2223000ns bendA=4000000ns
deque.push_front small calibrate count=200000 reps=51 bend_delta=90000000ns ref_delta=103361000ns bendA=178000000ns
deque.push_front small calibrate count=200000 reps=102 bend_delta=179000000ns ref_delta=221462000ns bendA=354000000ns
deque.push_front small count=200000 reps=102 sample=0 order=ABC bendA=355000000 bendB=176000000 bendC=0 refA=425071000 refB=209182000 refC=124000 bend_chk=['2410997875', '2088724851', '1099754099'] ref_chk=['2410997875', '2088724851', '1099754099']
deque.push_front small count=200000 reps=102 sample=1 order=CBA bendA=356000000 bendB=176000000 bendC=0 refA=427728000 refB=218389000 refC=142000 bend_chk=['2410997875', '2088724851', '1099754099'] ref_chk=['2410997875', '2088724851', '1099754099']
deque.push_front small count=200000 reps=102 sample=2 order=ABC bendA=363000000 bendB=177000000 bendC=0 refA=428263000 refB=209576000 refC=132000 bend_chk=['2410997875', '2088724851', '1099754099'] ref_chk=['2410997875', '2088724851', '1099754099']
deque.push_front small count=200000 reps=102 sample=3 order=CBA bendA=361000000 bendB=176000000 bendC=0 refA=426603000 refB=212443000 refC=139000 bend_chk=['2410997875', '2088724851', '1099754099'] ref_chk=['2410997875', '2088724851', '1099754099']
deque.push_front small count=200000 reps=102 sample=4 order=ABC bendA=363000000 bendB=178000000 bendC=0 refA=446548000 refB=214959000 refC=132000 bend_chk=['2410997875', '2088724851', '1099754099'] ref_chk=['2410997875', '2088724851', '1099754099']
deque.push_front small count=200000 reps=102 sample=5 order=CBA bendA=361000000 bendB=176000000 bendC=0 refA=424408000 refB=213730000 refC=134000 bend_chk=['2410997875', '2088724851', '1099754099'] ref_chk=['2410997875', '2088724851', '1099754099']
deque.push_front medium calibrate count=100000 reps=1 bend_delta=1000000ns ref_delta=1012000ns bendA=2000000ns
deque.push_front medium calibrate count=100000 reps=64 bend_delta=56000000ns ref_delta=74964000ns bendA=116000000ns
deque.push_front medium calibrate count=100000 reps=128 bend_delta=118000000ns ref_delta=138082000ns bendA=239000000ns
deque.push_front medium count=100000 reps=128 sample=0 order=ABC bendA=237000000 bendB=125000000 bendC=11000000 refA=276265000 refB=143032000 refC=11883000 bend_chk=['2787915840', '3104806976', '956495936'] ref_chk=['2787915840', '3104806976', '956495936']
deque.push_front medium count=100000 reps=128 sample=1 order=CBA bendA=232000000 bendB=120000000 bendC=12000000 refA=284450000 refB=143522000 refC=11250000 bend_chk=['2787915840', '3104806976', '956495936'] ref_chk=['2787915840', '3104806976', '956495936']
deque.push_front medium count=100000 reps=128 sample=2 order=ABC bendA=232000000 bendB=120000000 bendC=10000000 refA=275931000 refB=140603000 refC=11274000 bend_chk=['2787915840', '3104806976', '956495936'] ref_chk=['2787915840', '3104806976', '956495936']
deque.push_front medium count=100000 reps=128 sample=3 order=CBA bendA=241000000 bendB=125000000 bendC=11000000 refA=281962000 refB=148697000 refC=11284000 bend_chk=['2787915840', '3104806976', '956495936'] ref_chk=['2787915840', '3104806976', '956495936']
deque.push_front medium count=100000 reps=128 sample=4 order=ABC bendA=236000000 bendB=126000000 bendC=11000000 refA=293901000 refB=153216000 refC=11972000 bend_chk=['2787915840', '3104806976', '956495936'] ref_chk=['2787915840', '3104806976', '956495936']
deque.push_front medium count=100000 reps=128 sample=5 order=CBA bendA=238000000 bendB=125000000 bendC=12000000 refA=287147000 refB=145005000 refC=11993000 bend_chk=['2787915840', '3104806976', '956495936'] ref_chk=['2787915840', '3104806976', '956495936']
deque.push_front large calibrate count=50000 reps=1 bend_delta=3000000ns ref_delta=1143000ns bendA=8000000ns
deque.push_front large calibrate count=262144 reps=1 bend_delta=2000000ns ref_delta=2458000ns bendA=10000000ns
deque.push_front large calibrate count=262144 reps=51 bend_delta=126000000ns ref_delta=147290000ns bendA=519000000ns
deque.push_front large count=262144 reps=51 sample=0 order=ABC bendA=521000000 bendB=391000000 bendC=268000000 refA=594353000 refB=442385000 refC=298054000 bend_chk=['3296601301', '3120440533', '2944279765'] ref_chk=['3296601301', '3120440533', '2944279765']
deque.push_front large count=262144 reps=51 sample=1 order=CBA bendA=517000000 bendB=397000000 bendC=268000000 refA=587688000 refB=433471000 refC=306248000 bend_chk=['3296601301', '3120440533', '2944279765'] ref_chk=['3296601301', '3120440533', '2944279765']
deque.push_front large count=262144 reps=51 sample=2 order=ABC bendA=521000000 bendB=398000000 bendC=283000000 refA=603477000 refB=449522000 refC=310454000 bend_chk=['3296601301', '3120440533', '2944279765'] ref_chk=['3296601301', '3120440533', '2944279765']
deque.push_front large count=262144 reps=51 sample=3 order=CBA bendA=538000000 bendB=402000000 bendC=278000000 refA=593180000 refB=427020000 refC=292366000 bend_chk=['3296601301', '3120440533', '2944279765'] ref_chk=['3296601301', '3120440533', '2944279765']
deque.push_front large count=262144 reps=51 sample=4 order=ABC bendA=506000000 bendB=401000000 bendC=277000000 refA=582014000 refB=448079000 refC=299511000 bend_chk=['3296601301', '3120440533', '2944279765'] ref_chk=['3296601301', '3120440533', '2944279765']
deque.push_front large count=262144 reps=51 sample=5 order=CBA bendA=515000000 bendB=393000000 bendC=269000000 refA=628242000 refB=459258000 refC=304889000 bend_chk=['3296601301', '3120440533', '2944279765'] ref_chk=['3296601301', '3120440533', '2944279765']
deque.push_back small calibrate count=200000 reps=1 bend_delta=3000000ns ref_delta=2256000ns bendA=5000000ns
deque.push_back small calibrate count=200000 reps=34 bend_delta=63000000ns ref_delta=80787000ns bendA=129000000ns
deque.push_back small calibrate count=200000 reps=68 bend_delta=128000000ns ref_delta=122543000ns bendA=250000000ns
deque.push_back small count=200000 reps=68 sample=0 order=ABC bendA=257000000 bendB=123000000 bendC=0 refA=292244000 refB=145443000 refC=93000 bend_chk=['1474284898', '412443490', '4136434018'] ref_chk=['1474284898', '412443490', '4136434018']
deque.push_back small count=200000 reps=68 sample=1 order=CBA bendA=249000000 bendB=124000000 bendC=0 refA=313351000 refB=149081000 refC=85000 bend_chk=['1474284898', '412443490', '4136434018'] ref_chk=['1474284898', '412443490', '4136434018']
deque.push_back small count=200000 reps=68 sample=2 order=ABC bendA=252000000 bendB=124000000 bendC=0 refA=307238000 refB=140547000 refC=82000 bend_chk=['1474284898', '412443490', '4136434018'] ref_chk=['1474284898', '412443490', '4136434018']
deque.push_back small count=200000 reps=68 sample=3 order=CBA bendA=251000000 bendB=117000000 bendC=1000000 refA=330397000 refB=155516000 refC=94000 bend_chk=['1474284898', '412443490', '4136434018'] ref_chk=['1474284898', '412443490', '4136434018']
deque.push_back small count=200000 reps=68 sample=4 order=ABC bendA=258000000 bendB=124000000 bendC=0 refA=291283000 refB=143247000 refC=101000 bend_chk=['1474284898', '412443490', '4136434018'] ref_chk=['1474284898', '412443490', '4136434018']
deque.push_back small count=200000 reps=68 sample=5 order=CBA bendA=246000000 bendB=127000000 bendC=0 refA=329275000 refB=145977000 refC=89000 bend_chk=['1474284898', '412443490', '4136434018'] ref_chk=['1474284898', '412443490', '4136434018']
deque.push_back medium calibrate count=100000 reps=1 bend_delta=1000000ns ref_delta=1031000ns bendA=2000000ns
deque.push_back medium calibrate count=100000 reps=64 bend_delta=57000000ns ref_delta=87831000ns bendA=120000000ns
deque.push_back medium calibrate count=100000 reps=128 bend_delta=120000000ns ref_delta=143518000ns bendA=251000000ns
deque.push_back medium count=100000 reps=128 sample=0 order=ABC bendA=245000000 bendB=128000000 bendC=11000000 refA=290517000 refB=150563000 refC=12140000 bend_chk=['1719935040', '2904784960', '1255333952'] ref_chk=['1719935040', '2904784960', '1255333952']
deque.push_back medium count=100000 reps=128 sample=1 order=CBA bendA=246000000 bendB=126000000 bendC=11000000 refA=296206000 refB=146256000 refC=11350000 bend_chk=['1719935040', '2904784960', '1255333952'] ref_chk=['1719935040', '2904784960', '1255333952']
deque.push_back medium count=100000 reps=128 sample=2 order=ABC bendA=237000000 bendB=125000000 bendC=12000000 refA=290495000 refB=163042000 refC=11764000 bend_chk=['1719935040', '2904784960', '1255333952'] ref_chk=['1719935040', '2904784960', '1255333952']
deque.push_back medium count=100000 reps=128 sample=3 order=CBA bendA=244000000 bendB=126000000 bendC=11000000 refA=283679000 refB=145723000 refC=11097000 bend_chk=['1719935040', '2904784960', '1255333952'] ref_chk=['1719935040', '2904784960', '1255333952']
deque.push_back medium count=100000 reps=128 sample=4 order=ABC bendA=243000000 bendB=125000000 bendC=12000000 refA=283059000 refB=143175000 refC=11212000 bend_chk=['1719935040', '2904784960', '1255333952'] ref_chk=['1719935040', '2904784960', '1255333952']
deque.push_back medium count=100000 reps=128 sample=5 order=CBA bendA=240000000 bendB=123000000 bendC=11000000 refA=290884000 refB=146097000 refC=11381000 bend_chk=['1719935040', '2904784960', '1255333952'] ref_chk=['1719935040', '2904784960', '1255333952']
deque.push_back large calibrate count=50000 reps=1 bend_delta=2000000ns ref_delta=409000ns bendA=8000000ns
deque.push_back large calibrate count=262144 reps=1 bend_delta=2000000ns ref_delta=2775000ns bendA=10000000ns
deque.push_back large calibrate count=262144 reps=51 bend_delta=141000000ns ref_delta=125882000ns bendA=527000000ns
deque.push_back large count=262144 reps=51 sample=0 order=ABC bendA=535000000 bendB=410000000 bendC=286000000 refA=608522000 refB=444391000 refC=302956000 bend_chk=['3622778514', '782186130', '2236561042'] ref_chk=['3622778514', '782186130', '2236561042']
deque.push_back large count=262144 reps=51 sample=1 order=CBA bendA=518000000 bendB=398000000 bendC=277000000 refA=592984000 refB=442873000 refC=307588000 bend_chk=['3622778514', '782186130', '2236561042'] ref_chk=['3622778514', '782186130', '2236561042']
deque.push_back large count=262144 reps=51 sample=2 order=ABC bendA=527000000 bendB=402000000 bendC=271000000 refA=617949000 refB=517840000 refC=309013000 bend_chk=['3622778514', '782186130', '2236561042'] ref_chk=['3622778514', '782186130', '2236561042']
deque.push_back large count=262144 reps=51 sample=3 order=CBA bendA=541000000 bendB=399000000 bendC=286000000 refA=599003000 refB=462239000 refC=302624000 bend_chk=['3622778514', '782186130', '2236561042'] ref_chk=['3622778514', '782186130', '2236561042']
deque.push_back large count=262144 reps=51 sample=4 order=ABC bendA=540000000 bendB=416000000 bendC=283000000 refA=582627000 refB=446709000 refC=351708000 bend_chk=['3622778514', '782186130', '2236561042'] ref_chk=['3622778514', '782186130', '2236561042']
deque.push_back large count=262144 reps=51 sample=5 order=CBA bendA=525000000 bendB=393000000 bendC=277000000 refA=597413000 refB=441415000 refC=311333000 bend_chk=['3622778514', '782186130', '2236561042'] ref_chk=['3622778514', '782186130', '2236561042']
deque.peek_front small calibrate count=200000 reps=1 bend_delta=0ns ref_delta=719000ns bendA=1000000ns
deque.peek_front small calibrate count=12800000 reps=1 bend_delta=52000000ns ref_delta=44979000ns bendA=103000000ns
deque.peek_front small calibrate count=25600000 reps=1 bend_delta=96000000ns ref_delta=90694000ns bendA=198000000ns
deque.peek_front small calibrate count=51200000 reps=1 bend_delta=187000000ns ref_delta=181838000ns bendA=412000000ns
deque.peek_front small count=51200000 reps=1 sample=0 order=ABC bendA=415000000 bendB=212000000 bendC=0 refA=360000000 refB=180391000 refC=2000 bend_chk=['2987516810', '1014899594', '2263507850'] ref_chk=['2987516810', '1014899594', '2263507850']
deque.peek_front small count=51200000 reps=1 sample=1 order=CBA bendA=450000000 bendB=205000000 bendC=0 refA=365335000 refB=184159000 refC=2000 bend_chk=['2987516810', '1014899594', '2263507850'] ref_chk=['2987516810', '1014899594', '2263507850']
deque.peek_front small count=51200000 reps=1 sample=2 order=ABC bendA=410000000 bendB=199000000 bendC=0 refA=358659000 refB=179833000 refC=2000 bend_chk=['2987516810', '1014899594', '2263507850'] ref_chk=['2987516810', '1014899594', '2263507850']
deque.peek_front small count=51200000 reps=1 sample=3 order=CBA bendA=429000000 bendB=205000000 bendC=0 refA=360679000 refB=180440000 refC=2000 bend_chk=['2987516810', '1014899594', '2263507850'] ref_chk=['2987516810', '1014899594', '2263507850']
deque.peek_front small count=51200000 reps=1 sample=4 order=ABC bendA=434000000 bendB=211000000 bendC=0 refA=360439000 refB=179751000 refC=1000 bend_chk=['2987516810', '1014899594', '2263507850'] ref_chk=['2987516810', '1014899594', '2263507850']
deque.peek_front small count=51200000 reps=1 sample=5 order=CBA bendA=399000000 bendB=199000000 bendC=0 refA=359580000 refB=181352000 refC=1000 bend_chk=['2987516810', '1014899594', '2263507850'] ref_chk=['2987516810', '1014899594', '2263507850']
deque.peek_front medium calibrate count=100000 reps=1 bend_delta=0ns ref_delta=367000ns bendA=1000000ns
deque.peek_front medium calibrate count=6400000 reps=1 bend_delta=25000000ns ref_delta=22536000ns bendA=49000000ns
deque.peek_front medium calibrate count=32000000 reps=1 bend_delta=121000000ns ref_delta=112568000ns bendA=246000000ns
deque.peek_front medium count=32000000 reps=1 sample=0 order=ABC bendA=259000000 bendB=126000000 bendC=0 refA=223488000 refB=112286000 refC=121000 bend_chk=['783894217', '2096467657', '1781651145'] ref_chk=['783894217', '2096467657', '1781651145']
deque.peek_front medium count=32000000 reps=1 sample=1 order=CBA bendA=264000000 bendB=123000000 bendC=0 refA=226223000 refB=111812000 refC=96000 bend_chk=['783894217', '2096467657', '1781651145'] ref_chk=['783894217', '2096467657', '1781651145']
deque.peek_front medium count=32000000 reps=1 sample=2 order=ABC bendA=263000000 bendB=129000000 bendC=0 refA=225897000 refB=111027000 refC=96000 bend_chk=['783894217', '2096467657', '1781651145'] ref_chk=['783894217', '2096467657', '1781651145']
deque.peek_front medium count=32000000 reps=1 sample=3 order=CBA bendA=263000000 bendB=121000000 bendC=0 refA=225200000 refB=114258000 refC=100000 bend_chk=['783894217', '2096467657', '1781651145'] ref_chk=['783894217', '2096467657', '1781651145']
deque.peek_front medium count=32000000 reps=1 sample=4 order=ABC bendA=256000000 bendB=139000000 bendC=0 refA=226223000 refB=112958000 refC=160000 bend_chk=['783894217', '2096467657', '1781651145'] ref_chk=['783894217', '2096467657', '1781651145']
deque.peek_front medium count=32000000 reps=1 sample=5 order=CBA bendA=262000000 bendB=126000000 bendC=0 refA=225272000 refB=111131000 refC=95000 bend_chk=['783894217', '2096467657', '1781651145'] ref_chk=['783894217', '2096467657', '1781651145']
deque.peek_front large calibrate count=50000 reps=1 bend_delta=3000000ns ref_delta=327000ns bendA=9000000ns
deque.peek_front large calibrate count=1700000 reps=1 bend_delta=7000000ns ref_delta=5907000ns bendA=20000000ns
deque.peek_front large calibrate count=25500000 reps=1 bend_delta=104000000ns ref_delta=89992000ns bendA=211000000ns
deque.peek_front large count=25500000 reps=1 sample=0 order=ABC bendA=203000000 bendB=104000000 bendC=5000000 refA=187957000 refB=97132000 refC=7653000 bend_chk=['36818216', '379817480', '3747512040'] ref_chk=['36818216', '379817480', '3747512040']
deque.peek_front large count=25500000 reps=1 sample=1 order=CBA bendA=215000000 bendB=111000000 bendC=6000000 refA=186506000 refB=96024000 refC=5876000 bend_chk=['36818216', '379817480', '3747512040'] ref_chk=['36818216', '379817480', '3747512040']
deque.peek_front large count=25500000 reps=1 sample=2 order=ABC bendA=207000000 bendB=110000000 bendC=5000000 refA=187272000 refB=97428000 refC=7628000 bend_chk=['36818216', '379817480', '3747512040'] ref_chk=['36818216', '379817480', '3747512040']
deque.peek_front large count=25500000 reps=1 sample=3 order=CBA bendA=207000000 bendB=103000000 bendC=7000000 refA=188448000 refB=96142000 refC=5988000 bend_chk=['36818216', '379817480', '3747512040'] ref_chk=['36818216', '379817480', '3747512040']
deque.peek_front large count=25500000 reps=1 sample=4 order=ABC bendA=216000000 bendB=110000000 bendC=5000000 refA=186690000 refB=94859000 refC=5865000 bend_chk=['36818216', '379817480', '3747512040'] ref_chk=['36818216', '379817480', '3747512040']
deque.peek_front large count=25500000 reps=1 sample=5 order=CBA bendA=203000000 bendB=109000000 bendC=6000000 refA=186487000 refB=95970000 refC=6137000 bend_chk=['36818216', '379817480', '3747512040'] ref_chk=['36818216', '379817480', '3747512040']
deque.peek_back small calibrate count=200000 reps=1 bend_delta=0ns ref_delta=702000ns bendA=1000000ns
deque.peek_back small calibrate count=12800000 reps=1 bend_delta=46000000ns ref_delta=43954000ns bendA=102000000ns
deque.peek_back small calibrate count=38400000 reps=1 bend_delta=137000000ns ref_delta=126675000ns bendA=301000000ns
deque.peek_back small count=38400000 reps=1 sample=0 order=ABC bendA=306000000 bendB=160000000 bendC=0 refA=266864000 refB=135107000 refC=2000 bend_chk=['3183465831', '2202551655', '3838883175'] ref_chk=['3183465831', '2202551655', '3838883175']
deque.peek_back small count=38400000 reps=1 sample=1 order=CBA bendA=310000000 bendB=158000000 bendC=0 refA=268666000 refB=133748000 refC=1000 bend_chk=['3183465831', '2202551655', '3838883175'] ref_chk=['3183465831', '2202551655', '3838883175']
deque.peek_back small count=38400000 reps=1 sample=2 order=ABC bendA=298000000 bendB=160000000 bendC=0 refA=271373000 refB=135988000 refC=2000 bend_chk=['3183465831', '2202551655', '3838883175'] ref_chk=['3183465831', '2202551655', '3838883175']
deque.peek_back small count=38400000 reps=1 sample=3 order=CBA bendA=297000000 bendB=147000000 bendC=0 refA=269334000 refB=133632000 refC=2000 bend_chk=['3183465831', '2202551655', '3838883175'] ref_chk=['3183465831', '2202551655', '3838883175']
deque.peek_back small count=38400000 reps=1 sample=4 order=ABC bendA=300000000 bendB=157000000 bendC=0 refA=270367000 refB=135430000 refC=6000 bend_chk=['3183465831', '2202551655', '3838883175'] ref_chk=['3183465831', '2202551655', '3838883175']
deque.peek_back small count=38400000 reps=1 sample=5 order=CBA bendA=309000000 bendB=152000000 bendC=0 refA=269685000 refB=133132000 refC=1000 bend_chk=['3183465831', '2202551655', '3838883175'] ref_chk=['3183465831', '2202551655', '3838883175']
deque.peek_back medium calibrate count=100000 reps=1 bend_delta=0ns ref_delta=368000ns bendA=1000000ns
deque.peek_back medium calibrate count=6400000 reps=1 bend_delta=26000000ns ref_delta=22210000ns bendA=51000000ns
deque.peek_back medium calibrate count=25600000 reps=1 bend_delta=113000000ns ref_delta=90875000ns bendA=218000000ns
deque.peek_back medium count=25600000 reps=1 sample=0 order=ABC bendA=195000000 bendB=99000000 bendC=0 refA=184576000 refB=91920000 refC=94000 bend_chk=['777647910', '3719829286', '1024866086'] ref_chk=['777647910', '3719829286', '1024866086']
deque.peek_back medium count=25600000 reps=1 sample=1 order=CBA bendA=209000000 bendB=108000000 bendC=0 refA=179719000 refB=92891000 refC=105000 bend_chk=['777647910', '3719829286', '1024866086'] ref_chk=['777647910', '3719829286', '1024866086']
deque.peek_back medium count=25600000 reps=1 sample=2 order=ABC bendA=217000000 bendB=111000000 bendC=0 refA=181135000 refB=89903000 refC=89000 bend_chk=['777647910', '3719829286', '1024866086'] ref_chk=['777647910', '3719829286', '1024866086']
deque.peek_back medium count=25600000 reps=1 sample=3 order=CBA bendA=202000000 bendB=115000000 bendC=0 refA=179010000 refB=89136000 refC=92000 bend_chk=['777647910', '3719829286', '1024866086'] ref_chk=['777647910', '3719829286', '1024866086']
deque.peek_back medium count=25600000 reps=1 sample=4 order=ABC bendA=219000000 bendB=118000000 bendC=0 refA=180121000 refB=90614000 refC=91000 bend_chk=['777647910', '3719829286', '1024866086'] ref_chk=['777647910', '3719829286', '1024866086']
deque.peek_back medium count=25600000 reps=1 sample=5 order=CBA bendA=216000000 bendB=101000000 bendC=1000000 refA=178251000 refB=90577000 refC=93000 bend_chk=['777647910', '3719829286', '1024866086'] ref_chk=['777647910', '3719829286', '1024866086']
deque.peek_back large calibrate count=50000 reps=1 bend_delta=0ns ref_delta=364000ns bendA=6000000ns
deque.peek_back large calibrate count=3200000 reps=1 bend_delta=14000000ns ref_delta=11973000ns bendA=31000000ns
deque.peek_back large calibrate count=25600000 reps=1 bend_delta=87000000ns ref_delta=89978000ns bendA=209000000ns
deque.peek_back large calibrate count=51200000 reps=1 bend_delta=230000000ns ref_delta=181619000ns bendA=429000000ns
deque.peek_back large count=51200000 reps=1 sample=0 order=ABC bendA=399000000 bendB=214000000 bendC=5000000 refA=364615000 refB=191202000 refC=8360000 bend_chk=['4145807173', '3888725829', '2557902661'] ref_chk=['4145807173', '3888725829', '2557902661']
deque.peek_back large count=51200000 reps=1 sample=1 order=CBA bendA=425000000 bendB=218000000 bendC=7000000 refA=365026000 refB=184661000 refC=6533000 bend_chk=['4145807173', '3888725829', '2557902661'] ref_chk=['4145807173', '3888725829', '2557902661']
deque.peek_back large count=51200000 reps=1 sample=2 order=ABC bendA=417000000 bendB=224000000 bendC=5000000 refA=366788000 refB=185394000 refC=5761000 bend_chk=['4145807173', '3888725829', '2557902661'] ref_chk=['4145807173', '3888725829', '2557902661']
deque.peek_back large count=51200000 reps=1 sample=3 order=CBA bendA=411000000 bendB=199000000 bendC=7000000 refA=366653000 refB=186049000 refC=5933000 bend_chk=['4145807173', '3888725829', '2557902661'] ref_chk=['4145807173', '3888725829', '2557902661']
deque.peek_back large count=51200000 reps=1 sample=4 order=ABC bendA=408000000 bendB=209000000 bendC=6000000 refA=367153000 refB=186336000 refC=5833000 bend_chk=['4145807173', '3888725829', '2557902661'] ref_chk=['4145807173', '3888725829', '2557902661']
deque.peek_back large count=51200000 reps=1 sample=5 order=CBA bendA=413000000 bendB=206000000 bendC=6000000 refA=369766000 refB=188728000 refC=5893000 bend_chk=['4145807173', '3888725829', '2557902661'] ref_chk=['4145807173', '3888725829', '2557902661']
deque.length small calibrate count=200000 reps=1 bend_delta=1000000ns ref_delta=505000ns bendA=1000000ns
deque.length small calibrate count=12800000 reps=1 bend_delta=13000000ns ref_delta=32373000ns bendA=26000000ns
deque.length small calibrate count=102400000 reps=1 bend_delta=105000000ns ref_delta=257213000ns bendA=208000000ns
deque.length small count=102400000 reps=1 sample=0 order=ABC bendA=207000000 bendB=103000000 bendC=0 refA=515533000 refB=258143000 refC=2000 bend_chk=['3531474756', '2325382980', '1119291204'] ref_chk=['3531474756', '2325382980', '1119291204']
deque.length small count=102400000 reps=1 sample=1 order=CBA bendA=207000000 bendB=104000000 bendC=0 refA=515728000 refB=257707000 refC=1000 bend_chk=['3531474756', '2325382980', '1119291204'] ref_chk=['3531474756', '2325382980', '1119291204']
deque.length small count=102400000 reps=1 sample=2 order=ABC bendA=209000000 bendB=103000000 bendC=0 refA=515897000 refB=258168000 refC=5000 bend_chk=['3531474756', '2325382980', '1119291204'] ref_chk=['3531474756', '2325382980', '1119291204']
deque.length small count=102400000 reps=1 sample=3 order=CBA bendA=208000000 bendB=104000000 bendC=0 refA=515835000 refB=258591000 refC=1000 bend_chk=['3531474756', '2325382980', '1119291204'] ref_chk=['3531474756', '2325382980', '1119291204']
deque.length small count=102400000 reps=1 sample=4 order=ABC bendA=207000000 bendB=104000000 bendC=0 refA=516469000 refB=258357000 refC=6000 bend_chk=['3531474756', '2325382980', '1119291204'] ref_chk=['3531474756', '2325382980', '1119291204']
deque.length small count=102400000 reps=1 sample=5 order=CBA bendA=208000000 bendB=103000000 bendC=0 refA=517140000 refB=257743000 refC=2000 bend_chk=['3531474756', '2325382980', '1119291204'] ref_chk=['3531474756', '2325382980', '1119291204']
deque.length medium calibrate count=100000 reps=1 bend_delta=-1000000ns ref_delta=266000ns bendA=0ns
deque.length medium calibrate count=6400000 reps=1 bend_delta=6000000ns ref_delta=16431000ns bendA=13000000ns
deque.length medium calibrate count=108800000 reps=1 bend_delta=110000000ns ref_delta=275589000ns bendA=221000000ns
deque.length medium count=108800000 reps=1 sample=0 order=ABC bendA=221000000 bendB=110000000 bendC=1000000 refA=552538000 refB=273834000 refC=93000 bend_chk=['1286129539', '785493891', '268081027'] ref_chk=['1286129539', '785493891', '268081027']
deque.length medium count=108800000 reps=1 sample=1 order=CBA bendA=221000000 bendB=111000000 bendC=0 refA=548236000 refB=274159000 refC=107000 bend_chk=['1286129539', '785493891', '268081027'] ref_chk=['1286129539', '785493891', '268081027']
deque.length medium count=108800000 reps=1 sample=2 order=ABC bendA=222000000 bendB=110000000 bendC=0 refA=548316000 refB=273948000 refC=102000 bend_chk=['1286129539', '785493891', '268081027'] ref_chk=['1286129539', '785493891', '268081027']
deque.length medium count=108800000 reps=1 sample=3 order=CBA bendA=221000000 bendB=110000000 bendC=0 refA=547786000 refB=274051000 refC=93000 bend_chk=['1286129539', '785493891', '268081027'] ref_chk=['1286129539', '785493891', '268081027']
deque.length medium count=108800000 reps=1 sample=4 order=ABC bendA=221000000 bendB=110000000 bendC=0 refA=548441000 refB=274016000 refC=89000 bend_chk=['1286129539', '785493891', '268081027'] ref_chk=['1286129539', '785493891', '268081027']
deque.length medium count=108800000 reps=1 sample=5 order=CBA bendA=221000000 bendB=112000000 bendC=0 refA=548175000 refB=273902000 refC=96000 bend_chk=['1286129539', '785493891', '268081027'] ref_chk=['1286129539', '785493891', '268081027']
deque.length large calibrate count=50000 reps=1 bend_delta=2000000ns ref_delta=389000ns bendA=7000000ns
deque.length large calibrate count=2550000 reps=1 bend_delta=2000000ns ref_delta=6738000ns bendA=10000000ns
deque.length large calibrate count=130050000 reps=1 bend_delta=138000000ns ref_delta=330476000ns bendA=277000000ns
deque.length large count=130050000 reps=1 sample=0 order=ABC bendA=269000000 bendB=137000000 bendC=5000000 refA=662132000 refB=333545000 refC=5792000 bend_chk=['399214210', '1161735442', '1368293282'] ref_chk=['399214210', '1161735442', '1368293282']
deque.length large count=130050000 reps=1 sample=1 order=CBA bendA=269000000 bendB=137000000 bendC=6000000 refA=660648000 refB=334057000 refC=6719000 bend_chk=['399214210', '1161735442', '1368293282'] ref_chk=['399214210', '1161735442', '1368293282']
deque.length large count=130050000 reps=1 sample=2 order=ABC bendA=272000000 bendB=137000000 bendC=5000000 refA=661277000 refB=335030000 refC=5982000 bend_chk=['399214210', '1161735442', '1368293282'] ref_chk=['399214210', '1161735442', '1368293282']
deque.length large count=130050000 reps=1 sample=3 order=CBA bendA=268000000 bendB=137000000 bendC=7000000 refA=661613000 refB=335468000 refC=6135000 bend_chk=['399214210', '1161735442', '1368293282'] ref_chk=['399214210', '1161735442', '1368293282']
deque.length large count=130050000 reps=1 sample=4 order=ABC bendA=269000000 bendB=137000000 bendC=5000000 refA=664914000 refB=335112000 refC=5915000 bend_chk=['399214210', '1161735442', '1368293282'] ref_chk=['399214210', '1161735442', '1368293282']
deque.length large count=130050000 reps=1 sample=5 order=CBA bendA=270000000 bendB=137000000 bendC=7000000 refA=663390000 refB=334692000 refC=6052000 bend_chk=['399214210', '1161735442', '1368293282'] ref_chk=['399214210', '1161735442', '1368293282']
deque.to_list small calibrate count=20000 reps=1 bend_delta=14000000ns ref_delta=13946000ns bendA=27000000ns
deque.to_list small calibrate count=160000 reps=1 bend_delta=98000000ns ref_delta=108294000ns bendA=205000000ns
deque.to_list small calibrate count=320000 reps=1 bend_delta=203000000ns ref_delta=230142000ns bendA=411000000ns
deque.to_list small count=320000 reps=1 sample=0 order=ABC bendA=420000000 bendB=214000000 bendC=0 refA=443684000 refB=221809000 refC=1000 bend_chk=['4249523489', '3212572449', '2694666529'] ref_chk=['4249523489', '3212572449', '2694666529']
deque.to_list small count=320000 reps=1 sample=1 order=CBA bendA=437000000 bendB=210000000 bendC=0 refA=425264000 refB=222726000 refC=2000 bend_chk=['4249523489', '3212572449', '2694666529'] ref_chk=['4249523489', '3212572449', '2694666529']
deque.to_list small count=320000 reps=1 sample=2 order=ABC bendA=421000000 bendB=217000000 bendC=0 refA=402065000 refB=223561000 refC=1000 bend_chk=['4249523489', '3212572449', '2694666529'] ref_chk=['4249523489', '3212572449', '2694666529']
deque.to_list small count=320000 reps=1 sample=3 order=CBA bendA=422000000 bendB=211000000 bendC=0 refA=414482000 refB=195633000 refC=1000 bend_chk=['4249523489', '3212572449', '2694666529'] ref_chk=['4249523489', '3212572449', '2694666529']
deque.to_list small count=320000 reps=1 sample=4 order=ABC bendA=434000000 bendB=221000000 bendC=0 refA=397432000 refB=209009000 refC=1000 bend_chk=['4249523489', '3212572449', '2694666529'] ref_chk=['4249523489', '3212572449', '2694666529']
deque.to_list small count=320000 reps=1 sample=5 order=CBA bendA=438000000 bendB=214000000 bendC=0 refA=411215000 refB=220646000 refC=1000 bend_chk=['4249523489', '3212572449', '2694666529'] ref_chk=['4249523489', '3212572449', '2694666529']
deque.to_list medium calibrate count=1000 reps=1 bend_delta=49000000ns ref_delta=42841000ns bendA=94000000ns
deque.to_list medium calibrate count=3000 reps=1 bend_delta=155000000ns ref_delta=137558000ns bendA=293000000ns
deque.to_list medium count=3000 reps=1 sample=0 order=ABC bendA=285000000 bendB=152000000 bendC=0 refA=287854000 refB=143179000 refC=97000 bend_chk=['3060629680', '1425395400', '3806263264'] ref_chk=['3060629680', '1425395400', '3806263264']
deque.to_list medium count=3000 reps=1 sample=1 order=CBA bendA=292000000 bendB=142000000 bendC=0 refA=285991000 refB=137034000 refC=94000 bend_chk=['3060629680', '1425395400', '3806263264'] ref_chk=['3060629680', '1425395400', '3806263264']
deque.to_list medium count=3000 reps=1 sample=2 order=ABC bendA=275000000 bendB=136000000 bendC=1000000 refA=273854000 refB=140575000 refC=86000 bend_chk=['3060629680', '1425395400', '3806263264'] ref_chk=['3060629680', '1425395400', '3806263264']
deque.to_list medium count=3000 reps=1 sample=3 order=CBA bendA=280000000 bendB=133000000 bendC=0 refA=264391000 refB=136243000 refC=96000 bend_chk=['3060629680', '1425395400', '3806263264'] ref_chk=['3060629680', '1425395400', '3806263264']
deque.to_list medium count=3000 reps=1 sample=4 order=ABC bendA=280000000 bendB=135000000 bendC=0 refA=273729000 refB=135853000 refC=87000 bend_chk=['3060629680', '1425395400', '3806263264'] ref_chk=['3060629680', '1425395400', '3806263264']
deque.to_list medium count=3000 reps=1 sample=5 order=CBA bendA=276000000 bendB=132000000 bendC=0 refA=274868000 refB=137473000 refC=93000 bend_chk=['3060629680', '1425395400', '3806263264'] ref_chk=['3060629680', '1425395400', '3806263264']
deque.to_list large calibrate count=50 reps=1 bend_delta=160000000ns ref_delta=146845000ns bendA=309000000ns
deque.to_list large count=50 reps=1 sample=0 order=ABC bendA=308000000 bendB=152000000 bendC=5000000 refA=303995000 refB=158486000 refC=6339000 bend_chk=['853520987', '3303415093', '178683903'] ref_chk=['853520987', '3303415093', '178683903']
deque.to_list large count=50 reps=1 sample=1 order=CBA bendA=297000000 bendB=148000000 bendC=7000000 refA=311347000 refB=156463000 refC=6313000 bend_chk=['853520987', '3303415093', '178683903'] ref_chk=['853520987', '3303415093', '178683903']
deque.to_list large count=50 reps=1 sample=2 order=ABC bendA=295000000 bendB=148000000 bendC=5000000 refA=315075000 refB=154314000 refC=5683000 bend_chk=['853520987', '3303415093', '178683903'] ref_chk=['853520987', '3303415093', '178683903']
deque.to_list large count=50 reps=1 sample=3 order=CBA bendA=292000000 bendB=144000000 bendC=7000000 refA=318212000 refB=156016000 refC=5926000 bend_chk=['853520987', '3303415093', '178683903'] ref_chk=['853520987', '3303415093', '178683903']
deque.to_list large count=50 reps=1 sample=4 order=ABC bendA=303000000 bendB=150000000 bendC=5000000 refA=319546000 refB=163964000 refC=5922000 bend_chk=['853520987', '3303415093', '178683903'] ref_chk=['853520987', '3303415093', '178683903']
deque.to_list large count=50 reps=1 sample=5 order=CBA bendA=304000000 bendB=153000000 bendC=7000000 refA=312141000 refB=150930000 refC=5872000 bend_chk=['853520987', '3303415093', '178683903'] ref_chk=['853520987', '3303415093', '178683903']
deque.pop_front small calibrate count=200000 reps=1 bend_delta=1000000ns ref_delta=1993000ns bendA=2000000ns
deque.pop_front small calibrate count=12800000 reps=1 bend_delta=66000000ns ref_delta=108498000ns bendA=133000000ns
deque.pop_front small calibrate count=25600000 reps=1 bend_delta=126000000ns ref_delta=246661000ns bendA=257000000ns
deque.pop_front small count=25600000 reps=1 sample=0 order=ABC bendA=253000000 bendB=131000000 bendC=0 refA=515591000 refB=274186000 refC=2000 bend_chk=['1393093374', '348539646', '4270041854'] ref_chk=['1393093374', '348539646', '4270041854']
deque.pop_front small count=25600000 reps=1 sample=1 order=CBA bendA=263000000 bendB=130000000 bendC=0 refA=534238000 refB=253710000 refC=1000 bend_chk=['1393093374', '348539646', '4270041854'] ref_chk=['1393093374', '348539646', '4270041854']
deque.pop_front small count=25600000 reps=1 sample=2 order=ABC bendA=262000000 bendB=134000000 bendC=0 refA=503434000 refB=255440000 refC=1000 bend_chk=['1393093374', '348539646', '4270041854'] ref_chk=['1393093374', '348539646', '4270041854']
deque.pop_front small count=25600000 reps=1 sample=3 order=CBA bendA=279000000 bendB=125000000 bendC=0 refA=523651000 refB=260844000 refC=1000 bend_chk=['1393093374', '348539646', '4270041854'] ref_chk=['1393093374', '348539646', '4270041854']
deque.pop_front small count=25600000 reps=1 sample=4 order=ABC bendA=261000000 bendB=136000000 bendC=0 refA=498749000 refB=258835000 refC=1000 bend_chk=['1393093374', '348539646', '4270041854'] ref_chk=['1393093374', '348539646', '4270041854']
deque.pop_front small count=25600000 reps=1 sample=5 order=CBA bendA=265000000 bendB=128000000 bendC=0 refA=512682000 refB=255467000 refC=1000 bend_chk=['1393093374', '348539646', '4270041854'] ref_chk=['1393093374', '348539646', '4270041854']
deque.pop_front medium calibrate count=100000 reps=1 bend_delta=1000000ns ref_delta=979000ns bendA=1000000ns
deque.pop_front medium calibrate count=6400000 reps=1 bend_delta=29000000ns ref_delta=65529000ns bendA=62000000ns
deque.pop_front medium calibrate count=25600000 reps=1 bend_delta=127000000ns ref_delta=234300000ns bendA=257000000ns
deque.pop_front medium count=25600000 reps=1 sample=0 order=ABC bendA=260000000 bendB=133000000 bendC=0 refA=509623000 refB=241000000 refC=98000 bend_chk=['2417875005', '4277180477', '3049478205'] ref_chk=['2417875005', '4277180477', '3049478205']
deque.pop_front medium count=25600000 reps=1 sample=1 order=CBA bendA=255000000 bendB=135000000 bendC=0 refA=502947000 refB=249560000 refC=105000 bend_chk=['2417875005', '4277180477', '3049478205'] ref_chk=['2417875005', '4277180477', '3049478205']
deque.pop_front medium count=25600000 reps=1 sample=2 order=ABC bendA=253000000 bendB=128000000 bendC=1000000 refA=495738000 refB=254094000 refC=104000 bend_chk=['2417875005', '4277180477', '3049478205'] ref_chk=['2417875005', '4277180477', '3049478205']
deque.pop_front medium count=25600000 reps=1 sample=3 order=CBA bendA=269000000 bendB=135000000 bendC=0 refA=506800000 refB=266381000 refC=92000 bend_chk=['2417875005', '4277180477', '3049478205'] ref_chk=['2417875005', '4277180477', '3049478205']
deque.pop_front medium count=25600000 reps=1 sample=4 order=ABC bendA=260000000 bendB=146000000 bendC=0 refA=511635000 refB=247917000 refC=91000 bend_chk=['2417875005', '4277180477', '3049478205'] ref_chk=['2417875005', '4277180477', '3049478205']
deque.pop_front medium count=25600000 reps=1 sample=5 order=CBA bendA=260000000 bendB=129000000 bendC=0 refA=511882000 refB=257441000 refC=94000 bend_chk=['2417875005', '4277180477', '3049478205'] ref_chk=['2417875005', '4277180477', '3049478205']
deque.pop_front large calibrate count=50000 reps=1 bend_delta=2000000ns ref_delta=749000ns bendA=7000000ns
deque.pop_front large calibrate count=2550000 reps=1 bend_delta=17000000ns ref_delta=23011000ns bendA=40000000ns
deque.pop_front large calibrate count=15300000 reps=1 bend_delta=107000000ns ref_delta=139165000ns bendA=221000000ns
deque.pop_front large count=15300000 reps=1 sample=0 order=ABC bendA=237000000 bendB=119000000 bendC=6000000 refA=342084000 refB=186983000 refC=7630000 bend_chk=['307325468', '3367239996', '3284041820'] ref_chk=['307325468', '3367239996', '3284041820']
deque.pop_front large count=15300000 reps=1 sample=1 order=CBA bendA=238000000 bendB=121000000 bendC=9000000 refA=335912000 refB=173189000 refC=6725000 bend_chk=['307325468', '3367239996', '3284041820'] ref_chk=['307325468', '3367239996', '3284041820']
deque.pop_front large count=15300000 reps=1 sample=2 order=ABC bendA=253000000 bendB=129000000 bendC=6000000 refA=344842000 refB=171220000 refC=6216000 bend_chk=['307325468', '3367239996', '3284041820'] ref_chk=['307325468', '3367239996', '3284041820']
deque.pop_front large count=15300000 reps=1 sample=3 order=CBA bendA=243000000 bendB=121000000 bendC=7000000 refA=316796000 refB=168322000 refC=6139000 bend_chk=['307325468', '3367239996', '3284041820'] ref_chk=['307325468', '3367239996', '3284041820']
deque.pop_front large count=15300000 reps=1 sample=4 order=ABC bendA=230000000 bendB=123000000 bendC=5000000 refA=331808000 refB=162915000 refC=6293000 bend_chk=['307325468', '3367239996', '3284041820'] ref_chk=['307325468', '3367239996', '3284041820']
deque.pop_front large count=15300000 reps=1 sample=5 order=CBA bendA=226000000 bendB=112000000 bendC=7000000 refA=313157000 refB=158993000 refC=6026000 bend_chk=['307325468', '3367239996', '3284041820'] ref_chk=['307325468', '3367239996', '3284041820']
deque.pop_back small calibrate count=200000 reps=1 bend_delta=1000000ns ref_delta=1766000ns bendA=2000000ns
deque.pop_back small calibrate count=12800000 reps=1 bend_delta=74000000ns ref_delta=127351000ns bendA=141000000ns
deque.pop_back small calibrate count=25600000 reps=1 bend_delta=132000000ns ref_delta=252590000ns bendA=268000000ns
deque.pop_back small count=25600000 reps=1 sample=0 order=ABC bendA=260000000 bendB=132000000 bendC=0 refA=511103000 refB=246776000 refC=1000 bend_chk=['2036268251', '2799992027', '1550449883'] ref_chk=['2036268251', '2799992027', '1550449883']
deque.pop_back small count=25600000 reps=1 sample=1 order=CBA bendA=259000000 bendB=131000000 bendC=0 refA=506602000 refB=250249000 refC=2000 bend_chk=['2036268251', '2799992027', '1550449883'] ref_chk=['2036268251', '2799992027', '1550449883']
deque.pop_back small count=25600000 reps=1 sample=2 order=ABC bendA=259000000 bendB=134000000 bendC=0 refA=499774000 refB=249558000 refC=2000 bend_chk=['2036268251', '2799992027', '1550449883'] ref_chk=['2036268251', '2799992027', '1550449883']
deque.pop_back small count=25600000 reps=1 sample=3 order=CBA bendA=265000000 bendB=133000000 bendC=0 refA=502284000 refB=248728000 refC=2000 bend_chk=['2036268251', '2799992027', '1550449883'] ref_chk=['2036268251', '2799992027', '1550449883']
deque.pop_back small count=25600000 reps=1 sample=4 order=ABC bendA=256000000 bendB=134000000 bendC=0 refA=500945000 refB=251411000 refC=1000 bend_chk=['2036268251', '2799992027', '1550449883'] ref_chk=['2036268251', '2799992027', '1550449883']
deque.pop_back small count=25600000 reps=1 sample=5 order=CBA bendA=268000000 bendB=131000000 bendC=0 refA=528825000 refB=273677000 refC=1000 bend_chk=['2036268251', '2799992027', '1550449883'] ref_chk=['2036268251', '2799992027', '1550449883']
deque.pop_back medium calibrate count=100000 reps=1 bend_delta=1000000ns ref_delta=1108000ns bendA=1000000ns
deque.pop_back medium calibrate count=6400000 reps=1 bend_delta=34000000ns ref_delta=62825000ns bendA=65000000ns
deque.pop_back medium calibrate count=19200000 reps=1 bend_delta=103000000ns ref_delta=191576000ns bendA=203000000ns
deque.pop_back medium count=19200000 reps=1 sample=0 order=ABC bendA=197000000 bendB=107000000 bendC=0 refA=394426000 refB=189641000 refC=98000 bend_chk=['384788634', '1351323802', '2292693146'] ref_chk=['384788634', '1351323802', '2292693146']
deque.pop_back medium count=19200000 reps=1 sample=1 order=CBA bendA=205000000 bendB=99000000 bendC=0 refA=374355000 refB=192657000 refC=102000 bend_chk=['384788634', '1351323802', '2292693146'] ref_chk=['384788634', '1351323802', '2292693146']
deque.pop_back medium count=19200000 reps=1 sample=2 order=ABC bendA=197000000 bendB=98000000 bendC=0 refA=376030000 refB=191845000 refC=103000 bend_chk=['384788634', '1351323802', '2292693146'] ref_chk=['384788634', '1351323802', '2292693146']
deque.pop_back medium count=19200000 reps=1 sample=3 order=CBA bendA=198000000 bendB=97000000 bendC=0 refA=385826000 refB=184879000 refC=105000 bend_chk=['384788634', '1351323802', '2292693146'] ref_chk=['384788634', '1351323802', '2292693146']
deque.pop_back medium count=19200000 reps=1 sample=4 order=ABC bendA=193000000 bendB=94000000 bendC=0 refA=370901000 refB=189753000 refC=100000 bend_chk=['384788634', '1351323802', '2292693146'] ref_chk=['384788634', '1351323802', '2292693146']
deque.pop_back medium count=19200000 reps=1 sample=5 order=CBA bendA=196000000 bendB=96000000 bendC=0 refA=376474000 refB=188675000 refC=97000 bend_chk=['384788634', '1351323802', '2292693146'] ref_chk=['384788634', '1351323802', '2292693146']
deque.pop_back large calibrate count=50000 reps=1 bend_delta=2000000ns ref_delta=871000ns bendA=7000000ns
deque.pop_back large calibrate count=2550000 reps=1 bend_delta=18000000ns ref_delta=27253000ns bendA=40000000ns
deque.pop_back large calibrate count=15300000 reps=1 bend_delta=109000000ns ref_delta=146900000ns bendA=220000000ns
deque.pop_back large count=15300000 reps=1 sample=0 order=ABC bendA=223000000 bendB=115000000 bendC=6000000 refA=307645000 refB=165579000 refC=6170000 bend_chk=['3497210937', '3333928569', '2094432441'] ref_chk=['3497210937', '3333928569', '2094432441']
deque.pop_back large count=15300000 reps=1 sample=1 order=CBA bendA=223000000 bendB=112000000 bendC=7000000 refA=309903000 refB=157787000 refC=5789000 bend_chk=['3497210937', '3333928569', '2094432441'] ref_chk=['3497210937', '3333928569', '2094432441']
deque.pop_back large count=15300000 reps=1 sample=2 order=ABC bendA=233000000 bendB=118000000 bendC=5000000 refA=311375000 refB=157156000 refC=6178000 bend_chk=['3497210937', '3333928569', '2094432441'] ref_chk=['3497210937', '3333928569', '2094432441']
deque.pop_back large count=15300000 reps=1 sample=3 order=CBA bendA=230000000 bendB=116000000 bendC=6000000 refA=310526000 refB=171808000 refC=6445000 bend_chk=['3497210937', '3333928569', '2094432441'] ref_chk=['3497210937', '3333928569', '2094432441']
deque.pop_back large count=15300000 reps=1 sample=4 order=ABC bendA=226000000 bendB=113000000 bendC=6000000 refA=312694000 refB=153695000 refC=6474000 bend_chk=['3497210937', '3333928569', '2094432441'] ref_chk=['3497210937', '3333928569', '2094432441']
deque.pop_back large count=15300000 reps=1 sample=5 order=CBA bendA=225000000 bendB=114000000 bendC=7000000 refA=303407000 refB=155735000 refC=6288000 bend_chk=['3497210937', '3333928569', '2094432441'] ref_chk=['3497210937', '3333928569', '2094432441']
deque.new small calibrate count=200000 reps=1 bend_delta=0ns ref_delta=249000ns bendA=0ns
deque.new small calibrate count=12800000 reps=1 bend_delta=13000000ns ref_delta=15780000ns bendA=26000000ns
deque.new small calibrate count=102400000 reps=1 bend_delta=102000000ns ref_delta=127611000ns bendA=206000000ns
deque.new small count=102400000 reps=1 sample=0 order=ABC bendA=207000000 bendB=103000000 bendC=0 refA=255741000 refB=129902000 refC=5000 bend_chk=['3106361016', '3116093112', '3125825208'] ref_chk=['3106361016', '3116093112', '3125825208']
deque.new small count=102400000 reps=1 sample=1 order=CBA bendA=206000000 bendB=103000000 bendC=0 refA=255467000 refB=127328000 refC=1000 bend_chk=['3106361016', '3116093112', '3125825208'] ref_chk=['3106361016', '3116093112', '3125825208']
deque.new small count=102400000 reps=1 sample=2 order=ABC bendA=207000000 bendB=104000000 bendC=0 refA=258577000 refB=127366000 refC=6000 bend_chk=['3106361016', '3116093112', '3125825208'] ref_chk=['3106361016', '3116093112', '3125825208']
deque.new small count=102400000 reps=1 sample=3 order=CBA bendA=206000000 bendB=103000000 bendC=0 refA=258140000 refB=128032000 refC=1000 bend_chk=['3106361016', '3116093112', '3125825208'] ref_chk=['3106361016', '3116093112', '3125825208']
deque.new small count=102400000 reps=1 sample=4 order=ABC bendA=206000000 bendB=103000000 bendC=0 refA=254763000 refB=132096000 refC=4000 bend_chk=['3106361016', '3116093112', '3125825208'] ref_chk=['3106361016', '3116093112', '3125825208']
deque.new small count=102400000 reps=1 sample=5 order=CBA bendA=207000000 bendB=104000000 bendC=0 refA=263610000 refB=127085000 refC=1000 bend_chk=['3106361016', '3116093112', '3125825208'] ref_chk=['3106361016', '3116093112', '3125825208']
deque.new medium calibrate count=200000 reps=1 bend_delta=-1000000ns ref_delta=262000ns bendA=0ns
deque.new medium calibrate count=12800000 reps=1 bend_delta=13000000ns ref_delta=15992000ns bendA=26000000ns
deque.new medium calibrate count=102400000 reps=1 bend_delta=104000000ns ref_delta=124722000ns bendA=207000000ns
deque.new medium count=102400000 reps=1 sample=0 order=ABC bendA=207000000 bendB=103000000 bendC=1000000 refA=268363000 refB=139646000 refC=124000 bend_chk=['1045371127', '1290639607', '1535908087'] ref_chk=['1045371127', '1290639607', '1535908087']
deque.new medium count=102400000 reps=1 sample=1 order=CBA bendA=207000000 bendB=104000000 bendC=0 refA=262000000 refB=128058000 refC=93000 bend_chk=['1045371127', '1290639607', '1535908087'] ref_chk=['1045371127', '1290639607', '1535908087']
deque.new medium count=102400000 reps=1 sample=2 order=ABC bendA=210000000 bendB=103000000 bendC=1000000 refA=258983000 refB=133742000 refC=99000 bend_chk=['1045371127', '1290639607', '1535908087'] ref_chk=['1045371127', '1290639607', '1535908087']
deque.new medium count=102400000 reps=1 sample=3 order=CBA bendA=209000000 bendB=107000000 bendC=0 refA=263954000 refB=134508000 refC=93000 bend_chk=['1045371127', '1290639607', '1535908087'] ref_chk=['1045371127', '1290639607', '1535908087']
deque.new medium count=102400000 reps=1 sample=4 order=ABC bendA=207000000 bendB=104000000 bendC=0 refA=258522000 refB=131574000 refC=91000 bend_chk=['1045371127', '1290639607', '1535908087'] ref_chk=['1045371127', '1290639607', '1535908087']
deque.new medium count=102400000 reps=1 sample=5 order=CBA bendA=206000000 bendB=104000000 bendC=0 refA=260126000 refB=127744000 refC=97000 bend_chk=['1045371127', '1290639607', '1535908087'] ref_chk=['1045371127', '1290639607', '1535908087']
deque.new large calibrate count=50000 reps=1 bend_delta=2000000ns ref_delta=244000ns bendA=7000000ns
deque.new large calibrate count=2550000 reps=1 bend_delta=3000000ns ref_delta=3404000ns bendA=11000000ns
deque.new large calibrate count=86700000 reps=1 bend_delta=88000000ns ref_delta=106702000ns bendA=181000000ns
deque.new large calibrate count=173400000 reps=1 bend_delta=176000000ns ref_delta=219199000ns bendA=357000000ns
deque.new large count=173400000 reps=1 sample=0 order=ABC bendA=358000000 bendB=180000000 bendC=5000000 refA=443881000 refB=222822000 refC=5756000 bend_chk=['3177830294', '1517800534', '904823062'] ref_chk=['3177830294', '1517800534', '904823062']
deque.new large count=173400000 reps=1 sample=1 order=CBA bendA=355000000 bendB=182000000 bendC=6000000 refA=444307000 refB=222574000 refC=6224000 bend_chk=['3177830294', '1517800534', '904823062'] ref_chk=['3177830294', '1517800534', '904823062']
deque.new large count=173400000 reps=1 sample=2 order=ABC bendA=357000000 bendB=180000000 bendC=6000000 refA=448971000 refB=228811000 refC=6699000 bend_chk=['3177830294', '1517800534', '904823062'] ref_chk=['3177830294', '1517800534', '904823062']
deque.new large count=173400000 reps=1 sample=3 order=CBA bendA=356000000 bendB=181000000 bendC=7000000 refA=449385000 refB=225332000 refC=5881000 bend_chk=['3177830294', '1517800534', '904823062'] ref_chk=['3177830294', '1517800534', '904823062']
deque.new large count=173400000 reps=1 sample=4 order=ABC bendA=356000000 bendB=181000000 bendC=5000000 refA=449714000 refB=227969000 refC=6045000 bend_chk=['3177830294', '1517800534', '904823062'] ref_chk=['3177830294', '1517800534', '904823062']
deque.new large count=173400000 reps=1 sample=5 order=CBA bendA=355000000 bendB=180000000 bendC=7000000 refA=451617000 refB=222989000 refC=6114000 bend_chk=['3177830294', '1517800534', '904823062'] ref_chk=['3177830294', '1517800534', '904823062']
deque.new edge-empty calibrate count=200000 reps=1 bend_delta=0ns ref_delta=250000ns bendA=0ns
deque.new edge-empty calibrate count=12800000 reps=1 bend_delta=12000000ns ref_delta=15881000ns bendA=25000000ns
deque.new edge-empty calibrate count=115200000 reps=1 bend_delta=117000000ns ref_delta=144283000ns bendA=233000000ns
deque.new edge-empty count=115200000 reps=1 sample=0 order=ABC bendA=233000000 bendB=116000000 bendC=0 refA=291115000 refB=143277000 refC=0 bend_chk=['749658421', '3898061109', '33077'] ref_chk=['749658421', '3898061109', '33077']
deque.new edge-empty count=115200000 reps=1 sample=1 order=CBA bendA=235000000 bendB=116000000 bendC=0 refA=291854000 refB=143097000 refC=0 bend_chk=['749658421', '3898061109', '33077'] ref_chk=['749658421', '3898061109', '33077']
deque.new edge-empty count=115200000 reps=1 sample=2 order=ABC bendA=232000000 bendB=116000000 bendC=0 refA=288515000 refB=146162000 refC=0 bend_chk=['749658421', '3898061109', '33077'] ref_chk=['749658421', '3898061109', '33077']
deque.new edge-empty count=115200000 reps=1 sample=3 order=CBA bendA=233000000 bendB=116000000 bendC=0 refA=297719000 refB=144486000 refC=1000 bend_chk=['749658421', '3898061109', '33077'] ref_chk=['749658421', '3898061109', '33077']
deque.new edge-empty count=115200000 reps=1 sample=4 order=ABC bendA=234000000 bendB=117000000 bendC=0 refA=294482000 refB=149241000 refC=0 bend_chk=['749658421', '3898061109', '33077'] ref_chk=['749658421', '3898061109', '33077']
deque.new edge-empty count=115200000 reps=1 sample=5 order=CBA bendA=233000000 bendB=116000000 bendC=0 refA=291206000 refB=144920000 refC=0 bend_chk=['749658421', '3898061109', '33077'] ref_chk=['749658421', '3898061109', '33077']
deque.length edge-empty calibrate count=200000 reps=1 bend_delta=1000000ns ref_delta=502000ns bendA=1000000ns
deque.length edge-empty calibrate count=12800000 reps=1 bend_delta=14000000ns ref_delta=32132000ns bendA=26000000ns
deque.length edge-empty calibrate count=102400000 reps=1 bend_delta=105000000ns ref_delta=259680000ns bendA=208000000ns
deque.length edge-empty count=102400000 reps=1 sample=0 order=ABC bendA=207000000 bendB=104000000 bendC=0 refA=516902000 refB=258080000 refC=0 bend_chk=['1602715988', '2948858196', '33108'] ref_chk=['1602715988', '2948858196', '33108']
deque.length edge-empty count=102400000 reps=1 sample=1 order=CBA bendA=206000000 bendB=104000000 bendC=0 refA=517147000 refB=257950000 refC=0 bend_chk=['1602715988', '2948858196', '33108'] ref_chk=['1602715988', '2948858196', '33108']
deque.length edge-empty count=102400000 reps=1 sample=2 order=ABC bendA=207000000 bendB=104000000 bendC=0 refA=517758000 refB=258240000 refC=0 bend_chk=['1602715988', '2948858196', '33108'] ref_chk=['1602715988', '2948858196', '33108']
deque.length edge-empty count=102400000 reps=1 sample=3 order=CBA bendA=206000000 bendB=104000000 bendC=0 refA=521272000 refB=258040000 refC=0 bend_chk=['1602715988', '2948858196', '33108'] ref_chk=['1602715988', '2948858196', '33108']
deque.length edge-empty count=102400000 reps=1 sample=4 order=ABC bendA=207000000 bendB=104000000 bendC=0 refA=518987000 refB=258268000 refC=0 bend_chk=['1602715988', '2948858196', '33108'] ref_chk=['1602715988', '2948858196', '33108']
deque.length edge-empty count=102400000 reps=1 sample=5 order=CBA bendA=207000000 bendB=103000000 bendC=0 refA=516908000 refB=257745000 refC=0 bend_chk=['1602715988', '2948858196', '33108'] ref_chk=['1602715988', '2948858196', '33108']
deque.push_front edge-empty calibrate count=200000 reps=1 bend_delta=2000000ns ref_delta=1994000ns bendA=4000000ns
deque.push_front edge-empty calibrate count=200000 reps=51 bend_delta=93000000ns ref_delta=121189000ns bendA=183000000ns
deque.push_front edge-empty calibrate count=200000 reps=102 bend_delta=203000000ns ref_delta=217036000ns bendA=388000000ns
deque.push_front edge-empty count=200000 reps=102 sample=0 order=ABC bendA=382000000 bendB=194000000 bendC=0 refA=442095000 refB=217761000 refC=0 bend_chk=['4266264851', '1741416979', '2494614291'] ref_chk=['4266264851', '1741416979', '2494614291']
deque.push_front edge-empty count=200000 reps=102 sample=1 order=CBA bendA=377000000 bendB=187000000 bendC=0 refA=441194000 refB=224422000 refC=0 bend_chk=['4266264851', '1741416979', '2494614291'] ref_chk=['4266264851', '1741416979', '2494614291']
deque.push_front edge-empty count=200000 reps=102 sample=2 order=ABC bendA=385000000 bendB=189000000 bendC=0 refA=439488000 refB=230951000 refC=1000 bend_chk=['4266264851', '1741416979', '2494614291'] ref_chk=['4266264851', '1741416979', '2494614291']
deque.push_front edge-empty count=200000 reps=102 sample=3 order=CBA bendA=381000000 bendB=192000000 bendC=0 refA=453419000 refB=226935000 refC=0 bend_chk=['4266264851', '1741416979', '2494614291'] ref_chk=['4266264851', '1741416979', '2494614291']
deque.push_front edge-empty count=200000 reps=102 sample=4 order=ABC bendA=381000000 bendB=184000000 bendC=0 refA=441473000 refB=238266000 refC=1000 bend_chk=['4266264851', '1741416979', '2494614291'] ref_chk=['4266264851', '1741416979', '2494614291']
deque.push_front edge-empty count=200000 reps=102 sample=5 order=CBA bendA=397000000 bendB=196000000 bendC=0 refA=438032000 refB=241633000 refC=0 bend_chk=['4266264851', '1741416979', '2494614291'] ref_chk=['4266264851', '1741416979', '2494614291']
deque.push_back edge-empty calibrate count=200000 reps=1 bend_delta=2000000ns ref_delta=2145000ns bendA=4000000ns
deque.push_back edge-empty calibrate count=200000 reps=51 bend_delta=98000000ns ref_delta=114867000ns bendA=190000000ns
deque.push_back edge-empty calibrate count=200000 reps=102 bend_delta=187000000ns ref_delta=209326000ns bendA=375000000ns
deque.push_back edge-empty count=200000 reps=102 sample=0 order=ABC bendA=379000000 bendB=192000000 bendC=0 refA=449488000 refB=221983000 refC=0 bend_chk=['901277363', '206186419', '1658775731'] ref_chk=['901277363', '206186419', '1658775731']
deque.push_back edge-empty count=200000 reps=102 sample=1 order=CBA bendA=367000000 bendB=178000000 bendC=0 refA=447262000 refB=215400000 refC=0 bend_chk=['901277363', '206186419', '1658775731'] ref_chk=['901277363', '206186419', '1658775731']
deque.push_back edge-empty count=200000 reps=102 sample=2 order=ABC bendA=385000000 bendB=188000000 bendC=0 refA=446751000 refB=224914000 refC=1000 bend_chk=['901277363', '206186419', '1658775731'] ref_chk=['901277363', '206186419', '1658775731']
deque.push_back edge-empty count=200000 reps=102 sample=3 order=CBA bendA=369000000 bendB=189000000 bendC=0 refA=461697000 refB=231899000 refC=0 bend_chk=['901277363', '206186419', '1658775731'] ref_chk=['901277363', '206186419', '1658775731']
deque.push_back edge-empty count=200000 reps=102 sample=4 order=ABC bendA=383000000 bendB=192000000 bendC=0 refA=527136000 refB=250207000 refC=0 bend_chk=['901277363', '206186419', '1658775731'] ref_chk=['901277363', '206186419', '1658775731']
deque.push_back edge-empty count=200000 reps=102 sample=5 order=CBA bendA=395000000 bendB=196000000 bendC=0 refA=517268000 refB=238658000 refC=1000 bend_chk=['901277363', '206186419', '1658775731'] ref_chk=['901277363', '206186419', '1658775731']
deque.pop_front edge-empty calibrate count=200000 reps=1 bend_delta=1000000ns ref_delta=670000ns bendA=2000000ns
deque.pop_front edge-empty calibrate count=200000 reps=64 bend_delta=69000000ns ref_delta=42841000ns bendA=137000000ns
deque.pop_front edge-empty calibrate count=200000 reps=128 bend_delta=283000000ns ref_delta=108630000ns bendA=452000000ns
deque.pop_front edge-empty count=200000 reps=128 sample=0 order=ABC bendA=264000000 bendB=133000000 bendC=0 refA=167341000 refB=86370000 refC=1000 bend_chk=['3695740992', '4130949184', '4100589632'] ref_chk=['3695740992', '4130949184', '4100589632']
deque.pop_front edge-empty count=200000 reps=128 sample=1 order=CBA bendA=271000000 bendB=130000000 bendC=0 refA=167063000 refB=86792000 refC=1000 bend_chk=['3695740992', '4130949184', '4100589632'] ref_chk=['3695740992', '4130949184', '4100589632']
deque.pop_front edge-empty count=200000 reps=128 sample=2 order=ABC bendA=281000000 bendB=139000000 bendC=0 refA=170205000 refB=86167000 refC=0 bend_chk=['3695740992', '4130949184', '4100589632'] ref_chk=['3695740992', '4130949184', '4100589632']
deque.pop_front edge-empty count=200000 reps=128 sample=3 order=CBA bendA=276000000 bendB=138000000 bendC=0 refA=170749000 refB=86034000 refC=1000 bend_chk=['3695740992', '4130949184', '4100589632'] ref_chk=['3695740992', '4130949184', '4100589632']
deque.pop_front edge-empty count=200000 reps=128 sample=4 order=ABC bendA=413000000 bendB=161000000 bendC=0 refA=197520000 refB=91936000 refC=0 bend_chk=['3695740992', '4130949184', '4100589632'] ref_chk=['3695740992', '4130949184', '4100589632']
deque.pop_front edge-empty count=200000 reps=128 sample=5 order=CBA bendA=278000000 bendB=134000000 bendC=0 refA=168042000 refB=85735000 refC=1000 bend_chk=['3695740992', '4130949184', '4100589632'] ref_chk=['3695740992', '4130949184', '4100589632']
deque.pop_back edge-empty calibrate count=200000 reps=1 bend_delta=1000000ns ref_delta=670000ns bendA=2000000ns
deque.pop_back edge-empty calibrate count=200000 reps=64 bend_delta=65000000ns ref_delta=44859000ns bendA=139000000ns
deque.pop_back edge-empty calibrate count=200000 reps=128 bend_delta=138000000ns ref_delta=79104000ns bendA=273000000ns
deque.pop_back edge-empty count=200000 reps=128 sample=0 order=ABC bendA=272000000 bendB=140000000 bendC=0 refA=174589000 refB=88984000 refC=0 bend_chk=['1659404352', '1610694720', '2035941440'] ref_chk=['1659404352', '1610694720', '2035941440']
deque.pop_back edge-empty count=200000 reps=128 sample=1 order=CBA bendA=298000000 bendB=135000000 bendC=0 refA=173726000 refB=85476000 refC=1000 bend_chk=['1659404352', '1610694720', '2035941440'] ref_chk=['1659404352', '1610694720', '2035941440']
deque.pop_back edge-empty count=200000 reps=128 sample=2 order=ABC bendA=329000000 bendB=142000000 bendC=0 refA=183737000 refB=84972000 refC=1000 bend_chk=['1659404352', '1610694720', '2035941440'] ref_chk=['1659404352', '1610694720', '2035941440']
deque.pop_back edge-empty count=200000 reps=128 sample=3 order=CBA bendA=284000000 bendB=155000000 bendC=0 refA=169820000 refB=90223000 refC=0 bend_chk=['1659404352', '1610694720', '2035941440'] ref_chk=['1659404352', '1610694720', '2035941440']
deque.pop_back edge-empty count=200000 reps=128 sample=4 order=ABC bendA=273000000 bendB=133000000 bendC=0 refA=168739000 refB=82163000 refC=0 bend_chk=['1659404352', '1610694720', '2035941440'] ref_chk=['1659404352', '1610694720', '2035941440']
deque.pop_back edge-empty count=200000 reps=128 sample=5 order=CBA bendA=275000000 bendB=134000000 bendC=0 refA=165375000 refB=83472000 refC=1000 bend_chk=['1659404352', '1610694720', '2035941440'] ref_chk=['1659404352', '1610694720', '2035941440']
deque.peek_front edge-empty calibrate count=200000 reps=1 bend_delta=1000000ns ref_delta=680000ns bendA=2000000ns
deque.peek_front edge-empty calibrate count=12800000 reps=1 bend_delta=55000000ns ref_delta=40052000ns bendA=124000000ns
deque.peek_front edge-empty calibrate count=25600000 reps=1 bend_delta=202000000ns ref_delta=105770000ns bendA=349000000ns
deque.peek_front edge-empty count=25600000 reps=1 sample=0 order=ABC bendA=270000000 bendB=132000000 bendC=0 refA=185176000 refB=85973000 refC=0 bend_chk=['4152181231', '2210324975', '33263'] ref_chk=['4152181231', '2210324975', '33263']
deque.peek_front edge-empty count=25600000 reps=1 sample=1 order=CBA bendA=254000000 bendB=118000000 bendC=0 refA=169698000 refB=86194000 refC=0 bend_chk=['4152181231', '2210324975', '33263'] ref_chk=['4152181231', '2210324975', '33263']
deque.peek_front edge-empty count=25600000 reps=1 sample=2 order=ABC bendA=250000000 bendB=128000000 bendC=0 refA=167617000 refB=85036000 refC=0 bend_chk=['4152181231', '2210324975', '33263'] ref_chk=['4152181231', '2210324975', '33263']
deque.peek_front edge-empty count=25600000 reps=1 sample=3 order=CBA bendA=245000000 bendB=128000000 bendC=0 refA=168459000 refB=84180000 refC=1000 bend_chk=['4152181231', '2210324975', '33263'] ref_chk=['4152181231', '2210324975', '33263']
deque.peek_front edge-empty count=25600000 reps=1 sample=4 order=ABC bendA=245000000 bendB=123000000 bendC=0 refA=171506000 refB=86547000 refC=0 bend_chk=['4152181231', '2210324975', '33263'] ref_chk=['4152181231', '2210324975', '33263']
deque.peek_front edge-empty count=25600000 reps=1 sample=5 order=CBA bendA=249000000 bendB=125000000 bendC=0 refA=171137000 refB=84400000 refC=0 bend_chk=['4152181231', '2210324975', '33263'] ref_chk=['4152181231', '2210324975', '33263']
deque.peek_back edge-empty calibrate count=200000 reps=1 bend_delta=1000000ns ref_delta=731000ns bendA=2000000ns
deque.peek_back edge-empty calibrate count=12800000 reps=1 bend_delta=63000000ns ref_delta=42287000ns bendA=121000000ns
deque.peek_back edge-empty calibrate count=25600000 reps=1 bend_delta=128000000ns ref_delta=83873000ns bendA=248000000ns
deque.peek_back edge-empty count=25600000 reps=1 sample=0 order=ABC bendA=245000000 bendB=121000000 bendC=0 refA=165417000 refB=80430000 refC=0 bend_chk=['3879223822', '463233550', '33294'] ref_chk=['3879223822', '463233550', '33294']
deque.peek_back edge-empty count=25600000 reps=1 sample=1 order=CBA bendA=247000000 bendB=120000000 bendC=0 refA=163282000 refB=84091000 refC=0 bend_chk=['3879223822', '463233550', '33294'] ref_chk=['3879223822', '463233550', '33294']
deque.peek_back edge-empty count=25600000 reps=1 sample=2 order=ABC bendA=246000000 bendB=124000000 bendC=0 refA=168914000 refB=83781000 refC=0 bend_chk=['3879223822', '463233550', '33294'] ref_chk=['3879223822', '463233550', '33294']
deque.peek_back edge-empty count=25600000 reps=1 sample=3 order=CBA bendA=248000000 bendB=125000000 bendC=0 refA=170647000 refB=85011000 refC=0 bend_chk=['3879223822', '463233550', '33294'] ref_chk=['3879223822', '463233550', '33294']
deque.peek_back edge-empty count=25600000 reps=1 sample=4 order=ABC bendA=258000000 bendB=131000000 bendC=0 refA=170645000 refB=85221000 refC=0 bend_chk=['3879223822', '463233550', '33294'] ref_chk=['3879223822', '463233550', '33294']
deque.peek_back edge-empty count=25600000 reps=1 sample=5 order=CBA bendA=259000000 bendB=133000000 bendC=0 refA=169793000 refB=85036000 refC=0 bend_chk=['3879223822', '463233550', '33294'] ref_chk=['3879223822', '463233550', '33294']
deque.to_list edge-empty calibrate count=200000 reps=1 bend_delta=1000000ns ref_delta=255000ns bendA=2000000ns
deque.to_list edge-empty calibrate count=12800000 reps=1 bend_delta=69000000ns ref_delta=17583000ns bendA=130000000ns
deque.to_list edge-empty calibrate count=25600000 reps=1 bend_delta=124000000ns ref_delta=32608000ns bendA=251000000ns
deque.to_list edge-empty count=25600000 reps=1 sample=0 order=ABC bendA=245000000 bendB=121000000 bendC=0 refA=68547000 refB=34889000 refC=0 bend_chk=['100614701', '3405767213', '33325'] ref_chk=['100614701', '3405767213', '33325']
deque.to_list edge-empty count=25600000 reps=1 sample=1 order=CBA bendA=254000000 bendB=127000000 bendC=0 refA=64715000 refB=32198000 refC=0 bend_chk=['100614701', '3405767213', '33325'] ref_chk=['100614701', '3405767213', '33325']
deque.to_list edge-empty count=25600000 reps=1 sample=2 order=ABC bendA=242000000 bendB=123000000 bendC=0 refA=64524000 refB=32261000 refC=0 bend_chk=['100614701', '3405767213', '33325'] ref_chk=['100614701', '3405767213', '33325']
deque.to_list edge-empty count=25600000 reps=1 sample=3 order=CBA bendA=241000000 bendB=118000000 bendC=0 refA=65959000 refB=34003000 refC=0 bend_chk=['100614701', '3405767213', '33325'] ref_chk=['100614701', '3405767213', '33325']
deque.to_list edge-empty count=25600000 reps=1 sample=4 order=ABC bendA=346000000 bendB=146000000 bendC=0 refA=81786000 refB=39190000 refC=0 bend_chk=['100614701', '3405767213', '33325'] ref_chk=['100614701', '3405767213', '33325']
deque.to_list edge-empty count=25600000 reps=1 sample=5 order=CBA bendA=232000000 bendB=123000000 bendC=0 refA=64741000 refB=32846000 refC=0 bend_chk=['100614701', '3405767213', '33325'] ref_chk=['100614701', '3405767213', '33325']
queue.enqueue small calibrate count=200000 reps=1 bend_delta=2000000ns ref_delta=2165000ns bendA=4000000ns
queue.enqueue small calibrate count=200000 reps=51 bend_delta=90000000ns ref_delta=113056000ns bendA=176000000ns
queue.enqueue small calibrate count=200000 reps=102 bend_delta=173000000ns ref_delta=254636000ns bendA=350000000ns
queue.enqueue small count=200000 reps=102 sample=0 order=ABC bendA=357000000 bendB=176000000 bendC=0 refA=477554000 refB=237867000 refC=126000 bend_chk=['325374707', '3823817715', '2469647603'] ref_chk=['325374707', '3823817715', '2469647603']
queue.enqueue small count=200000 reps=102 sample=1 order=CBA bendA=355000000 bendB=179000000 bendC=0 refA=475969000 refB=225352000 refC=135000 bend_chk=['325374707', '3823817715', '2469647603'] ref_chk=['325374707', '3823817715', '2469647603']
queue.enqueue small count=200000 reps=102 sample=2 order=ABC bendA=356000000 bendB=171000000 bendC=0 refA=456016000 refB=238014000 refC=141000 bend_chk=['325374707', '3823817715', '2469647603'] ref_chk=['325374707', '3823817715', '2469647603']
queue.enqueue small count=200000 reps=102 sample=3 order=CBA bendA=360000000 bendB=178000000 bendC=0 refA=461996000 refB=232358000 refC=139000 bend_chk=['325374707', '3823817715', '2469647603'] ref_chk=['325374707', '3823817715', '2469647603']
queue.enqueue small count=200000 reps=102 sample=4 order=ABC bendA=340000000 bendB=169000000 bendC=1000000 refA=455337000 refB=231664000 refC=130000 bend_chk=['325374707', '3823817715', '2469647603'] ref_chk=['325374707', '3823817715', '2469647603']
queue.enqueue small count=200000 reps=102 sample=5 order=CBA bendA=348000000 bendB=175000000 bendC=0 refA=467687000 refB=229790000 refC=137000 bend_chk=['325374707', '3823817715', '2469647603'] ref_chk=['325374707', '3823817715', '2469647603']
queue.enqueue medium calibrate count=100000 reps=1 bend_delta=3000000ns ref_delta=947000ns bendA=3000000ns
queue.enqueue medium calibrate count=100000 reps=34 bend_delta=30000000ns ref_delta=38130000ns bendA=60000000ns
queue.enqueue medium calibrate count=100000 reps=136 bend_delta=118000000ns ref_delta=151376000ns bendA=246000000ns
queue.enqueue medium count=100000 reps=136 sample=0 order=ABC bendA=239000000 bendB=120000000 bendC=11000000 refA=309006000 refB=160556000 refC=12742000 bend_chk=['963159492', '3356572612', '2501562820'] ref_chk=['963159492', '3356572612', '2501562820']
queue.enqueue medium count=100000 reps=136 sample=1 order=CBA bendA=246000000 bendB=126000000 bendC=11000000 refA=305485000 refB=171263000 refC=12000000 bend_chk=['963159492', '3356572612', '2501562820'] ref_chk=['963159492', '3356572612', '2501562820']
queue.enqueue medium count=100000 reps=136 sample=2 order=ABC bendA=240000000 bendB=130000000 bendC=12000000 refA=313092000 refB=156089000 refC=12378000 bend_chk=['963159492', '3356572612', '2501562820'] ref_chk=['963159492', '3356572612', '2501562820']
queue.enqueue medium count=100000 reps=136 sample=3 order=CBA bendA=235000000 bendB=122000000 bendC=11000000 refA=332752000 refB=186264000 refC=11784000 bend_chk=['963159492', '3356572612', '2501562820'] ref_chk=['963159492', '3356572612', '2501562820']
queue.enqueue medium count=100000 reps=136 sample=4 order=ABC bendA=232000000 bendB=124000000 bendC=11000000 refA=329457000 refB=173039000 refC=13309000 bend_chk=['963159492', '3356572612', '2501562820'] ref_chk=['963159492', '3356572612', '2501562820']
queue.enqueue medium count=100000 reps=136 sample=5 order=CBA bendA=253000000 bendB=134000000 bendC=12000000 refA=352326000 refB=172995000 refC=13500000 bend_chk=['963159492', '3356572612', '2501562820'] ref_chk=['963159492', '3356572612', '2501562820']
queue.enqueue large calibrate count=50000 reps=1 bend_delta=3000000ns ref_delta=665000ns bendA=9000000ns
queue.enqueue large calibrate count=262144 reps=1 bend_delta=3000000ns ref_delta=3338000ns bendA=11000000ns
queue.enqueue large calibrate count=262144 reps=34 bend_delta=85000000ns ref_delta=123396000ns bendA=369000000ns
queue.enqueue large calibrate count=262144 reps=68 bend_delta=182000000ns ref_delta=246656000ns bendA=746000000ns
queue.enqueue large count=262144 reps=68 sample=0 order=ABC bendA=770000000 bendB=606000000 bendC=422000000 refA=961757000 refB=748206000 refC=484806000 bend_chk=['4043918754', '3974712738', '3905506722'] ref_chk=['4043918754', '3974712738', '3905506722']
queue.enqueue large count=262144 reps=68 sample=1 order=CBA bendA=794000000 bendB=595000000 bendC=433000000 refA=1050313000 refB=724606000 refC=485921000 bend_chk=['4043918754', '3974712738', '3905506722'] ref_chk=['4043918754', '3974712738', '3905506722']
queue.enqueue large count=262144 reps=68 sample=2 order=ABC bendA=764000000 bendB=549000000 bendC=366000000 refA=840030000 refB=623800000 refC=431572000 bend_chk=['4043918754', '3974712738', '3905506722'] ref_chk=['4043918754', '3974712738', '3905506722']
queue.enqueue large count=262144 reps=68 sample=3 order=CBA bendA=731000000 bendB=543000000 bendC=379000000 refA=869311000 refB=658200000 refC=452742000 bend_chk=['4043918754', '3974712738', '3905506722'] ref_chk=['4043918754', '3974712738', '3905506722']
queue.enqueue large count=262144 reps=68 sample=4 order=ABC bendA=722000000 bendB=555000000 bendC=390000000 refA=886710000 refB=659982000 refC=423398000 bend_chk=['4043918754', '3974712738', '3905506722'] ref_chk=['4043918754', '3974712738', '3905506722']
queue.enqueue large count=262144 reps=68 sample=5 order=CBA bendA=693000000 bendB=548000000 bendC=369000000 refA=843031000 refB=648179000 refC=432948000 bend_chk=['4043918754', '3974712738', '3905506722'] ref_chk=['4043918754', '3974712738', '3905506722']
queue.peek small calibrate count=200000 reps=1 bend_delta=0ns ref_delta=782000ns bendA=1000000ns
queue.peek small calibrate count=12800000 reps=1 bend_delta=45000000ns ref_delta=49067000ns bendA=90000000ns
queue.peek small calibrate count=38400000 reps=1 bend_delta=137000000ns ref_delta=151739000ns bendA=272000000ns
queue.peek small count=38400000 reps=1 sample=0 order=ABC bendA=261000000 bendB=135000000 bendC=0 refA=287949000 refB=137516000 refC=7000 bend_chk=['2038171657', '648411145', '2412767241'] ref_chk=['2038171657', '648411145', '2412767241']
queue.peek small count=38400000 reps=1 sample=1 order=CBA bendA=266000000 bendB=129000000 bendC=0 refA=282557000 refB=141903000 refC=2000 bend_chk=['2038171657', '648411145', '2412767241'] ref_chk=['2038171657', '648411145', '2412767241']
queue.peek small count=38400000 reps=1 sample=2 order=ABC bendA=266000000 bendB=135000000 bendC=0 refA=284613000 refB=132227000 refC=5000 bend_chk=['2038171657', '648411145', '2412767241'] ref_chk=['2038171657', '648411145', '2412767241']
queue.peek small count=38400000 reps=1 sample=3 order=CBA bendA=270000000 bendB=135000000 bendC=0 refA=285393000 refB=147811000 refC=2000 bend_chk=['2038171657', '648411145', '2412767241'] ref_chk=['2038171657', '648411145', '2412767241']
queue.peek small count=38400000 reps=1 sample=4 order=ABC bendA=267000000 bendB=138000000 bendC=0 refA=295948000 refB=144159000 refC=5000 bend_chk=['2038171657', '648411145', '2412767241'] ref_chk=['2038171657', '648411145', '2412767241']
queue.peek small count=38400000 reps=1 sample=5 order=CBA bendA=271000000 bendB=134000000 bendC=0 refA=286516000 refB=148170000 refC=2000 bend_chk=['2038171657', '648411145', '2412767241'] ref_chk=['2038171657', '648411145', '2412767241']
queue.peek medium calibrate count=100000 reps=1 bend_delta=0ns ref_delta=386000ns bendA=1000000ns
queue.peek medium calibrate count=6400000 reps=1 bend_delta=21000000ns ref_delta=24365000ns bendA=43000000ns
queue.peek medium calibrate count=32000000 reps=1 bend_delta=112000000ns ref_delta=121362000ns bendA=225000000ns
queue.peek medium count=32000000 reps=1 sample=0 order=ABC bendA=227000000 bendB=113000000 bendC=0 refA=239434000 refB=117924000 refC=95000 bend_chk=['1960848072', '3388019400', '2046950088'] ref_chk=['1960848072', '3388019400', '2046950088']
queue.peek medium count=32000000 reps=1 sample=1 order=CBA bendA=225000000 bendB=108000000 bendC=1000000 refA=236699000 refB=122069000 refC=100000 bend_chk=['1960848072', '3388019400', '2046950088'] ref_chk=['1960848072', '3388019400', '2046950088']
queue.peek medium count=32000000 reps=1 sample=2 order=ABC bendA=226000000 bendB=113000000 bendC=0 refA=238120000 refB=117028000 refC=105000 bend_chk=['1960848072', '3388019400', '2046950088'] ref_chk=['1960848072', '3388019400', '2046950088']
queue.peek medium count=32000000 reps=1 sample=3 order=CBA bendA=226000000 bendB=111000000 bendC=0 refA=226749000 refB=118770000 refC=100000 bend_chk=['1960848072', '3388019400', '2046950088'] ref_chk=['1960848072', '3388019400', '2046950088']
queue.peek medium count=32000000 reps=1 sample=4 order=ABC bendA=213000000 bendB=111000000 bendC=0 refA=238752000 refB=114731000 refC=93000 bend_chk=['1960848072', '3388019400', '2046950088'] ref_chk=['1960848072', '3388019400', '2046950088']
queue.peek medium count=32000000 reps=1 sample=5 order=CBA bendA=225000000 bendB=108000000 bendC=0 refA=226045000 refB=119113000 refC=101000 bend_chk=['1960848072', '3388019400', '2046950088'] ref_chk=['1960848072', '3388019400', '2046950088']
queue.peek large calibrate count=50000 reps=1 bend_delta=2000000ns ref_delta=-71000ns bendA=8000000ns
queue.peek large calibrate count=3200000 reps=1 bend_delta=12000000ns ref_delta=12033000ns bendA=28000000ns
queue.peek large calibrate count=28800000 reps=1 bend_delta=102000000ns ref_delta=97099000ns bendA=210000000ns
queue.peek large count=28800000 reps=1 sample=0 order=ABC bendA=208000000 bendB=108000000 bendC=6000000 refA=221667000 refB=113222000 refC=6850000 bend_chk=['2683132647', '1573514983', '3546710759'] ref_chk=['2683132647', '1573514983', '3546710759']
queue.peek large count=28800000 reps=1 sample=1 order=CBA bendA=207000000 bendB=104000000 bendC=6000000 refA=206248000 refB=113486000 refC=6177000 bend_chk=['2683132647', '1573514983', '3546710759'] ref_chk=['2683132647', '1573514983', '3546710759']
queue.peek large count=28800000 reps=1 sample=2 order=ABC bendA=207000000 bendB=108000000 bendC=6000000 refA=226998000 refB=113560000 refC=6040000 bend_chk=['2683132647', '1573514983', '3546710759'] ref_chk=['2683132647', '1573514983', '3546710759']
queue.peek large count=28800000 reps=1 sample=3 order=CBA bendA=207000000 bendB=103000000 bendC=7000000 refA=213602000 refB=113718000 refC=6417000 bend_chk=['2683132647', '1573514983', '3546710759'] ref_chk=['2683132647', '1573514983', '3546710759']
queue.peek large count=28800000 reps=1 sample=4 order=ABC bendA=209000000 bendB=108000000 bendC=5000000 refA=220903000 refB=111521000 refC=6439000 bend_chk=['2683132647', '1573514983', '3546710759'] ref_chk=['2683132647', '1573514983', '3546710759']
queue.peek large count=28800000 reps=1 sample=5 order=CBA bendA=207000000 bendB=105000000 bendC=6000000 refA=226212000 refB=114990000 refC=7000000 bend_chk=['2683132647', '1573514983', '3546710759'] ref_chk=['2683132647', '1573514983', '3546710759']
queue.length small calibrate count=200000 reps=1 bend_delta=1000000ns ref_delta=645000ns bendA=1000000ns
queue.length small calibrate count=12800000 reps=1 bend_delta=13000000ns ref_delta=39180000ns bendA=27000000ns
queue.length small calibrate count=102400000 reps=1 bend_delta=109000000ns ref_delta=311944000ns bendA=215000000ns
queue.length small count=102400000 reps=1 sample=0 order=ABC bendA=213000000 bendB=106000000 bendC=0 refA=643870000 refB=309155000 refC=1000 bend_chk=['3844422118', '3916282342', '3988142566'] ref_chk=['3844422118', '3916282342', '3988142566']
queue.length small count=102400000 reps=1 sample=1 order=CBA bendA=214000000 bendB=106000000 bendC=0 refA=611455000 refB=307489000 refC=1000 bend_chk=['3844422118', '3916282342', '3988142566'] ref_chk=['3844422118', '3916282342', '3988142566']
queue.length small count=102400000 reps=1 sample=2 order=ABC bendA=212000000 bendB=106000000 bendC=0 refA=614510000 refB=304269000 refC=4000 bend_chk=['3844422118', '3916282342', '3988142566'] ref_chk=['3844422118', '3916282342', '3988142566']
queue.length small count=102400000 reps=1 sample=3 order=CBA bendA=215000000 bendB=106000000 bendC=0 refA=609926000 refB=315502000 refC=2000 bend_chk=['3844422118', '3916282342', '3988142566'] ref_chk=['3844422118', '3916282342', '3988142566']
queue.length small count=102400000 reps=1 sample=4 order=ABC bendA=210000000 bendB=106000000 bendC=0 refA=594842000 refB=296546000 refC=6000 bend_chk=['3844422118', '3916282342', '3988142566'] ref_chk=['3844422118', '3916282342', '3988142566']
queue.length small count=102400000 reps=1 sample=5 order=CBA bendA=207000000 bendB=104000000 bendC=0 refA=594179000 refB=296721000 refC=1000 bend_chk=['3844422118', '3916282342', '3988142566'] ref_chk=['3844422118', '3916282342', '3988142566']
queue.length medium calibrate count=100000 reps=1 bend_delta=1000000ns ref_delta=295000ns bendA=1000000ns
queue.length medium calibrate count=6400000 reps=1 bend_delta=6000000ns ref_delta=18803000ns bendA=13000000ns
queue.length medium calibrate count=108800000 reps=1 bend_delta=119000000ns ref_delta=361847000ns bendA=240000000ns
queue.length medium count=108800000 reps=1 sample=0 order=ABC bendA=316000000 bendB=154000000 bendC=0 refA=875033000 refB=436367000 refC=116000 bend_chk=['1597442853', '848212773', '1290165029'] ref_chk=['1597442853', '848212773', '1290165029']
queue.length medium count=108800000 reps=1 sample=1 order=CBA bendA=306000000 bendB=141000000 bendC=0 refA=845034000 refB=443012000 refC=134000 bend_chk=['1597442853', '848212773', '1290165029'] ref_chk=['1597442853', '848212773', '1290165029']
queue.length medium count=108800000 reps=1 sample=2 order=ABC bendA=290000000 bendB=151000000 bendC=0 refA=774968000 refB=342673000 refC=98000 bend_chk=['1597442853', '848212773', '1290165029'] ref_chk=['1597442853', '848212773', '1290165029']
queue.length medium count=108800000 reps=1 sample=3 order=CBA bendA=235000000 bendB=118000000 bendC=0 refA=641603000 refB=322595000 refC=95000 bend_chk=['1597442853', '848212773', '1290165029'] ref_chk=['1597442853', '848212773', '1290165029']
queue.length medium count=108800000 reps=1 sample=4 order=ABC bendA=223000000 bendB=110000000 bendC=0 refA=631414000 refB=315731000 refC=89000 bend_chk=['1597442853', '848212773', '1290165029'] ref_chk=['1597442853', '848212773', '1290165029']
queue.length medium count=108800000 reps=1 sample=5 order=CBA bendA=220000000 bendB=110000000 bendC=0 refA=631508000 refB=315773000 refC=104000 bend_chk=['1597442853', '848212773', '1290165029'] ref_chk=['1597442853', '848212773', '1290165029']
queue.length large calibrate count=50000 reps=1 bend_delta=2000000ns ref_delta=469000ns bendA=7000000ns
queue.length large calibrate count=2550000 reps=1 bend_delta=2000000ns ref_delta=7446000ns bendA=10000000ns
queue.length large calibrate count=130050000 reps=1 bend_delta=134000000ns ref_delta=379135000ns bendA=271000000ns
queue.length large count=130050000 reps=1 sample=0 order=ABC bendA=278000000 bendB=140000000 bendC=5000000 refA=799420000 refB=400215000 refC=5931000 bend_chk=['409339684', '2562481972', '2357101380'] ref_chk=['409339684', '2562481972', '2357101380']
queue.length large count=130050000 reps=1 sample=1 order=CBA bendA=275000000 bendB=140000000 bendC=6000000 refA=792019000 refB=402948000 refC=5954000 bend_chk=['409339684', '2562481972', '2357101380'] ref_chk=['409339684', '2562481972', '2357101380']
queue.length large count=130050000 reps=1 sample=2 order=ABC bendA=289000000 bendB=144000000 bendC=5000000 refA=787318000 refB=402051000 refC=5896000 bend_chk=['409339684', '2562481972', '2357101380'] ref_chk=['409339684', '2562481972', '2357101380']
queue.length large count=130050000 reps=1 sample=3 order=CBA bendA=275000000 bendB=140000000 bendC=6000000 refA=782667000 refB=407034000 refC=6195000 bend_chk=['409339684', '2562481972', '2357101380'] ref_chk=['409339684', '2562481972', '2357101380']
queue.length large count=130050000 reps=1 sample=4 order=ABC bendA=289000000 bendB=143000000 bendC=5000000 refA=784356000 refB=405022000 refC=5919000 bend_chk=['409339684', '2562481972', '2357101380'] ref_chk=['409339684', '2562481972', '2357101380']
queue.length large count=130050000 reps=1 sample=5 order=CBA bendA=277000000 bendB=142000000 bendC=6000000 refA=794617000 refB=399303000 refC=6020000 bend_chk=['409339684', '2562481972', '2357101380'] ref_chk=['409339684', '2562481972', '2357101380']
queue.to_list small calibrate count=20000 reps=1 bend_delta=13000000ns ref_delta=11321000ns bendA=27000000ns
queue.to_list small calibrate count=160000 reps=1 bend_delta=111000000ns ref_delta=121682000ns bendA=226000000ns
queue.to_list small count=160000 reps=1 sample=0 order=ABC bendA=229000000 bendB=122000000 bendC=0 refA=249282000 refB=129176000 refC=1000 bend_chk=['2457745859', '3927925443', '1268550595'] ref_chk=['2457745859', '3927925443', '1268550595']
queue.to_list small count=160000 reps=1 sample=1 order=CBA bendA=240000000 bendB=124000000 bendC=0 refA=231586000 refB=114785000 refC=2000 bend_chk=['2457745859', '3927925443', '1268550595'] ref_chk=['2457745859', '3927925443', '1268550595']
queue.to_list small count=160000 reps=1 sample=2 order=ABC bendA=242000000 bendB=131000000 bendC=0 refA=262902000 refB=131330000 refC=2000 bend_chk=['2457745859', '3927925443', '1268550595'] ref_chk=['2457745859', '3927925443', '1268550595']
queue.to_list small count=160000 reps=1 sample=3 order=CBA bendA=237000000 bendB=121000000 bendC=0 refA=241954000 refB=131757000 refC=2000 bend_chk=['2457745859', '3927925443', '1268550595'] ref_chk=['2457745859', '3927925443', '1268550595']
queue.to_list small count=160000 reps=1 sample=4 order=ABC bendA=245000000 bendB=127000000 bendC=0 refA=242649000 refB=130306000 refC=2000 bend_chk=['2457745859', '3927925443', '1268550595'] ref_chk=['2457745859', '3927925443', '1268550595']
queue.to_list small count=160000 reps=1 sample=5 order=CBA bendA=256000000 bendB=114000000 bendC=0 refA=229703000 refB=131648000 refC=2000 bend_chk=['2457745859', '3927925443', '1268550595'] ref_chk=['2457745859', '3927925443', '1268550595']
queue.to_list medium calibrate count=1000 reps=1 bend_delta=55000000ns ref_delta=54241000ns bendA=108000000ns
queue.to_list medium calibrate count=2000 reps=1 bend_delta=123000000ns ref_delta=103160000ns bendA=226000000ns
queue.to_list medium count=2000 reps=1 sample=0 order=ABC bendA=230000000 bendB=106000000 bendC=0 refA=206224000 refB=108114000 refC=107000 bend_chk=['3913855586', '3964428530', '533379970'] ref_chk=['3913855586', '3964428530', '533379970']
queue.to_list medium count=2000 reps=1 sample=1 order=CBA bendA=223000000 bendB=99000000 bendC=0 refA=211860000 refB=112499000 refC=114000 bend_chk=['3913855586', '3964428530', '533379970'] ref_chk=['3913855586', '3964428530', '533379970']
queue.to_list medium count=2000 reps=1 sample=2 order=ABC bendA=224000000 bendB=110000000 bendC=0 refA=216838000 refB=113494000 refC=116000 bend_chk=['3913855586', '3964428530', '533379970'] ref_chk=['3913855586', '3964428530', '533379970']
queue.to_list medium count=2000 reps=1 sample=3 order=CBA bendA=218000000 bendB=104000000 bendC=0 refA=214057000 refB=109321000 refC=108000 bend_chk=['3913855586', '3964428530', '533379970'] ref_chk=['3913855586', '3964428530', '533379970']
queue.to_list medium count=2000 reps=1 sample=4 order=ABC bendA=216000000 bendB=103000000 bendC=0 refA=211125000 refB=107257000 refC=107000 bend_chk=['3913855586', '3964428530', '533379970'] ref_chk=['3913855586', '3964428530', '533379970']
queue.to_list medium count=2000 reps=1 sample=5 order=CBA bendA=209000000 bendB=100000000 bendC=0 refA=211428000 refB=111265000 refC=119000 bend_chk=['3913855586', '3964428530', '533379970'] ref_chk=['3913855586', '3964428530', '533379970']
queue.to_list large calibrate count=50 reps=1 bend_delta=172000000ns ref_delta=189843000ns bendA=352000000ns
queue.to_list large count=50 reps=1 sample=0 order=ABC bendA=368000000 bendB=181000000 bendC=7000000 refA=360569000 refB=175507000 refC=6881000 bend_chk=['675422749', '2784094375', '1167492001'] ref_chk=['675422749', '2784094375', '1167492001']
queue.to_list large count=50 reps=1 sample=1 order=CBA bendA=360000000 bendB=167000000 bendC=7000000 refA=358533000 refB=186506000 refC=7245000 bend_chk=['675422749', '2784094375', '1167492001'] ref_chk=['675422749', '2784094375', '1167492001']
queue.to_list large count=50 reps=1 sample=2 order=ABC bendA=346000000 bendB=170000000 bendC=6000000 refA=360430000 refB=179972000 refC=6865000 bend_chk=['675422749', '2784094375', '1167492001'] ref_chk=['675422749', '2784094375', '1167492001']
queue.to_list large count=50 reps=1 sample=3 order=CBA bendA=379000000 bendB=175000000 bendC=7000000 refA=367586000 refB=187449000 refC=7665000 bend_chk=['675422749', '2784094375', '1167492001'] ref_chk=['675422749', '2784094375', '1167492001']
queue.to_list large count=50 reps=1 sample=4 order=ABC bendA=353000000 bendB=171000000 bendC=6000000 refA=376575000 refB=176585000 refC=6624000 bend_chk=['675422749', '2784094375', '1167492001'] ref_chk=['675422749', '2784094375', '1167492001']
queue.to_list large count=50 reps=1 sample=5 order=CBA bendA=353000000 bendB=167000000 bendC=7000000 refA=355114000 refB=192857000 refC=8137000 bend_chk=['675422749', '2784094375', '1167492001'] ref_chk=['675422749', '2784094375', '1167492001']
queue.dequeue small calibrate count=200000 reps=1 bend_delta=3000000ns ref_delta=2035000ns bendA=6000000ns
queue.dequeue small calibrate count=6800000 reps=1 bend_delta=105000000ns ref_delta=87502000ns bendA=210000000ns
queue.dequeue small count=6800000 reps=1 sample=0 order=ABC bendA=219000000 bendB=104000000 bendC=0 refA=144144000 refB=77736000 refC=2000 bend_chk=['468444032', '3596371456', '2843925920'] ref_chk=['468444032', '3596371456', '2843925920']
queue.dequeue small count=6800000 reps=1 sample=1 order=CBA bendA=199000000 bendB=107000000 bendC=0 refA=152012000 refB=73646000 refC=1000 bend_chk=['468444032', '3596371456', '2843925920'] ref_chk=['468444032', '3596371456', '2843925920']
queue.dequeue small count=6800000 reps=1 sample=2 order=ABC bendA=218000000 bendB=105000000 bendC=0 refA=149480000 refB=77836000 refC=2000 bend_chk=['468444032', '3596371456', '2843925920'] ref_chk=['468444032', '3596371456', '2843925920']
queue.dequeue small count=6800000 reps=1 sample=3 order=CBA bendA=210000000 bendB=106000000 bendC=0 refA=154663000 refB=72206000 refC=1000 bend_chk=['468444032', '3596371456', '2843925920'] ref_chk=['468444032', '3596371456', '2843925920']
queue.dequeue small count=6800000 reps=1 sample=4 order=ABC bendA=218000000 bendB=105000000 bendC=0 refA=157112000 refB=74316000 refC=2000 bend_chk=['468444032', '3596371456', '2843925920'] ref_chk=['468444032', '3596371456', '2843925920']
queue.dequeue small count=6800000 reps=1 sample=5 order=CBA bendA=209000000 bendB=105000000 bendC=0 refA=153155000 refB=75799000 refC=2000 bend_chk=['468444032', '3596371456', '2843925920'] ref_chk=['468444032', '3596371456', '2843925920']
queue.dequeue medium calibrate count=100000 reps=1 bend_delta=1000000ns ref_delta=1134000ns bendA=3000000ns
queue.dequeue medium calibrate count=6400000 reps=1 bend_delta=80000000ns ref_delta=75801000ns bendA=159000000ns
queue.dequeue medium calibrate count=12800000 reps=1 bend_delta=145000000ns ref_delta=184364000ns bendA=316000000ns
queue.dequeue medium count=12800000 reps=1 sample=0 order=ABC bendA=316000000 bendB=172000000 bendC=0 refA=315225000 refB=173444000 refC=113000 bend_chk=['1577268191', '1924477919', '4071562207'] ref_chk=['1577268191', '1924477919', '4071562207']
queue.dequeue medium count=12800000 reps=1 sample=1 order=CBA bendA=330000000 bendB=159000000 bendC=0 refA=297039000 refB=148879000 refC=111000 bend_chk=['1577268191', '1924477919', '4071562207'] ref_chk=['1577268191', '1924477919', '4071562207']
queue.dequeue medium count=12800000 reps=1 sample=2 order=ABC bendA=319000000 bendB=173000000 bendC=1000000 refA=296990000 refB=184757000 refC=105000 bend_chk=['1577268191', '1924477919', '4071562207'] ref_chk=['1577268191', '1924477919', '4071562207']
queue.dequeue medium count=12800000 reps=1 sample=3 order=CBA bendA=334000000 bendB=159000000 bendC=0 refA=297787000 refB=148240000 refC=112000 bend_chk=['1577268191', '1924477919', '4071562207'] ref_chk=['1577268191', '1924477919', '4071562207']
queue.dequeue medium count=12800000 reps=1 sample=4 order=ABC bendA=317000000 bendB=176000000 bendC=0 refA=303162000 refB=167081000 refC=104000 bend_chk=['1577268191', '1924477919', '4071562207'] ref_chk=['1577268191', '1924477919', '4071562207']
queue.dequeue medium count=12800000 reps=1 sample=5 order=CBA bendA=335000000 bendB=157000000 bendC=0 refA=287477000 refB=144679000 refC=115000 bend_chk=['1577268191', '1924477919', '4071562207'] ref_chk=['1577268191', '1924477919', '4071562207']
queue.dequeue large calibrate count=50000 reps=1 bend_delta=3000000ns ref_delta=648000ns bendA=10000000ns
queue.dequeue large calibrate count=1700000 reps=1 bend_delta=23000000ns ref_delta=22531000ns bendA=53000000ns
queue.dequeue large calibrate count=8500000 reps=1 bend_delta=118000000ns ref_delta=100294000ns bendA=243000000ns
queue.dequeue large count=8500000 reps=1 sample=0 order=ABC bendA=245000000 bendB=125000000 bendC=6000000 refA=233239000 refB=121128000 refC=6744000 bend_chk=['4014475838', '1518523166', '4272849918'] ref_chk=['4014475838', '1518523166', '4272849918']
queue.dequeue large count=8500000 reps=1 sample=1 order=CBA bendA=244000000 bendB=128000000 bendC=7000000 refA=232448000 refB=117758000 refC=7066000 bend_chk=['4014475838', '1518523166', '4272849918'] ref_chk=['4014475838', '1518523166', '4272849918']
queue.dequeue large count=8500000 reps=1 sample=2 order=ABC bendA=242000000 bendB=126000000 bendC=5000000 refA=231627000 refB=120588000 refC=6771000 bend_chk=['4014475838', '1518523166', '4272849918'] ref_chk=['4014475838', '1518523166', '4272849918']
queue.dequeue large count=8500000 reps=1 sample=3 order=CBA bendA=242000000 bendB=124000000 bendC=7000000 refA=236887000 refB=118632000 refC=6832000 bend_chk=['4014475838', '1518523166', '4272849918'] ref_chk=['4014475838', '1518523166', '4272849918']
queue.dequeue large count=8500000 reps=1 sample=4 order=ABC bendA=249000000 bendB=124000000 bendC=6000000 refA=228162000 refB=121594000 refC=6600000 bend_chk=['4014475838', '1518523166', '4272849918'] ref_chk=['4014475838', '1518523166', '4272849918']
queue.dequeue large count=8500000 reps=1 sample=5 order=CBA bendA=242000000 bendB=124000000 bendC=7000000 refA=231538000 refB=120572000 refC=7012000 bend_chk=['4014475838', '1518523166', '4272849918'] ref_chk=['4014475838', '1518523166', '4272849918']
queue.new small calibrate count=200000 reps=1 bend_delta=0ns ref_delta=285000ns bendA=0ns
queue.new small calibrate count=12800000 reps=1 bend_delta=16000000ns ref_delta=18222000ns bendA=30000000ns
queue.new small calibrate count=89600000 reps=1 bend_delta=102000000ns ref_delta=115904000ns bendA=201000000ns
queue.new small count=89600000 reps=1 sample=0 order=ABC bendA=206000000 bendB=99000000 bendC=0 refA=246929000 refB=127569000 refC=2000 bend_chk=['3329019773', '3102408573', '124333949'] ref_chk=['3329019773', '3102408573', '124333949']
queue.new small count=89600000 reps=1 sample=1 order=CBA bendA=198000000 bendB=103000000 bendC=0 refA=254879000 refB=122141000 refC=1000 bend_chk=['3329019773', '3102408573', '124333949'] ref_chk=['3329019773', '3102408573', '124333949']
queue.new small count=89600000 reps=1 sample=2 order=ABC bendA=203000000 bendB=99000000 bendC=0 refA=247154000 refB=127545000 refC=6000 bend_chk=['3329019773', '3102408573', '124333949'] ref_chk=['3329019773', '3102408573', '124333949']
queue.new small count=89600000 reps=1 sample=3 order=CBA bendA=204000000 bendB=104000000 bendC=0 refA=260976000 refB=123414000 refC=1000 bend_chk=['3329019773', '3102408573', '124333949'] ref_chk=['3329019773', '3102408573', '124333949']
queue.new small count=89600000 reps=1 sample=4 order=ABC bendA=204000000 bendB=99000000 bendC=0 refA=248021000 refB=130411000 refC=6000 bend_chk=['3329019773', '3102408573', '124333949'] ref_chk=['3329019773', '3102408573', '124333949']
queue.new small count=89600000 reps=1 sample=5 order=CBA bendA=199000000 bendB=103000000 bendC=0 refA=257241000 refB=122640000 refC=2000 bend_chk=['3329019773', '3102408573', '124333949'] ref_chk=['3329019773', '3102408573', '124333949']
queue.new medium calibrate count=200000 reps=1 bend_delta=1000000ns ref_delta=297000ns bendA=1000000ns
queue.new medium calibrate count=12800000 reps=1 bend_delta=15000000ns ref_delta=18208000ns bendA=31000000ns
queue.new medium calibrate count=89600000 reps=1 bend_delta=104000000ns ref_delta=125411000ns bendA=207000000ns
queue.new medium count=89600000 reps=1 sample=0 order=ABC bendA=205000000 bendB=99000000 bendC=0 refA=249391000 refB=131816000 refC=108000 bend_chk=['1116052540', '2651622460', '3314777148'] ref_chk=['1116052540', '2651622460', '3314777148']
queue.new medium count=89600000 reps=1 sample=1 order=CBA bendA=202000000 bendB=106000000 bendC=0 refA=254099000 refB=122342000 refC=101000 bend_chk=['1116052540', '2651622460', '3314777148'] ref_chk=['1116052540', '2651622460', '3314777148']
queue.new medium count=89600000 reps=1 sample=2 order=ABC bendA=204000000 bendB=99000000 bendC=0 refA=253780000 refB=132900000 refC=107000 bend_chk=['1116052540', '2651622460', '3314777148'] ref_chk=['1116052540', '2651622460', '3314777148']
queue.new medium count=89600000 reps=1 sample=3 order=CBA bendA=199000000 bendB=104000000 bendC=0 refA=244514000 refB=122372000 refC=100000 bend_chk=['1116052540', '2651622460', '3314777148'] ref_chk=['1116052540', '2651622460', '3314777148']
queue.new medium count=89600000 reps=1 sample=4 order=ABC bendA=199000000 bendB=99000000 bendC=0 refA=249759000 refB=134158000 refC=106000 bend_chk=['1116052540', '2651622460', '3314777148'] ref_chk=['1116052540', '2651622460', '3314777148']
queue.new medium count=89600000 reps=1 sample=5 order=CBA bendA=202000000 bendB=107000000 bendC=0 refA=265115000 refB=122571000 refC=135000 bend_chk=['1116052540', '2651622460', '3314777148'] ref_chk=['1116052540', '2651622460', '3314777148']
queue.new large calibrate count=50000 reps=1 bend_delta=3000000ns ref_delta=144000ns bendA=8000000ns
queue.new large calibrate count=1700000 reps=1 bend_delta=2000000ns ref_delta=3224000ns bendA=10000000ns
queue.new large calibrate count=86700000 reps=1 bend_delta=106000000ns ref_delta=115740000ns bendA=207000000ns
queue.new large count=86700000 reps=1 sample=0 order=ABC bendA=210000000 bendB=106000000 bendC=5000000 refA=251770000 refB=133045000 refC=7765000 bend_chk=['1894570651', '2130442107', '3083240539'] ref_chk=['1894570651', '2130442107', '3083240539']
queue.new large count=86700000 reps=1 sample=1 order=CBA bendA=198000000 bendB=106000000 bendC=7000000 refA=255239000 refB=124585000 refC=6451000 bend_chk=['1894570651', '2130442107', '3083240539'] ref_chk=['1894570651', '2130442107', '3083240539']
queue.new large count=86700000 reps=1 sample=2 order=ABC bendA=207000000 bendB=101000000 bendC=6000000 refA=246211000 refB=130232000 refC=6534000 bend_chk=['1894570651', '2130442107', '3083240539'] ref_chk=['1894570651', '2130442107', '3083240539']
queue.new large count=86700000 reps=1 sample=3 order=CBA bendA=200000000 bendB=106000000 bendC=7000000 refA=255050000 refB=130091000 refC=6802000 bend_chk=['1894570651', '2130442107', '3083240539'] ref_chk=['1894570651', '2130442107', '3083240539']
queue.new large count=86700000 reps=1 sample=4 order=ABC bendA=204000000 bendB=101000000 bendC=6000000 refA=244013000 refB=130094000 refC=6578000 bend_chk=['1894570651', '2130442107', '3083240539'] ref_chk=['1894570651', '2130442107', '3083240539']
queue.new large count=86700000 reps=1 sample=5 order=CBA bendA=199000000 bendB=105000000 bendC=7000000 refA=247029000 refB=124958000 refC=6555000 bend_chk=['1894570651', '2130442107', '3083240539'] ref_chk=['1894570651', '2130442107', '3083240539']
queue.new edge-empty calibrate count=200000 reps=1 bend_delta=0ns ref_delta=284000ns bendA=0ns
queue.new edge-empty calibrate count=12800000 reps=1 bend_delta=14000000ns ref_delta=17816000ns bendA=29000000ns
queue.new edge-empty calibrate count=102400000 reps=1 bend_delta=115000000ns ref_delta=136946000ns bendA=228000000ns
queue.new edge-empty count=102400000 reps=1 sample=0 order=ABC bendA=232000000 bendB=113000000 bendC=0 refA=283028000 refB=152854000 refC=0 bend_chk=['3279914106', '1639974010', '33914'] ref_chk=['3279914106', '1639974010', '33914']
queue.new edge-empty count=102400000 reps=1 sample=1 order=CBA bendA=227000000 bendB=120000000 bendC=0 refA=291031000 refB=139493000 refC=0 bend_chk=['3279914106', '1639974010', '33914'] ref_chk=['3279914106', '1639974010', '33914']
queue.new edge-empty count=102400000 reps=1 sample=2 order=ABC bendA=235000000 bendB=118000000 bendC=0 refA=296067000 refB=152747000 refC=0 bend_chk=['3279914106', '1639974010', '33914'] ref_chk=['3279914106', '1639974010', '33914']
queue.new edge-empty count=102400000 reps=1 sample=3 order=CBA bendA=227000000 bendB=119000000 bendC=0 refA=293680000 refB=139534000 refC=0 bend_chk=['3279914106', '1639974010', '33914'] ref_chk=['3279914106', '1639974010', '33914']
queue.new edge-empty count=102400000 reps=1 sample=4 order=ABC bendA=233000000 bendB=113000000 bendC=0 refA=284273000 refB=145875000 refC=0 bend_chk=['3279914106', '1639974010', '33914'] ref_chk=['3279914106', '1639974010', '33914']
queue.new edge-empty count=102400000 reps=1 sample=5 order=CBA bendA=230000000 bendB=118000000 bendC=0 refA=293563000 refB=141478000 refC=0 bend_chk=['3279914106', '1639974010', '33914'] ref_chk=['3279914106', '1639974010', '33914']
queue.length edge-empty calibrate count=200000 reps=1 bend_delta=0ns ref_delta=700000ns bendA=0ns
queue.length edge-empty calibrate count=12800000 reps=1 bend_delta=14000000ns ref_delta=42608000ns bendA=30000000ns
queue.length edge-empty calibrate count=102400000 reps=1 bend_delta=113000000ns ref_delta=332360000ns bendA=227000000ns
queue.length edge-empty count=102400000 reps=1 sample=0 order=ABC bendA=236000000 bendB=128000000 bendC=0 refA=818078000 refB=346634000 refC=0 bend_chk=['2188084377', '1094059161', '33945'] ref_chk=['2188084377', '1094059161', '33945']
queue.length edge-empty count=102400000 reps=1 sample=1 order=CBA bendA=227000000 bendB=113000000 bendC=0 refA=629040000 refB=321327000 refC=0 bend_chk=['2188084377', '1094059161', '33945'] ref_chk=['2188084377', '1094059161', '33945']
queue.length edge-empty count=102400000 reps=1 sample=2 order=ABC bendA=212000000 bendB=104000000 bendC=0 refA=594533000 refB=296698000 refC=0 bend_chk=['2188084377', '1094059161', '33945'] ref_chk=['2188084377', '1094059161', '33945']
queue.length edge-empty count=102400000 reps=1 sample=3 order=CBA bendA=207000000 bendB=103000000 bendC=0 refA=593345000 refB=297269000 refC=0 bend_chk=['2188084377', '1094059161', '33945'] ref_chk=['2188084377', '1094059161', '33945']
queue.length edge-empty count=102400000 reps=1 sample=4 order=ABC bendA=207000000 bendB=103000000 bendC=0 refA=594323000 refB=296468000 refC=0 bend_chk=['2188084377', '1094059161', '33945'] ref_chk=['2188084377', '1094059161', '33945']
queue.length edge-empty count=102400000 reps=1 sample=5 order=CBA bendA=206000000 bendB=103000000 bendC=0 refA=593138000 refB=297758000 refC=0 bend_chk=['2188084377', '1094059161', '33945'] ref_chk=['2188084377', '1094059161', '33945']
queue.enqueue edge-empty calibrate count=200000 reps=1 bend_delta=3000000ns ref_delta=2723000ns bendA=4000000ns
queue.enqueue edge-empty calibrate count=200000 reps=34 bend_delta=54000000ns ref_delta=75611000ns bendA=108000000ns
queue.enqueue edge-empty calibrate count=200000 reps=68 bend_delta=111000000ns ref_delta=140272000ns bendA=217000000ns
queue.enqueue edge-empty count=200000 reps=68 sample=0 order=ABC bendA=217000000 bendB=112000000 bendC=0 refA=325715000 refB=168836000 refC=1000 bend_chk=['1755673890', '190532386', '2316509474'] ref_chk=['1755673890', '190532386', '2316509474']
queue.enqueue edge-empty count=200000 reps=68 sample=1 order=CBA bendA=246000000 bendB=119000000 bendC=0 refA=353074000 refB=172514000 refC=1000 bend_chk=['1755673890', '190532386', '2316509474'] ref_chk=['1755673890', '190532386', '2316509474']
queue.enqueue edge-empty count=200000 reps=68 sample=2 order=ABC bendA=270000000 bendB=137000000 bendC=0 refA=363727000 refB=185345000 refC=0 bend_chk=['1755673890', '190532386', '2316509474'] ref_chk=['1755673890', '190532386', '2316509474']
queue.enqueue edge-empty count=200000 reps=68 sample=3 order=CBA bendA=275000000 bendB=139000000 bendC=0 refA=364556000 refB=177513000 refC=0 bend_chk=['1755673890', '190532386', '2316509474'] ref_chk=['1755673890', '190532386', '2316509474']
queue.enqueue edge-empty count=200000 reps=68 sample=4 order=ABC bendA=277000000 bendB=138000000 bendC=0 refA=352923000 refB=175383000 refC=1000 bend_chk=['1755673890', '190532386', '2316509474'] ref_chk=['1755673890', '190532386', '2316509474']
queue.enqueue edge-empty count=200000 reps=68 sample=5 order=CBA bendA=279000000 bendB=135000000 bendC=0 refA=357066000 refB=178334000 refC=0 bend_chk=['1755673890', '190532386', '2316509474'] ref_chk=['1755673890', '190532386', '2316509474']
queue.dequeue edge-empty calibrate count=200000 reps=1 bend_delta=0ns ref_delta=827000ns bendA=1000000ns
queue.dequeue edge-empty calibrate count=200000 reps=64 bend_delta=37000000ns ref_delta=49442000ns bendA=72000000ns
queue.dequeue edge-empty calibrate count=200000 reps=192 bend_delta=101000000ns ref_delta=158717000ns bendA=212000000ns
queue.dequeue edge-empty count=200000 reps=192 sample=0 order=ABC bendA=208000000 bendB=105000000 bendC=0 refA=309913000 refB=151232000 refC=1000 bend_chk=['492868704', '2858529888', '365089888'] ref_chk=['492868704', '2858529888', '365089888']
queue.dequeue edge-empty count=200000 reps=192 sample=1 order=CBA bendA=207000000 bendB=100000000 bendC=0 refA=317349000 refB=158887000 refC=0 bend_chk=['492868704', '2858529888', '365089888'] ref_chk=['492868704', '2858529888', '365089888']
queue.dequeue edge-empty count=200000 reps=192 sample=2 order=ABC bendA=216000000 bendB=112000000 bendC=0 refA=317645000 refB=156741000 refC=1000 bend_chk=['492868704', '2858529888', '365089888'] ref_chk=['492868704', '2858529888', '365089888']
queue.dequeue edge-empty count=200000 reps=192 sample=3 order=CBA bendA=225000000 bendB=105000000 bendC=0 refA=317696000 refB=168374000 refC=1000 bend_chk=['492868704', '2858529888', '365089888'] ref_chk=['492868704', '2858529888', '365089888']
queue.dequeue edge-empty count=200000 reps=192 sample=4 order=ABC bendA=216000000 bendB=112000000 bendC=0 refA=326304000 refB=158480000 refC=1000 bend_chk=['492868704', '2858529888', '365089888'] ref_chk=['492868704', '2858529888', '365089888']
queue.dequeue edge-empty count=200000 reps=192 sample=5 order=CBA bendA=222000000 bendB=105000000 bendC=0 refA=305853000 refB=161587000 refC=1000 bend_chk=['492868704', '2858529888', '365089888'] ref_chk=['492868704', '2858529888', '365089888']
queue.peek edge-empty calibrate count=200000 reps=1 bend_delta=0ns ref_delta=828000ns bendA=1000000ns
queue.peek edge-empty calibrate count=12800000 reps=1 bend_delta=36000000ns ref_delta=51522000ns bendA=71000000ns
queue.peek edge-empty calibrate count=38400000 reps=1 bend_delta=105000000ns ref_delta=170630000ns bendA=220000000ns
queue.peek edge-empty count=38400000 reps=1 sample=0 order=ABC bendA=218000000 bendB=115000000 bendC=0 refA=317541000 refB=150131000 refC=0 bend_chk=['421537014', '1183864054', '34038'] ref_chk=['421537014', '1183864054', '34038']
queue.peek edge-empty count=38400000 reps=1 sample=1 order=CBA bendA=219000000 bendB=104000000 bendC=0 refA=308501000 refB=163320000 refC=0 bend_chk=['421537014', '1183864054', '34038'] ref_chk=['421537014', '1183864054', '34038']
queue.peek edge-empty count=38400000 reps=1 sample=2 order=ABC bendA=208000000 bendB=112000000 bendC=0 refA=312387000 refB=151269000 refC=0 bend_chk=['421537014', '1183864054', '34038'] ref_chk=['421537014', '1183864054', '34038']
queue.peek edge-empty count=38400000 reps=1 sample=3 order=CBA bendA=211000000 bendB=103000000 bendC=0 refA=303354000 refB=157318000 refC=0 bend_chk=['421537014', '1183864054', '34038'] ref_chk=['421537014', '1183864054', '34038']
queue.peek edge-empty count=38400000 reps=1 sample=4 order=ABC bendA=213000000 bendB=115000000 bendC=0 refA=320930000 refB=154378000 refC=0 bend_chk=['421537014', '1183864054', '34038'] ref_chk=['421537014', '1183864054', '34038']
queue.peek edge-empty count=38400000 reps=1 sample=5 order=CBA bendA=216000000 bendB=103000000 bendC=0 refA=306447000 refB=159828000 refC=1000 bend_chk=['421537014', '1183864054', '34038'] ref_chk=['421537014', '1183864054', '34038']
queue.to_list edge-empty calibrate count=200000 reps=1 bend_delta=1000000ns ref_delta=285000ns bendA=2000000ns
queue.to_list edge-empty calibrate count=12800000 reps=1 bend_delta=62000000ns ref_delta=19410000ns bendA=121000000ns
queue.to_list edge-empty calibrate count=25600000 reps=1 bend_delta=123000000ns ref_delta=38738000ns bendA=248000000ns
queue.to_list edge-empty count=25600000 reps=1 sample=0 order=ABC bendA=254000000 bendB=128000000 bendC=0 refA=79347000 refB=40067000 refC=0 bend_chk=['2139571477', '130278677', '34069'] ref_chk=['2139571477', '130278677', '34069']
queue.to_list edge-empty count=25600000 reps=1 sample=1 order=CBA bendA=262000000 bendB=126000000 bendC=0 refA=78424000 refB=39938000 refC=0 bend_chk=['2139571477', '130278677', '34069'] ref_chk=['2139571477', '130278677', '34069']
queue.to_list edge-empty count=25600000 reps=1 sample=2 order=ABC bendA=265000000 bendB=130000000 bendC=0 refA=77764000 refB=38938000 refC=0 bend_chk=['2139571477', '130278677', '34069'] ref_chk=['2139571477', '130278677', '34069']
queue.to_list edge-empty count=25600000 reps=1 sample=3 order=CBA bendA=252000000 bendB=124000000 bendC=0 refA=77629000 refB=40027000 refC=0 bend_chk=['2139571477', '130278677', '34069'] ref_chk=['2139571477', '130278677', '34069']
queue.to_list edge-empty count=25600000 reps=1 sample=4 order=ABC bendA=260000000 bendB=133000000 bendC=0 refA=81833000 refB=39744000 refC=0 bend_chk=['2139571477', '130278677', '34069'] ref_chk=['2139571477', '130278677', '34069']
queue.to_list edge-empty count=25600000 reps=1 sample=5 order=CBA bendA=254000000 bendB=131000000 bendC=0 refA=77789000 refB=38928000 refC=1000 bend_chk=['2139571477', '130278677', '34069'] ref_chk=['2139571477', '130278677', '34069']
