dynamic_array.push small calibrate count=200000 reps=1 bend_delta=1000000ns ref_delta=852000ns bendA=3000000ns
dynamic_array.push small calibrate count=200000 reps=64 bend_delta=89000000ns ref_delta=54007000ns bendA=183000000ns
dynamic_array.push small calibrate count=200000 reps=128 bend_delta=163000000ns ref_delta=154915000ns bendA=367000000ns
dynamic_array.push small count=200000 reps=128 sample=0 order=ABC bendA=415000000 bendB=212000000 bendC=0 refA=225379000 refB=160798000 refC=64000 bend_chk=['2625586696', '4274858574', '790321475'] ref_chk=['2625586696', '4274858574', '790321475']
dynamic_array.push small count=200000 reps=128 sample=1 order=CBA bendA=427000000 bendB=194000000 bendC=0 refA=219751000 refB=121961000 refC=74000 bend_chk=['2625586696', '4274858574', '790321475'] ref_chk=['2625586696', '4274858574', '790321475']
dynamic_array.push small count=200000 reps=128 sample=2 order=ABC bendA=394000000 bendB=200000000 bendC=0 refA=231193000 refB=117438000 refC=63000 bend_chk=['2625586696', '4274858574', '790321475'] ref_chk=['2625586696', '4274858574', '790321475']
dynamic_array.push small count=200000 reps=128 sample=3 order=CBA bendA=369000000 bendB=187000000 bendC=0 refA=266029000 refB=103317000 refC=72000 bend_chk=['2625586696', '4274858574', '790321475'] ref_chk=['2625586696', '4274858574', '790321475']
dynamic_array.push small count=200000 reps=128 sample=4 order=ABC bendA=385000000 bendB=191000000 bendC=0 refA=238926000 refB=136707000 refC=67000 bend_chk=['2625586696', '4274858574', '790321475'] ref_chk=['2625586696', '4274858574', '790321475']
dynamic_array.push small count=200000 reps=128 sample=5 order=CBA bendA=383000000 bendB=204000000 bendC=0 refA=245530000 refB=114163000 refC=70000 bend_chk=['2625586696', '4274858574', '790321475'] ref_chk=['2625586696', '4274858574', '790321475']
dynamic_array.push medium calibrate count=100000 reps=1 bend_delta=1000000ns ref_delta=465000ns bendA=2000000ns
dynamic_array.push medium calibrate count=100000 reps=64 bend_delta=43000000ns ref_delta=26265000ns bendA=94000000ns
dynamic_array.push medium calibrate count=100000 reps=192 bend_delta=130000000ns ref_delta=81260000ns bendA=285000000ns
dynamic_array.push medium count=100000 reps=192 sample=0 order=ABC bendA=281000000 bendB=148000000 bendC=9000000 refA=163904000 refB=82804000 refC=2936000 bend_chk=['2636776643', '1976968008', '1325035963'] ref_chk=['2636776643', '1976968008', '1325035963']
dynamic_array.push medium count=100000 reps=192 sample=1 order=CBA bendA=277000000 bendB=150000000 bendC=9000000 refA=165655000 refB=77520000 refC=2933000 bend_chk=['2636776643', '1976968008', '1325035963'] ref_chk=['2636776643', '1976968008', '1325035963']
dynamic_array.push medium count=100000 reps=192 sample=2 order=ABC bendA=292000000 bendB=156000000 bendC=8000000 refA=189693000 refB=81295000 refC=2901000 bend_chk=['2636776643', '1976968008', '1325035963'] ref_chk=['2636776643', '1976968008', '1325035963']
dynamic_array.push medium count=100000 reps=192 sample=3 order=CBA bendA=295000000 bendB=144000000 bendC=8000000 refA=198960000 refB=117139000 refC=3016000 bend_chk=['2636776643', '1976968008', '1325035963'] ref_chk=['2636776643', '1976968008', '1325035963']
dynamic_array.push medium count=100000 reps=192 sample=4 order=ABC bendA=299000000 bendB=152000000 bendC=9000000 refA=200059000 refB=92042000 refC=3014000 bend_chk=['2636776643', '1976968008', '1325035963'] ref_chk=['2636776643', '1976968008', '1325035963']
dynamic_array.push medium count=100000 reps=192 sample=5 order=CBA bendA=286000000 bendB=158000000 bendC=8000000 refA=186267000 refB=81666000 refC=3044000 bend_chk=['2636776643', '1976968008', '1325035963'] ref_chk=['2636776643', '1976968008', '1325035963']
dynamic_array.push large calibrate count=50000 reps=1 bend_delta=0ns ref_delta=478000ns bendA=4000000ns
dynamic_array.push large calibrate count=262144 reps=1 bend_delta=3000000ns ref_delta=1563000ns bendA=8000000ns
dynamic_array.push large calibrate count=262144 reps=34 bend_delta=39000000ns ref_delta=52418000ns bendA=227000000ns
dynamic_array.push large calibrate count=262144 reps=102 bend_delta=243000000ns ref_delta=330376000ns bendA=679000000ns
dynamic_array.push large count=262144 reps=102 sample=0 order=ABC bendA=780000000 bendB=486000000 bendC=284000000 refA=405691000 refB=273452000 refC=129503000 bend_chk=['263934709', '3371371761', '1488602888'] ref_chk=['263934709', '3371371761', '1488602888']
dynamic_array.push large count=262144 reps=102 sample=1 order=CBA bendA=766000000 bendB=449000000 bendC=263000000 refA=395145000 refB=244767000 refC=126217000 bend_chk=['263934709', '3371371761', '1488602888'] ref_chk=['263934709', '3371371761', '1488602888']
dynamic_array.push large count=262144 reps=102 sample=2 order=ABC bendA=786000000 bendB=479000000 bendC=268000000 refA=412853000 refB=234054000 refC=131629000 bend_chk=['263934709', '3371371761', '1488602888'] ref_chk=['263934709', '3371371761', '1488602888']
dynamic_array.push large count=262144 reps=102 sample=3 order=CBA bendA=657000000 bendB=444000000 bendC=259000000 refA=432598000 refB=247655000 refC=133374000 bend_chk=['263934709', '3371371761', '1488602888'] ref_chk=['263934709', '3371371761', '1488602888']
dynamic_array.push large count=262144 reps=102 sample=4 order=ABC bendA=711000000 bendB=487000000 bendC=268000000 refA=418481000 refB=246058000 refC=142809000 bend_chk=['263934709', '3371371761', '1488602888'] ref_chk=['263934709', '3371371761', '1488602888']
dynamic_array.push large count=262144 reps=102 sample=5 order=CBA bendA=678000000 bendB=442000000 bendC=275000000 refA=468247000 refB=297973000 refC=141025000 bend_chk=['263934709', '3371371761', '1488602888'] ref_chk=['263934709', '3371371761', '1488602888']
dynamic_array.get small calibrate count=200000 reps=1 bend_delta=1000000ns ref_delta=374000ns bendA=1000000ns
dynamic_array.get small calibrate count=12800000 reps=1 bend_delta=27000000ns ref_delta=30075000ns bendA=56000000ns
dynamic_array.get small calibrate count=51200000 reps=1 bend_delta=108000000ns ref_delta=86820000ns bendA=213000000ns
dynamic_array.get small count=51200000 reps=1 sample=0 order=ABC bendA=293000000 bendB=132000000 bendC=0 refA=202382000 refB=98111000 refC=6000 bend_chk=['2463695262', '2541504316', '4143388739'] ref_chk=['2463695262', '2541504316', '4143388739']
dynamic_array.get small count=51200000 reps=1 sample=1 order=CBA bendA=240000000 bendB=124000000 bendC=0 refA=196074000 refB=88814000 refC=6000 bend_chk=['2463695262', '2541504316', '4143388739'] ref_chk=['2463695262', '2541504316', '4143388739']
dynamic_array.get small count=51200000 reps=1 sample=2 order=ABC bendA=222000000 bendB=106000000 bendC=0 refA=175500000 refB=87355000 refC=15000 bend_chk=['2463695262', '2541504316', '4143388739'] ref_chk=['2463695262', '2541504316', '4143388739']
dynamic_array.get small count=51200000 reps=1 sample=3 order=CBA bendA=212000000 bendB=105000000 bendC=0 refA=180940000 refB=86794000 refC=6000 bend_chk=['2463695262', '2541504316', '4143388739'] ref_chk=['2463695262', '2541504316', '4143388739']
dynamic_array.get small count=51200000 reps=1 sample=4 order=ABC bendA=222000000 bendB=102000000 bendC=0 refA=172222000 refB=118025000 refC=11000 bend_chk=['2463695262', '2541504316', '4143388739'] ref_chk=['2463695262', '2541504316', '4143388739']
dynamic_array.get small count=51200000 reps=1 sample=5 order=CBA bendA=227000000 bendB=113000000 bendC=0 refA=205255000 refB=92877000 refC=24000 bend_chk=['2463695262', '2541504316', '4143388739'] ref_chk=['2463695262', '2541504316', '4143388739']
dynamic_array.get medium calibrate count=100000 reps=1 bend_delta=-1000000ns ref_delta=176000ns bendA=0ns
dynamic_array.get medium calibrate count=6400000 reps=1 bend_delta=11000000ns ref_delta=7106000ns bendA=24000000ns
dynamic_array.get medium calibrate count=64000000 reps=1 bend_delta=107000000ns ref_delta=110918000ns bendA=244000000ns
dynamic_array.get medium count=64000000 reps=1 sample=0 order=ABC bendA=273000000 bendB=125000000 bendC=0 refA=199953000 refB=99936000 refC=41000 bend_chk=['62857481', '261701687', '2912527909'] ref_chk=['62857481', '261701687', '2912527909']
dynamic_array.get medium count=64000000 reps=1 sample=1 order=CBA bendA=243000000 bendB=123000000 bendC=0 refA=224762000 refB=99247000 refC=29000 bend_chk=['62857481', '261701687', '2912527909'] ref_chk=['62857481', '261701687', '2912527909']
dynamic_array.get medium count=64000000 reps=1 sample=2 order=ABC bendA=262000000 bendB=120000000 bendC=0 refA=198152000 refB=97527000 refC=44000 bend_chk=['62857481', '261701687', '2912527909'] ref_chk=['62857481', '261701687', '2912527909']
dynamic_array.get medium count=64000000 reps=1 sample=3 order=CBA bendA=233000000 bendB=119000000 bendC=0 refA=215202000 refB=100196000 refC=25000 bend_chk=['62857481', '261701687', '2912527909'] ref_chk=['62857481', '261701687', '2912527909']
dynamic_array.get medium count=64000000 reps=1 sample=4 order=ABC bendA=252000000 bendB=127000000 bendC=0 refA=230522000 refB=100467000 refC=45000 bend_chk=['62857481', '261701687', '2912527909'] ref_chk=['62857481', '261701687', '2912527909']
dynamic_array.get medium count=64000000 reps=1 sample=5 order=CBA bendA=266000000 bendB=124000000 bendC=0 refA=226533000 refB=108300000 refC=29000 bend_chk=['62857481', '261701687', '2912527909'] ref_chk=['62857481', '261701687', '2912527909']
dynamic_array.get large calibrate count=50000 reps=1 bend_delta=0ns ref_delta=454000ns bendA=3000000ns
dynamic_array.get large calibrate count=3200000 reps=1 bend_delta=6000000ns ref_delta=5342000ns bendA=17000000ns
dynamic_array.get large calibrate count=54400000 reps=1 bend_delta=123000000ns ref_delta=98699000ns bendA=250000000ns
dynamic_array.get large count=54400000 reps=1 sample=0 order=ABC bendA=262000000 bendB=127000000 bendC=3000000 refA=187152000 refB=91711000 refC=1520000 bend_chk=['3299241054', '2914740968', '3165907052'] ref_chk=['3299241054', '2914740968', '3165907052']
dynamic_array.get large count=54400000 reps=1 sample=1 order=CBA bendA=259000000 bendB=133000000 bendC=3000000 refA=180112000 refB=89510000 refC=1479000 bend_chk=['3299241054', '2914740968', '3165907052'] ref_chk=['3299241054', '2914740968', '3165907052']
dynamic_array.get large count=54400000 reps=1 sample=2 order=ABC bendA=232000000 bendB=118000000 bendC=2000000 refA=168863000 refB=86306000 refC=1780000 bend_chk=['3299241054', '2914740968', '3165907052'] ref_chk=['3299241054', '2914740968', '3165907052']
dynamic_array.get large count=54400000 reps=1 sample=3 order=CBA bendA=268000000 bendB=147000000 bendC=3000000 refA=252226000 refB=120369000 refC=1637000 bend_chk=['3299241054', '2914740968', '3165907052'] ref_chk=['3299241054', '2914740968', '3165907052']
dynamic_array.get large count=54400000 reps=1 sample=4 order=ABC bendA=249000000 bendB=119000000 bendC=2000000 refA=198085000 refB=92055000 refC=2206000 bend_chk=['3299241054', '2914740968', '3165907052'] ref_chk=['3299241054', '2914740968', '3165907052']
dynamic_array.get large count=54400000 reps=1 sample=5 order=CBA bendA=243000000 bendB=123000000 bendC=4000000 refA=208342000 refB=87122000 refC=2296000 bend_chk=['3299241054', '2914740968', '3165907052'] ref_chk=['3299241054', '2914740968', '3165907052']
dynamic_array.set small calibrate count=200000 reps=1 bend_delta=1000000ns ref_delta=332000ns bendA=1000000ns
dynamic_array.set small calibrate count=12800000 reps=1 bend_delta=23000000ns ref_delta=20987000ns bendA=45000000ns
dynamic_array.set small calibrate count=64000000 reps=1 bend_delta=108000000ns ref_delta=154003000ns bendA=228000000ns
dynamic_array.set small count=64000000 reps=1 sample=0 order=ABC bendA=284000000 bendB=115000000 bendC=0 refA=256756000 refB=119268000 refC=23000 bend_chk=['163954283', '1077034964', '2408991145'] ref_chk=['163954283', '1077034964', '2408991145']
dynamic_array.set small count=64000000 reps=1 sample=1 order=CBA bendA=236000000 bendB=129000000 bendC=0 refA=251090000 refB=108311000 refC=39000 bend_chk=['163954283', '1077034964', '2408991145'] ref_chk=['163954283', '1077034964', '2408991145']
dynamic_array.set small count=64000000 reps=1 sample=2 order=ABC bendA=240000000 bendB=130000000 bendC=0 refA=231581000 refB=106272000 refC=16000 bend_chk=['163954283', '1077034964', '2408991145'] ref_chk=['163954283', '1077034964', '2408991145']
dynamic_array.set small count=64000000 reps=1 sample=3 order=CBA bendA=270000000 bendB=116000000 bendC=0 refA=225085000 refB=114109000 refC=6000 bend_chk=['163954283', '1077034964', '2408991145'] ref_chk=['163954283', '1077034964', '2408991145']
dynamic_array.set small count=64000000 reps=1 sample=4 order=ABC bendA=243000000 bendB=121000000 bendC=0 refA=257295000 refB=116531000 refC=3000 bend_chk=['163954283', '1077034964', '2408991145'] ref_chk=['163954283', '1077034964', '2408991145']
dynamic_array.set small count=64000000 reps=1 sample=5 order=CBA bendA=245000000 bendB=125000000 bendC=0 refA=233571000 refB=117260000 refC=6000 bend_chk=['163954283', '1077034964', '2408991145'] ref_chk=['163954283', '1077034964', '2408991145']
dynamic_array.set medium calibrate count=100000 reps=1 bend_delta=0ns ref_delta=218000ns bendA=1000000ns
dynamic_array.set medium calibrate count=6400000 reps=1 bend_delta=11000000ns ref_delta=9431000ns bendA=21000000ns
dynamic_array.set medium calibrate count=64000000 reps=1 bend_delta=101000000ns ref_delta=86146000ns bendA=206000000ns
dynamic_array.set medium count=64000000 reps=1 sample=0 order=ABC bendA=247000000 bendB=102000000 bendC=0 refA=197816000 refB=123240000 refC=28000 bend_chk=['2241130943', '2635116085', '605867025'] ref_chk=['2241130943', '2635116085', '605867025']
dynamic_array.set medium count=64000000 reps=1 sample=1 order=CBA bendA=213000000 bendB=109000000 bendC=0 refA=221144000 refB=94205000 refC=30000 bend_chk=['2241130943', '2635116085', '605867025'] ref_chk=['2241130943', '2635116085', '605867025']
dynamic_array.set medium count=64000000 reps=1 sample=2 order=ABC bendA=232000000 bendB=134000000 bendC=0 refA=216704000 refB=106926000 refC=20000 bend_chk=['2241130943', '2635116085', '605867025'] ref_chk=['2241130943', '2635116085', '605867025']
dynamic_array.set medium count=64000000 reps=1 sample=3 order=CBA bendA=230000000 bendB=112000000 bendC=0 refA=214100000 refB=112970000 refC=27000 bend_chk=['2241130943', '2635116085', '605867025'] ref_chk=['2241130943', '2635116085', '605867025']
dynamic_array.set medium count=64000000 reps=1 sample=4 order=ABC bendA=213000000 bendB=103000000 bendC=0 refA=195393000 refB=96429000 refC=38000 bend_chk=['2241130943', '2635116085', '605867025'] ref_chk=['2241130943', '2635116085', '605867025']
dynamic_array.set medium count=64000000 reps=1 sample=5 order=CBA bendA=219000000 bendB=115000000 bendC=0 refA=199102000 refB=107885000 refC=29000 bend_chk=['2241130943', '2635116085', '605867025'] ref_chk=['2241130943', '2635116085', '605867025']
dynamic_array.set large calibrate count=50000 reps=1 bend_delta=2000000ns ref_delta=-207000ns bendA=5000000ns
dynamic_array.set large calibrate count=3200000 reps=1 bend_delta=6000000ns ref_delta=7244000ns bendA=14000000ns
dynamic_array.set large calibrate count=54400000 reps=1 bend_delta=100000000ns ref_delta=82139000ns bendA=195000000ns
dynamic_array.set large count=54400000 reps=1 sample=0 order=ABC bendA=214000000 bendB=96000000 bendC=3000000 refA=181448000 refB=88771000 refC=1237000 bend_chk=['3685135915', '697836484', '3328188793'] ref_chk=['3685135915', '697836484', '3328188793']
dynamic_array.set large count=54400000 reps=1 sample=1 order=CBA bendA=192000000 bendB=96000000 bendC=3000000 refA=177440000 refB=107043000 refC=4103000 bend_chk=['3685135915', '697836484', '3328188793'] ref_chk=['3685135915', '697836484', '3328188793']
dynamic_array.set large count=54400000 reps=1 sample=2 order=ABC bendA=211000000 bendB=122000000 bendC=4000000 refA=217868000 refB=102698000 refC=2205000 bend_chk=['3685135915', '697836484', '3328188793'] ref_chk=['3685135915', '697836484', '3328188793']
dynamic_array.set large count=54400000 reps=1 sample=3 order=CBA bendA=193000000 bendB=103000000 bendC=4000000 refA=188216000 refB=95024000 refC=2350000 bend_chk=['3685135915', '697836484', '3328188793'] ref_chk=['3685135915', '697836484', '3328188793']
dynamic_array.set large count=54400000 reps=1 sample=4 order=ABC bendA=192000000 bendB=104000000 bendC=3000000 refA=206754000 refB=92327000 refC=1321000 bend_chk=['3685135915', '697836484', '3328188793'] ref_chk=['3685135915', '697836484', '3328188793']
dynamic_array.set large count=54400000 reps=1 sample=5 order=CBA bendA=195000000 bendB=102000000 bendC=4000000 refA=192677000 refB=91677000 refC=2372000 bend_chk=['3685135915', '697836484', '3328188793'] ref_chk=['3685135915', '697836484', '3328188793']
dynamic_array.length small calibrate count=200000 reps=1 bend_delta=-1000000ns ref_delta=824000ns bendA=0ns
dynamic_array.length small calibrate count=12800000 reps=1 bend_delta=15000000ns ref_delta=51284000ns bendA=34000000ns
dynamic_array.length small calibrate count=89600000 reps=1 bend_delta=119000000ns ref_delta=281151000ns bendA=223000000ns
dynamic_array.length small count=89600000 reps=1 sample=0 order=ABC bendA=219000000 bendB=106000000 bendC=0 refA=681996000 refB=337595000 refC=3000 bend_chk=['1265664141', '1504695271', '3527613324'] ref_chk=['1265664141', '1504695271', '3527613324']
dynamic_array.length small count=89600000 reps=1 sample=1 order=CBA bendA=237000000 bendB=117000000 bendC=0 refA=663855000 refB=349740000 refC=5000 bend_chk=['1265664141', '1504695271', '3527613324'] ref_chk=['1265664141', '1504695271', '3527613324']
dynamic_array.length small count=89600000 reps=1 sample=2 order=ABC bendA=228000000 bendB=113000000 bendC=0 refA=662989000 refB=327842000 refC=16000 bend_chk=['1265664141', '1504695271', '3527613324'] ref_chk=['1265664141', '1504695271', '3527613324']
dynamic_array.length small count=89600000 reps=1 sample=3 order=CBA bendA=224000000 bendB=113000000 bendC=0 refA=672721000 refB=331297000 refC=5000 bend_chk=['1265664141', '1504695271', '3527613324'] ref_chk=['1265664141', '1504695271', '3527613324']
dynamic_array.length small count=89600000 reps=1 sample=4 order=ABC bendA=229000000 bendB=114000000 bendC=0 refA=609564000 refB=283731000 refC=3000 bend_chk=['1265664141', '1504695271', '3527613324'] ref_chk=['1265664141', '1504695271', '3527613324']
dynamic_array.length small count=89600000 reps=1 sample=5 order=CBA bendA=185000000 bendB=95000000 bendC=0 refA=521595000 refB=261523000 refC=4000 bend_chk=['1265664141', '1504695271', '3527613324'] ref_chk=['1265664141', '1504695271', '3527613324']
dynamic_array.length medium calibrate count=100000 reps=1 bend_delta=0ns ref_delta=295000ns bendA=0ns
dynamic_array.length medium calibrate count=6400000 reps=1 bend_delta=7000000ns ref_delta=18633000ns bendA=13000000ns
dynamic_array.length medium calibrate count=96000000 reps=1 bend_delta=97000000ns ref_delta=280552000ns bendA=195000000ns
dynamic_array.length medium calibrate count=192000000 reps=1 bend_delta=194000000ns ref_delta=556196000ns bendA=390000000ns
dynamic_array.length medium count=192000000 reps=1 sample=0 order=ABC bendA=390000000 bendB=195000000 bendC=0 refA=1158996000 refB=574859000 refC=21000 bend_chk=['2047124256', '3265178319', '1438613158'] ref_chk=['2047124256', '3265178319', '1438613158']
dynamic_array.length medium count=192000000 reps=1 sample=1 order=CBA bendA=386000000 bendB=194000000 bendC=0 refA=1114817000 refB=570641000 refC=19000 bend_chk=['2047124256', '3265178319', '1438613158'] ref_chk=['2047124256', '3265178319', '1438613158']
dynamic_array.length medium count=192000000 reps=1 sample=2 order=ABC bendA=387000000 bendB=193000000 bendC=0 refA=1113046000 refB=558160000 refC=19000 bend_chk=['2047124256', '3265178319', '1438613158'] ref_chk=['2047124256', '3265178319', '1438613158']
dynamic_array.length medium count=192000000 reps=1 sample=3 order=CBA bendA=390000000 bendB=198000000 bendC=0 refA=1114852000 refB=558708000 refC=20000 bend_chk=['2047124256', '3265178319', '1438613158'] ref_chk=['2047124256', '3265178319', '1438613158']
dynamic_array.length medium count=192000000 reps=1 sample=4 order=ABC bendA=387000000 bendB=195000000 bendC=0 refA=1119505000 refB=557230000 refC=23000 bend_chk=['2047124256', '3265178319', '1438613158'] ref_chk=['2047124256', '3265178319', '1438613158']
dynamic_array.length medium count=192000000 reps=1 sample=5 order=CBA bendA=388000000 bendB=194000000 bendC=0 refA=1116794000 refB=559869000 refC=19000 bend_chk=['2047124256', '3265178319', '1438613158'] ref_chk=['2047124256', '3265178319', '1438613158']
dynamic_array.length large calibrate count=50000 reps=1 bend_delta=0ns ref_delta=399000ns bendA=2000000ns
dynamic_array.length large calibrate count=3200000 reps=1 bend_delta=3000000ns ref_delta=9224000ns bendA=8000000ns
dynamic_array.length large calibrate count=108800000 reps=1 bend_delta=109000000ns ref_delta=318020000ns bendA=223000000ns
dynamic_array.length large count=108800000 reps=1 sample=0 order=ABC bendA=222000000 bendB=113000000 bendC=2000000 refA=631696000 refB=317676000 refC=845000 bend_chk=['1682719641', '1474815760', '2155701454'] ref_chk=['1682719641', '1474815760', '2155701454']
dynamic_array.length large count=108800000 reps=1 sample=1 order=CBA bendA=222000000 bendB=112000000 bendC=2000000 refA=632574000 refB=316272000 refC=1069000 bend_chk=['1682719641', '1474815760', '2155701454'] ref_chk=['1682719641', '1474815760', '2155701454']
dynamic_array.length large count=108800000 reps=1 sample=2 order=ABC bendA=223000000 bendB=112000000 bendC=1000000 refA=630962000 refB=317930000 refC=1011000 bend_chk=['1682719641', '1474815760', '2155701454'] ref_chk=['1682719641', '1474815760', '2155701454']
dynamic_array.length large count=108800000 reps=1 sample=3 order=CBA bendA=222000000 bendB=112000000 bendC=2000000 refA=632521000 refB=316132000 refC=1105000 bend_chk=['1682719641', '1474815760', '2155701454'] ref_chk=['1682719641', '1474815760', '2155701454']
dynamic_array.length large count=108800000 reps=1 sample=4 order=ABC bendA=223000000 bendB=112000000 bendC=1000000 refA=632599000 refB=316489000 refC=952000 bend_chk=['1682719641', '1474815760', '2155701454'] ref_chk=['1682719641', '1474815760', '2155701454']
dynamic_array.length large count=108800000 reps=1 sample=5 order=CBA bendA=221000000 bendB=112000000 bendC=3000000 refA=631314000 refB=317774000 refC=1060000 bend_chk=['1682719641', '1474815760', '2155701454'] ref_chk=['1682719641', '1474815760', '2155701454']
dynamic_array.capacity small calibrate count=200000 reps=1 bend_delta=-1000000ns ref_delta=502000ns bendA=0ns
dynamic_array.capacity small calibrate count=12800000 reps=1 bend_delta=13000000ns ref_delta=32092000ns bendA=26000000ns
dynamic_array.capacity small calibrate count=102400000 reps=1 bend_delta=104000000ns ref_delta=257277000ns bendA=208000000ns
dynamic_array.capacity small count=102400000 reps=1 sample=0 order=ABC bendA=207000000 bendB=104000000 bendC=0 refA=516452000 refB=258101000 refC=2000 bend_chk=['1999967868', '1843605565', '491999509'] ref_chk=['1999967868', '1843605565', '491999509']
dynamic_array.capacity small count=102400000 reps=1 sample=1 order=CBA bendA=207000000 bendB=103000000 bendC=0 refA=515225000 refB=258030000 refC=3000 bend_chk=['1999967868', '1843605565', '491999509'] ref_chk=['1999967868', '1843605565', '491999509']
dynamic_array.capacity small count=102400000 reps=1 sample=2 order=ABC bendA=206000000 bendB=104000000 bendC=0 refA=515594000 refB=257893000 refC=18000 bend_chk=['1999967868', '1843605565', '491999509'] ref_chk=['1999967868', '1843605565', '491999509']
dynamic_array.capacity small count=102400000 reps=1 sample=3 order=CBA bendA=206000000 bendB=104000000 bendC=0 refA=515156000 refB=258316000 refC=4000 bend_chk=['1999967868', '1843605565', '491999509'] ref_chk=['1999967868', '1843605565', '491999509']
dynamic_array.capacity small count=102400000 reps=1 sample=4 order=ABC bendA=207000000 bendB=103000000 bendC=0 refA=516338000 refB=257608000 refC=21000 bend_chk=['1999967868', '1843605565', '491999509'] ref_chk=['1999967868', '1843605565', '491999509']
dynamic_array.capacity small count=102400000 reps=1 sample=5 order=CBA bendA=207000000 bendB=103000000 bendC=0 refA=515216000 refB=258633000 refC=5000 bend_chk=['1999967868', '1843605565', '491999509'] ref_chk=['1999967868', '1843605565', '491999509']
dynamic_array.capacity medium calibrate count=100000 reps=1 bend_delta=1000000ns ref_delta=257000ns bendA=1000000ns
dynamic_array.capacity medium calibrate count=6400000 reps=1 bend_delta=7000000ns ref_delta=16090000ns bendA=13000000ns
dynamic_array.capacity medium calibrate count=96000000 reps=1 bend_delta=96000000ns ref_delta=241910000ns bendA=194000000ns
dynamic_array.capacity medium calibrate count=192000000 reps=1 bend_delta=196000000ns ref_delta=484422000ns bendA=389000000ns
dynamic_array.capacity medium count=192000000 reps=1 sample=0 order=ABC bendA=387000000 bendB=194000000 bendC=0 refA=967574000 refB=487624000 refC=29000 bend_chk=['136924646', '1033683063', '3754598155'] ref_chk=['136924646', '1033683063', '3754598155']
dynamic_array.capacity medium count=192000000 reps=1 sample=1 order=CBA bendA=386000000 bendB=194000000 bendC=0 refA=982690000 refB=489177000 refC=22000 bend_chk=['136924646', '1033683063', '3754598155'] ref_chk=['136924646', '1033683063', '3754598155']
dynamic_array.capacity medium count=192000000 reps=1 sample=2 order=ABC bendA=388000000 bendB=194000000 bendC=0 refA=968608000 refB=484328000 refC=14000 bend_chk=['136924646', '1033683063', '3754598155'] ref_chk=['136924646', '1033683063', '3754598155']
dynamic_array.capacity medium count=192000000 reps=1 sample=3 order=CBA bendA=389000000 bendB=197000000 bendC=0 refA=968363000 refB=483376000 refC=20000 bend_chk=['136924646', '1033683063', '3754598155'] ref_chk=['136924646', '1033683063', '3754598155']
dynamic_array.capacity medium count=192000000 reps=1 sample=4 order=ABC bendA=394000000 bendB=195000000 bendC=0 refA=971280000 refB=485332000 refC=14000 bend_chk=['136924646', '1033683063', '3754598155'] ref_chk=['136924646', '1033683063', '3754598155']
dynamic_array.capacity medium count=192000000 reps=1 sample=5 order=CBA bendA=390000000 bendB=195000000 bendC=0 refA=968483000 refB=483475000 refC=24000 bend_chk=['136924646', '1033683063', '3754598155'] ref_chk=['136924646', '1033683063', '3754598155']
dynamic_array.capacity large calibrate count=50000 reps=1 bend_delta=0ns ref_delta=360000ns bendA=2000000ns
dynamic_array.capacity large calibrate count=3200000 reps=1 bend_delta=4000000ns ref_delta=5703000ns bendA=9000000ns
dynamic_array.capacity large calibrate count=83200000 reps=1 bend_delta=85000000ns ref_delta=210880000ns bendA=170000000ns
dynamic_array.capacity large calibrate count=166400000 reps=1 bend_delta=168000000ns ref_delta=417686000ns bendA=338000000ns
dynamic_array.capacity large count=166400000 reps=1 sample=0 order=ABC bendA=340000000 bendB=169000000 bendC=2000000 refA=838751000 refB=420640000 refC=1178000 bend_chk=['708398442', '2015771723', '2188837917'] ref_chk=['708398442', '2015771723', '2188837917']
dynamic_array.capacity large count=166400000 reps=1 sample=1 order=CBA bendA=338000000 bendB=170000000 bendC=2000000 refA=838460000 refB=421468000 refC=1064000 bend_chk=['708398442', '2015771723', '2188837917'] ref_chk=['708398442', '2015771723', '2188837917']
dynamic_array.capacity large count=166400000 reps=1 sample=2 order=ABC bendA=339000000 bendB=171000000 bendC=1000000 refA=840046000 refB=420473000 refC=931000 bend_chk=['708398442', '2015771723', '2188837917'] ref_chk=['708398442', '2015771723', '2188837917']
dynamic_array.capacity large count=166400000 reps=1 sample=3 order=CBA bendA=338000000 bendB=170000000 bendC=2000000 refA=838708000 refB=419342000 refC=1083000 bend_chk=['708398442', '2015771723', '2188837917'] ref_chk=['708398442', '2015771723', '2188837917']
dynamic_array.capacity large count=166400000 reps=1 sample=4 order=ABC bendA=337000000 bendB=170000000 bendC=2000000 refA=838836000 refB=419087000 refC=925000 bend_chk=['708398442', '2015771723', '2188837917'] ref_chk=['708398442', '2015771723', '2188837917']
dynamic_array.capacity large count=166400000 reps=1 sample=5 order=CBA bendA=339000000 bendB=169000000 bendC=3000000 refA=838406000 refB=419090000 refC=1053000 bend_chk=['708398442', '2015771723', '2188837917'] ref_chk=['708398442', '2015771723', '2188837917']
dynamic_array.reserve small calibrate count=200000 reps=1 bend_delta=1000000ns ref_delta=225000ns bendA=1000000ns
dynamic_array.reserve small calibrate count=12800000 reps=1 bend_delta=15000000ns ref_delta=14183000ns bendA=30000000ns
dynamic_array.reserve small calibrate count=89600000 reps=1 bend_delta=104000000ns ref_delta=97959000ns bendA=209000000ns
dynamic_array.reserve small count=89600000 reps=1 sample=0 order=ABC bendA=211000000 bendB=105000000 bendC=0 refA=197781000 refB=98750000 refC=1000 bend_chk=['2360053340', '783793374', '714453784'] ref_chk=['2360053340', '783793374', '714453784']
dynamic_array.reserve small count=89600000 reps=1 sample=1 order=CBA bendA=210000000 bendB=105000000 bendC=0 refA=198864000 refB=98973000 refC=4000 bend_chk=['2360053340', '783793374', '714453784'] ref_chk=['2360053340', '783793374', '714453784']
dynamic_array.reserve small count=89600000 reps=1 sample=2 order=ABC bendA=210000000 bendB=105000000 bendC=0 refA=197589000 refB=98844000 refC=24000 bend_chk=['2360053340', '783793374', '714453784'] ref_chk=['2360053340', '783793374', '714453784']
dynamic_array.reserve small count=89600000 reps=1 sample=3 order=CBA bendA=211000000 bendB=105000000 bendC=0 refA=199527000 refB=99916000 refC=4000 bend_chk=['2360053340', '783793374', '714453784'] ref_chk=['2360053340', '783793374', '714453784']
dynamic_array.reserve small count=89600000 reps=1 sample=4 order=ABC bendA=212000000 bendB=105000000 bendC=0 refA=197504000 refB=99090000 refC=1000 bend_chk=['2360053340', '783793374', '714453784'] ref_chk=['2360053340', '783793374', '714453784']
dynamic_array.reserve small count=89600000 reps=1 sample=5 order=CBA bendA=213000000 bendB=105000000 bendC=0 refA=198149000 refB=98820000 refC=5000 bend_chk=['2360053340', '783793374', '714453784'] ref_chk=['2360053340', '783793374', '714453784']
dynamic_array.reserve medium calibrate count=100000 reps=1 bend_delta=0ns ref_delta=124000ns bendA=0ns
dynamic_array.reserve medium calibrate count=6400000 reps=1 bend_delta=8000000ns ref_delta=7056000ns bendA=15000000ns
dynamic_array.reserve medium calibrate count=83200000 reps=1 bend_delta=98000000ns ref_delta=91707000ns bendA=196000000ns
dynamic_array.reserve medium calibrate count=166400000 reps=1 bend_delta=197000000ns ref_delta=182693000ns bendA=394000000ns
dynamic_array.reserve medium count=166400000 reps=1 sample=0 order=ABC bendA=408000000 bendB=207000000 bendC=0 refA=396479000 refB=193758000 refC=13000 bend_chk=['4122768462', '2994552013', '1016444873'] ref_chk=['4122768462', '2994552013', '1016444873']
dynamic_array.reserve medium count=166400000 reps=1 sample=1 order=CBA bendA=390000000 bendB=205000000 bendC=0 refA=402266000 refB=221287000 refC=19000 bend_chk=['4122768462', '2994552013', '1016444873'] ref_chk=['4122768462', '2994552013', '1016444873']
dynamic_array.reserve medium count=166400000 reps=1 sample=2 order=ABC bendA=393000000 bendB=196000000 bendC=0 refA=367478000 refB=185186000 refC=35000 bend_chk=['4122768462', '2994552013', '1016444873'] ref_chk=['4122768462', '2994552013', '1016444873']
dynamic_array.reserve medium count=166400000 reps=1 sample=3 order=CBA bendA=392000000 bendB=197000000 bendC=0 refA=368943000 refB=184520000 refC=20000 bend_chk=['4122768462', '2994552013', '1016444873'] ref_chk=['4122768462', '2994552013', '1016444873']
dynamic_array.reserve medium count=166400000 reps=1 sample=4 order=ABC bendA=395000000 bendB=295000000 bendC=0 refA=413776000 refB=201386000 refC=30000 bend_chk=['4122768462', '2994552013', '1016444873'] ref_chk=['4122768462', '2994552013', '1016444873']
dynamic_array.reserve medium count=166400000 reps=1 sample=5 order=CBA bendA=411000000 bendB=212000000 bendC=0 refA=395751000 refB=192962000 refC=21000 bend_chk=['4122768462', '2994552013', '1016444873'] ref_chk=['4122768462', '2994552013', '1016444873']
dynamic_array.reserve large calibrate count=50000 reps=1 bend_delta=0ns ref_delta=290000ns bendA=2000000ns
dynamic_array.reserve large calibrate count=3200000 reps=1 bend_delta=4000000ns ref_delta=3712000ns bendA=10000000ns
dynamic_array.reserve large calibrate count=83200000 reps=1 bend_delta=105000000ns ref_delta=97781000ns bendA=209000000ns
dynamic_array.reserve large count=83200000 reps=1 sample=0 order=ABC bendA=217000000 bendB=110000000 bendC=3000000 refA=209172000 refB=101716000 refC=1091000 bend_chk=['2928565670', '1653845504', '132980720'] ref_chk=['2928565670', '1653845504', '132980720']
dynamic_array.reserve large count=83200000 reps=1 sample=1 order=CBA bendA=217000000 bendB=110000000 bendC=2000000 refA=202419000 refB=101909000 refC=1145000 bend_chk=['2928565670', '1653845504', '132980720'] ref_chk=['2928565670', '1653845504', '132980720']
dynamic_array.reserve large count=83200000 reps=1 sample=2 order=ABC bendA=211000000 bendB=103000000 bendC=3000000 refA=207558000 refB=117154000 refC=1084000 bend_chk=['2928565670', '1653845504', '132980720'] ref_chk=['2928565670', '1653845504', '132980720']
dynamic_array.reserve large count=83200000 reps=1 sample=3 order=CBA bendA=224000000 bendB=111000000 bendC=3000000 refA=202905000 refB=101796000 refC=1200000 bend_chk=['2928565670', '1653845504', '132980720'] ref_chk=['2928565670', '1653845504', '132980720']
dynamic_array.reserve large count=83200000 reps=1 sample=4 order=ABC bendA=215000000 bendB=103000000 bendC=2000000 refA=194127000 refB=98232000 refC=890000 bend_chk=['2928565670', '1653845504', '132980720'] ref_chk=['2928565670', '1653845504', '132980720']
dynamic_array.reserve large count=83200000 reps=1 sample=5 order=CBA bendA=213000000 bendB=104000000 bendC=2000000 refA=195683000 refB=98253000 refC=1131000 bend_chk=['2928565670', '1653845504', '132980720'] ref_chk=['2928565670', '1653845504', '132980720']
dynamic_array.to_list small calibrate count=20000 reps=1 bend_delta=3000000ns ref_delta=1537000ns bendA=7000000ns
dynamic_array.to_list small calibrate count=680000 reps=1 bend_delta=124000000ns ref_delta=51654000ns bendA=250000000ns
dynamic_array.to_list small count=680000 reps=1 sample=0 order=ABC bendA=257000000 bendB=130000000 bendC=0 refA=107635000 refB=53863000 refC=1000 bend_chk=['3947658636', '145349507', '1528121628'] ref_chk=['3947658636', '145349507', '1528121628']
dynamic_array.to_list small count=680000 reps=1 sample=1 order=CBA bendA=251000000 bendB=126000000 bendC=0 refA=105654000 refB=52341000 refC=5000 bend_chk=['3947658636', '145349507', '1528121628'] ref_chk=['3947658636', '145349507', '1528121628']
dynamic_array.to_list small count=680000 reps=1 sample=2 order=ABC bendA=257000000 bendB=129000000 bendC=0 refA=106737000 refB=52154000 refC=2000 bend_chk=['3947658636', '145349507', '1528121628'] ref_chk=['3947658636', '145349507', '1528121628']
dynamic_array.to_list small count=680000 reps=1 sample=3 order=CBA bendA=251000000 bendB=126000000 bendC=0 refA=104323000 refB=52516000 refC=5000 bend_chk=['3947658636', '145349507', '1528121628'] ref_chk=['3947658636', '145349507', '1528121628']
dynamic_array.to_list small count=680000 reps=1 sample=4 order=ABC bendA=252000000 bendB=130000000 bendC=0 refA=107700000 refB=53679000 refC=1000 bend_chk=['3947658636', '145349507', '1528121628'] ref_chk=['3947658636', '145349507', '1528121628']
dynamic_array.to_list small count=680000 reps=1 sample=5 order=CBA bendA=250000000 bendB=125000000 bendC=0 refA=104298000 refB=52146000 refC=4000 bend_chk=['3947658636', '145349507', '1528121628'] ref_chk=['3947658636', '145349507', '1528121628']
dynamic_array.to_list medium calibrate count=1000 reps=1 bend_delta=9000000ns ref_delta=4311000ns bendA=19000000ns
dynamic_array.to_list medium calibrate count=12000 reps=1 bend_delta=122000000ns ref_delta=56517000ns bendA=241000000ns
dynamic_array.to_list medium count=12000 reps=1 sample=0 order=ABC bendA=238000000 bendB=121000000 bendC=0 refA=106454000 refB=53293000 refC=41000 bend_chk=['2975478479', '1570470237', '3545794285'] ref_chk=['2975478479', '1570470237', '3545794285']
dynamic_array.to_list medium count=12000 reps=1 sample=1 order=CBA bendA=238000000 bendB=119000000 bendC=0 refA=116296000 refB=60622000 refC=24000 bend_chk=['2975478479', '1570470237', '3545794285'] ref_chk=['2975478479', '1570470237', '3545794285']
dynamic_array.to_list medium count=12000 reps=1 sample=2 order=ABC bendA=238000000 bendB=120000000 bendC=0 refA=114202000 refB=56877000 refC=14000 bend_chk=['2975478479', '1570470237', '3545794285'] ref_chk=['2975478479', '1570470237', '3545794285']
dynamic_array.to_list medium count=12000 reps=1 sample=3 order=CBA bendA=237000000 bendB=119000000 bendC=0 refA=113689000 refB=58586000 refC=22000 bend_chk=['2975478479', '1570470237', '3545794285'] ref_chk=['2975478479', '1570470237', '3545794285']
dynamic_array.to_list medium count=12000 reps=1 sample=4 order=ABC bendA=237000000 bendB=119000000 bendC=0 refA=104381000 refB=56701000 refC=14000 bend_chk=['2975478479', '1570470237', '3545794285'] ref_chk=['2975478479', '1570470237', '3545794285']
dynamic_array.to_list medium count=12000 reps=1 sample=5 order=CBA bendA=234000000 bendB=118000000 bendC=0 refA=106682000 refB=53207000 refC=23000 bend_chk=['2975478479', '1570470237', '3545794285'] ref_chk=['2975478479', '1570470237', '3545794285']
dynamic_array.to_list large calibrate count=50 reps=1 bend_delta=32000000ns ref_delta=17278000ns bendA=64000000ns
dynamic_array.to_list large calibrate count=200 reps=1 bend_delta=123000000ns ref_delta=68814000ns bendA=247000000ns
dynamic_array.to_list large count=200 reps=1 sample=0 order=ABC bendA=249000000 bendB=128000000 bendC=2000000 refA=141427000 refB=69074000 refC=878000 bend_chk=['171841579', '963283354', '947878989'] ref_chk=['171841579', '963283354', '947878989']
dynamic_array.to_list large count=200 reps=1 sample=1 order=CBA bendA=248000000 bendB=123000000 bendC=3000000 refA=137202000 refB=69584000 refC=1118000 bend_chk=['171841579', '963283354', '947878989'] ref_chk=['171841579', '963283354', '947878989']
dynamic_array.to_list large count=200 reps=1 sample=2 order=ABC bendA=249000000 bendB=128000000 bendC=2000000 refA=137993000 refB=68352000 refC=921000 bend_chk=['171841579', '963283354', '947878989'] ref_chk=['171841579', '963283354', '947878989']
dynamic_array.to_list large count=200 reps=1 sample=3 order=CBA bendA=247000000 bendB=127000000 bendC=3000000 refA=122373000 refB=63306000 refC=1152000 bend_chk=['171841579', '963283354', '947878989'] ref_chk=['171841579', '963283354', '947878989']
dynamic_array.to_list large count=200 reps=1 sample=4 order=ABC bendA=253000000 bendB=127000000 bendC=2000000 refA=145576000 refB=70476000 refC=921000 bend_chk=['171841579', '963283354', '947878989'] ref_chk=['171841579', '963283354', '947878989']
dynamic_array.to_list large count=200 reps=1 sample=5 order=CBA bendA=246000000 bendB=124000000 bendC=3000000 refA=138154000 refB=72245000 refC=1173000 bend_chk=['171841579', '963283354', '947878989'] ref_chk=['171841579', '963283354', '947878989']
dynamic_array.clear small calibrate count=50000 reps=1 bend_delta=3000000ns ref_delta=291000ns bendA=5000000ns
dynamic_array.clear small calibrate count=50000 reps=34 bend_delta=87000000ns ref_delta=10714000ns bendA=170000000ns
dynamic_array.clear small calibrate count=50000 reps=68 bend_delta=171000000ns ref_delta=21404000ns bendA=337000000ns
dynamic_array.clear small count=50000 reps=68 sample=0 order=ABC bendA=335000000 bendB=169000000 bendC=0 refA=42888000 refB=21455000 refC=26000 bend_chk=['2422711266', '1235996002', '3039108630'] ref_chk=['2422711266', '1235996002', '3039108630']
dynamic_array.clear small count=50000 reps=68 sample=1 order=CBA bendA=334000000 bendB=168000000 bendC=0 refA=41338000 refB=20687000 refC=30000 bend_chk=['2422711266', '1235996002', '3039108630'] ref_chk=['2422711266', '1235996002', '3039108630']
dynamic_array.clear small count=50000 reps=68 sample=2 order=ABC bendA=333000000 bendB=170000000 bendC=0 refA=42858000 refB=20991000 refC=25000 bend_chk=['2422711266', '1235996002', '3039108630'] ref_chk=['2422711266', '1235996002', '3039108630']
dynamic_array.clear small count=50000 reps=68 sample=3 order=CBA bendA=332000000 bendB=165000000 bendC=1000000 refA=41346000 refB=20687000 refC=30000 bend_chk=['2422711266', '1235996002', '3039108630'] ref_chk=['2422711266', '1235996002', '3039108630']
dynamic_array.clear small count=50000 reps=68 sample=4 order=ABC bendA=332000000 bendB=169000000 bendC=0 refA=42855000 refB=21413000 refC=25000 bend_chk=['2422711266', '1235996002', '3039108630'] ref_chk=['2422711266', '1235996002', '3039108630']
dynamic_array.clear small count=50000 reps=68 sample=5 order=CBA bendA=334000000 bendB=167000000 bendC=1000000 refA=41359000 refB=20713000 refC=30000 bend_chk=['2422711266', '1235996002', '3039108630'] ref_chk=['2422711266', '1235996002', '3039108630']
dynamic_array.clear medium calibrate count=20000 reps=1 bend_delta=53000000ns ref_delta=11754000ns bendA=108000000ns
dynamic_array.clear medium calibrate count=20000 reps=2 bend_delta=114000000ns ref_delta=19195000ns bendA=223000000ns
dynamic_array.clear medium count=20000 reps=2 sample=0 order=ABC bendA=236000000 bendB=111000000 bendC=1000000 refA=31994000 refB=16407000 refC=25000 bend_chk=['610798849', '3982561409', '3008969485'] ref_chk=['610798849', '3982561409', '3008969485']
dynamic_array.clear medium count=20000 reps=2 sample=1 order=CBA bendA=218000000 bendB=107000000 bendC=1000000 refA=40414000 refB=17345000 refC=36000 bend_chk=['610798849', '3982561409', '3008969485'] ref_chk=['610798849', '3982561409', '3008969485']
dynamic_array.clear medium count=20000 reps=2 sample=2 order=ABC bendA=218000000 bendB=112000000 bendC=0 refA=44186000 refB=22149000 refC=25000 bend_chk=['610798849', '3982561409', '3008969485'] ref_chk=['610798849', '3982561409', '3008969485']
dynamic_array.clear medium count=20000 reps=2 sample=3 order=CBA bendA=215000000 bendB=108000000 bendC=0 refA=42742000 refB=18651000 refC=40000 bend_chk=['610798849', '3982561409', '3008969485'] ref_chk=['610798849', '3982561409', '3008969485']
dynamic_array.clear medium count=20000 reps=2 sample=4 order=ABC bendA=216000000 bendB=107000000 bendC=0 refA=42728000 refB=19242000 refC=24000 bend_chk=['610798849', '3982561409', '3008969485'] ref_chk=['610798849', '3982561409', '3008969485']
dynamic_array.clear medium count=20000 reps=2 sample=5 order=CBA bendA=218000000 bendB=106000000 bendC=0 refA=42679000 refB=19206000 refC=34000 bend_chk=['610798849', '3982561409', '3008969485'] ref_chk=['610798849', '3982561409', '3008969485']
dynamic_array.clear large calibrate count=500 reps=1 bend_delta=82000000ns ref_delta=7939000ns bendA=170000000ns
dynamic_array.clear large calibrate count=1000 reps=1 bend_delta=169000000ns ref_delta=15939000ns bendA=340000000ns
dynamic_array.clear large count=1000 reps=1 sample=0 order=ABC bendA=340000000 bendB=173000000 bendC=2000000 refA=30942000 refB=15762000 refC=853000 bend_chk=['744364305', '3502245113', '2029338300'] ref_chk=['744364305', '3502245113', '2029338300']
dynamic_array.clear large count=1000 reps=1 sample=1 order=CBA bendA=343000000 bendB=166000000 bendC=2000000 refA=34026000 refB=17058000 refC=1169000 bend_chk=['744364305', '3502245113', '2029338300'] ref_chk=['744364305', '3502245113', '2029338300']
dynamic_array.clear large count=1000 reps=1 sample=2 order=ABC bendA=329000000 bendB=173000000 bendC=2000000 refA=27825000 refB=12525000 refC=817000 bend_chk=['744364305', '3502245113', '2029338300'] ref_chk=['744364305', '3502245113', '2029338300']
dynamic_array.clear large count=1000 reps=1 sample=3 order=CBA bendA=344000000 bendB=172000000 bendC=2000000 refA=29870000 refB=15087000 refC=1123000 bend_chk=['744364305', '3502245113', '2029338300'] ref_chk=['744364305', '3502245113', '2029338300']
dynamic_array.clear large count=1000 reps=1 sample=4 order=ABC bendA=357000000 bendB=178000000 bendC=2000000 refA=27910000 refB=11724000 refC=867000 bend_chk=['744364305', '3502245113', '2029338300'] ref_chk=['744364305', '3502245113', '2029338300']
dynamic_array.clear large count=1000 reps=1 sample=5 order=CBA bendA=361000000 bendB=188000000 bendC=3000000 refA=31797000 refB=16016000 refC=1119000 bend_chk=['744364305', '3502245113', '2029338300'] ref_chk=['744364305', '3502245113', '2029338300']
dynamic_array.pop small calibrate count=200000 reps=1 bend_delta=1000000ns ref_delta=686000ns bendA=2000000ns
dynamic_array.pop small calibrate count=12800000 reps=1 bend_delta=65000000ns ref_delta=37001000ns bendA=127000000ns
dynamic_array.pop small calibrate count=25600000 reps=1 bend_delta=140000000ns ref_delta=87484000ns bendA=284000000ns
dynamic_array.pop small count=25600000 reps=1 sample=0 order=ABC bendA=258000000 bendB=124000000 bendC=0 refA=174732000 refB=77301000 refC=4000 bend_chk=['2905386562', '3883934920', '685601908'] ref_chk=['2905386562', '3883934920', '685601908']
dynamic_array.pop small count=25600000 reps=1 sample=1 order=CBA bendA=238000000 bendB=122000000 bendC=0 refA=167642000 refB=78111000 refC=4000 bend_chk=['2905386562', '3883934920', '685601908'] ref_chk=['2905386562', '3883934920', '685601908']
dynamic_array.pop small count=25600000 reps=1 sample=2 order=ABC bendA=238000000 bendB=119000000 bendC=0 refA=154472000 refB=74456000 refC=2000 bend_chk=['2905386562', '3883934920', '685601908'] ref_chk=['2905386562', '3883934920', '685601908']
dynamic_array.pop small count=25600000 reps=1 sample=3 order=CBA bendA=230000000 bendB=120000000 bendC=0 refA=173599000 refB=81640000 refC=3000 bend_chk=['2905386562', '3883934920', '685601908'] ref_chk=['2905386562', '3883934920', '685601908']
dynamic_array.pop small count=25600000 reps=1 sample=4 order=ABC bendA=240000000 bendB=114000000 bendC=0 refA=148317000 refB=75267000 refC=4000 bend_chk=['2905386562', '3883934920', '685601908'] ref_chk=['2905386562', '3883934920', '685601908']
dynamic_array.pop small count=25600000 reps=1 sample=5 order=CBA bendA=254000000 bendB=119000000 bendC=0 refA=157674000 refB=90483000 refC=5000 bend_chk=['2905386562', '3883934920', '685601908'] ref_chk=['2905386562', '3883934920', '685601908']
dynamic_array.pop medium calibrate count=100000 reps=1 bend_delta=1000000ns ref_delta=254000ns bendA=1000000ns
dynamic_array.pop medium calibrate count=6400000 reps=1 bend_delta=30000000ns ref_delta=18371000ns bendA=59000000ns
dynamic_array.pop medium calibrate count=25600000 reps=1 bend_delta=122000000ns ref_delta=79344000ns bendA=235000000ns
dynamic_array.pop medium count=25600000 reps=1 sample=0 order=ABC bendA=238000000 bendB=120000000 bendC=0 refA=155724000 refB=78628000 refC=38000 bend_chk=['576144026', '2926503473', '3899321103'] ref_chk=['576144026', '2926503473', '3899321103']
dynamic_array.pop medium count=25600000 reps=1 sample=1 order=CBA bendA=238000000 bendB=120000000 bendC=0 refA=153689000 refB=85846000 refC=25000 bend_chk=['576144026', '2926503473', '3899321103'] ref_chk=['576144026', '2926503473', '3899321103']
dynamic_array.pop medium count=25600000 reps=1 sample=2 order=ABC bendA=248000000 bendB=129000000 bendC=0 refA=176987000 refB=95329000 refC=44000 bend_chk=['576144026', '2926503473', '3899321103'] ref_chk=['576144026', '2926503473', '3899321103']
dynamic_array.pop medium count=25600000 reps=1 sample=3 order=CBA bendA=248000000 bendB=135000000 bendC=0 refA=160189000 refB=87241000 refC=53000 bend_chk=['576144026', '2926503473', '3899321103'] ref_chk=['576144026', '2926503473', '3899321103']
dynamic_array.pop medium count=25600000 reps=1 sample=4 order=ABC bendA=247000000 bendB=119000000 bendC=0 refA=163752000 refB=86830000 refC=30000 bend_chk=['576144026', '2926503473', '3899321103'] ref_chk=['576144026', '2926503473', '3899321103']
dynamic_array.pop medium count=25600000 reps=1 sample=5 order=CBA bendA=267000000 bendB=133000000 bendC=0 refA=167491000 refB=83234000 refC=24000 bend_chk=['576144026', '2926503473', '3899321103'] ref_chk=['576144026', '2926503473', '3899321103']
dynamic_array.pop large calibrate count=50000 reps=1 bend_delta=2000000ns ref_delta=523000ns bendA=5000000ns
dynamic_array.pop large calibrate count=2550000 reps=1 bend_delta=11000000ns ref_delta=9190000ns bendA=26000000ns
dynamic_array.pop large calibrate count=25500000 reps=1 bend_delta=120000000ns ref_delta=75393000ns bendA=242000000ns
dynamic_array.pop large count=25500000 reps=1 sample=0 order=ABC bendA=238000000 bendB=120000000 bendC=2000000 refA=161826000 refB=87160000 refC=1093000 bend_chk=['585082733', '2361552334', '2120881793'] ref_chk=['585082733', '2361552334', '2120881793']
dynamic_array.pop large count=25500000 reps=1 sample=1 order=CBA bendA=271000000 bendB=140000000 bendC=3000000 refA=180238000 refB=94533000 refC=1388000 bend_chk=['585082733', '2361552334', '2120881793'] ref_chk=['585082733', '2361552334', '2120881793']
dynamic_array.pop large count=25500000 reps=1 sample=2 order=ABC bendA=247000000 bendB=122000000 bendC=2000000 refA=148025000 refB=74660000 refC=938000 bend_chk=['585082733', '2361552334', '2120881793'] ref_chk=['585082733', '2361552334', '2120881793']
dynamic_array.pop large count=25500000 reps=1 sample=3 order=CBA bendA=230000000 bendB=121000000 bendC=3000000 refA=147636000 refB=81914000 refC=1575000 bend_chk=['585082733', '2361552334', '2120881793'] ref_chk=['585082733', '2361552334', '2120881793']
dynamic_array.pop large count=25500000 reps=1 sample=4 order=ABC bendA=233000000 bendB=116000000 bendC=2000000 refA=141747000 refB=71359000 refC=914000 bend_chk=['585082733', '2361552334', '2120881793'] ref_chk=['585082733', '2361552334', '2120881793']
dynamic_array.pop large count=25500000 reps=1 sample=5 order=CBA bendA=229000000 bendB=116000000 bendC=3000000 refA=152175000 refB=89321000 refC=1117000 bend_chk=['585082733', '2361552334', '2120881793'] ref_chk=['585082733', '2361552334', '2120881793']
dynamic_array.new small calibrate count=200000 reps=1 bend_delta=0ns ref_delta=555000ns bendA=1000000ns
dynamic_array.new small calibrate count=12800000 reps=1 bend_delta=36000000ns ref_delta=35341000ns bendA=72000000ns
dynamic_array.new small calibrate count=38400000 reps=1 bend_delta=109000000ns ref_delta=105525000ns bendA=216000000ns
dynamic_array.new small count=38400000 reps=1 sample=0 order=ABC bendA=217000000 bendB=109000000 bendC=0 refA=200047000 refB=97828000 refC=2000 bend_chk=['3322622781', '931672901', '854864917'] ref_chk=['3322622781', '931672901', '854864917']
dynamic_array.new small count=38400000 reps=1 sample=1 order=CBA bendA=236000000 bendB=118000000 bendC=0 refA=194936000 refB=97598000 refC=4000 bend_chk=['3322622781', '931672901', '854864917'] ref_chk=['3322622781', '931672901', '854864917']
dynamic_array.new small count=38400000 reps=1 sample=2 order=ABC bendA=210000000 bendB=131000000 bendC=0 refA=195434000 refB=97083000 refC=1000 bend_chk=['3322622781', '931672901', '854864917'] ref_chk=['3322622781', '931672901', '854864917']
dynamic_array.new small count=38400000 reps=1 sample=3 order=CBA bendA=222000000 bendB=104000000 bendC=0 refA=194641000 refB=99275000 refC=4000 bend_chk=['3322622781', '931672901', '854864917'] ref_chk=['3322622781', '931672901', '854864917']
dynamic_array.new small count=38400000 reps=1 sample=4 order=ABC bendA=217000000 bendB=112000000 bendC=0 refA=196888000 refB=97712000 refC=1000 bend_chk=['3322622781', '931672901', '854864917'] ref_chk=['3322622781', '931672901', '854864917']
dynamic_array.new small count=38400000 reps=1 sample=5 order=CBA bendA=216000000 bendB=106000000 bendC=0 refA=202955000 refB=106250000 refC=5000 bend_chk=['3322622781', '931672901', '854864917'] ref_chk=['3322622781', '931672901', '854864917']
dynamic_array.new medium calibrate count=200000 reps=1 bend_delta=2000000ns ref_delta=524000ns bendA=2000000ns
dynamic_array.new medium calibrate count=10200000 reps=1 bend_delta=31000000ns ref_delta=25609000ns bendA=58000000ns
dynamic_array.new medium calibrate count=40800000 reps=1 bend_delta=115000000ns ref_delta=114955000ns bendA=229000000ns
dynamic_array.new medium count=40800000 reps=1 sample=0 order=ABC bendA=226000000 bendB=135000000 bendC=0 refA=217481000 refB=105309000 refC=15000 bend_chk=['1183028727', '3338670266', '1183410001'] ref_chk=['1183028727', '3338670266', '1183410001']
dynamic_array.new medium count=40800000 reps=1 sample=1 order=CBA bendA=228000000 bendB=111000000 bendC=0 refA=219157000 refB=114562000 refC=22000 bend_chk=['1183028727', '3338670266', '1183410001'] ref_chk=['1183028727', '3338670266', '1183410001']
dynamic_array.new medium count=40800000 reps=1 sample=2 order=ABC bendA=261000000 bendB=120000000 bendC=0 refA=230183000 refB=112829000 refC=41000 bend_chk=['1183028727', '3338670266', '1183410001'] ref_chk=['1183028727', '3338670266', '1183410001']
dynamic_array.new medium count=40800000 reps=1 sample=3 order=CBA bendA=231000000 bendB=114000000 bendC=0 refA=223625000 refB=113044000 refC=25000 bend_chk=['1183028727', '3338670266', '1183410001'] ref_chk=['1183028727', '3338670266', '1183410001']
dynamic_array.new medium count=40800000 reps=1 sample=4 order=ABC bendA=228000000 bendB=114000000 bendC=0 refA=224085000 refB=107590000 refC=16000 bend_chk=['1183028727', '3338670266', '1183410001'] ref_chk=['1183028727', '3338670266', '1183410001']
dynamic_array.new medium count=40800000 reps=1 sample=5 order=CBA bendA=228000000 bendB=113000000 bendC=0 refA=211338000 refB=110794000 refC=25000 bend_chk=['1183028727', '3338670266', '1183410001'] ref_chk=['1183028727', '3338670266', '1183410001']
dynamic_array.new large calibrate count=50000 reps=1 bend_delta=0ns ref_delta=340000ns bendA=2000000ns
dynamic_array.new large calibrate count=3200000 reps=1 bend_delta=11000000ns ref_delta=8384000ns bendA=26000000ns
dynamic_array.new large calibrate count=32000000 reps=1 bend_delta=84000000ns ref_delta=85763000ns bendA=183000000ns
dynamic_array.new large calibrate count=64000000 reps=1 bend_delta=167000000ns ref_delta=154680000ns bendA=362000000ns
dynamic_array.new large count=64000000 reps=1 sample=0 order=ABC bendA=371000000 bendB=197000000 bendC=2000000 refA=338571000 refB=164014000 refC=881000 bend_chk=['2053700996', '2080973005', '554611891'] ref_chk=['2053700996', '2080973005', '554611891']
dynamic_array.new large count=64000000 reps=1 sample=1 order=CBA bendA=383000000 bendB=190000000 bendC=2000000 refA=325519000 refB=168805000 refC=1124000 bend_chk=['2053700996', '2080973005', '554611891'] ref_chk=['2053700996', '2080973005', '554611891']
dynamic_array.new large count=64000000 reps=1 sample=2 order=ABC bendA=362000000 bendB=184000000 bendC=2000000 refA=332516000 refB=163315000 refC=969000 bend_chk=['2053700996', '2080973005', '554611891'] ref_chk=['2053700996', '2080973005', '554611891']
dynamic_array.new large count=64000000 reps=1 sample=3 order=CBA bendA=382000000 bendB=184000000 bendC=2000000 refA=343481000 refB=177907000 refC=1126000 bend_chk=['2053700996', '2080973005', '554611891'] ref_chk=['2053700996', '2080973005', '554611891']
dynamic_array.new large count=64000000 reps=1 sample=4 order=ABC bendA=360000000 bendB=181000000 bendC=2000000 refA=347238000 refB=167028000 refC=854000 bend_chk=['2053700996', '2080973005', '554611891'] ref_chk=['2053700996', '2080973005', '554611891']
dynamic_array.new large count=64000000 reps=1 sample=5 order=CBA bendA=391000000 bendB=189000000 bendC=3000000 refA=328644000 refB=167689000 refC=1089000 bend_chk=['2053700996', '2080973005', '554611891'] ref_chk=['2053700996', '2080973005', '554611891']
deque.push_front small calibrate count=200000 reps=1 bend_delta=4000000ns ref_delta=2806000ns bendA=5000000ns
deque.push_front small calibrate count=200000 reps=26 bend_delta=47000000ns ref_delta=54906000ns bendA=92000000ns
deque.push_front small calibrate count=200000 reps=78 bend_delta=145000000ns ref_delta=182090000ns bendA=288000000ns
deque.push_front small count=200000 reps=78 sample=0 order=ABC bendA=296000000 bendB=147000000 bendC=0 refA=357850000 refB=176824000 refC=104000 bend_chk=['3373839463', '3820253543', '189214311'] ref_chk=['3373839463', '3820253543', '189214311']
deque.push_front small count=200000 reps=78 sample=1 order=CBA bendA=295000000 bendB=148000000 bendC=0 refA=369928000 refB=174920000 refC=114000 bend_chk=['3373839463', '3820253543', '189214311'] ref_chk=['3373839463', '3820253543', '189214311']
deque.push_front small count=200000 reps=78 sample=2 order=ABC bendA=307000000 bendB=147000000 bendC=0 refA=394839000 refB=204937000 refC=122000 bend_chk=['3373839463', '3820253543', '189214311'] ref_chk=['3373839463', '3820253543', '189214311']
deque.push_front small count=200000 reps=78 sample=3 order=CBA bendA=322000000 bendB=163000000 bendC=0 refA=405314000 refB=188370000 refC=130000 bend_chk=['3373839463', '3820253543', '189214311'] ref_chk=['3373839463', '3820253543', '189214311']
deque.push_front small count=200000 reps=78 sample=4 order=ABC bendA=325000000 bendB=159000000 bendC=0 refA=428551000 refB=199073000 refC=109000 bend_chk=['3373839463', '3820253543', '189214311'] ref_chk=['3373839463', '3820253543', '189214311']
deque.push_front small count=200000 reps=78 sample=5 order=CBA bendA=326000000 bendB=156000000 bendC=0 refA=453398000 refB=199490000 refC=122000 bend_chk=['3373839463', '3820253543', '189214311'] ref_chk=['3373839463', '3820253543', '189214311']
deque.push_front medium calibrate count=100000 reps=1 bend_delta=3000000ns ref_delta=1626000ns bendA=4000000ns
deque.push_front medium calibrate count=100000 reps=34 bend_delta=34000000ns ref_delta=53698000ns bendA=72000000ns
deque.push_front medium calibrate count=100000 reps=102 bend_delta=114000000ns ref_delta=108426000ns bendA=230000000ns
deque.push_front medium count=100000 reps=102 sample=0 order=ABC bendA=216000000 bendB=114000000 bendC=10000000 refA=261719000 refB=136022000 refC=10534000 bend_chk=['3835153555', '3233783059', '1065364883'] ref_chk=['3835153555', '3233783059', '1065364883']
deque.push_front medium count=100000 reps=102 sample=1 order=CBA bendA=223000000 bendB=111000000 bendC=10000000 refA=330562000 refB=137013000 refC=10981000 bend_chk=['3835153555', '3233783059', '1065364883'] ref_chk=['3835153555', '3233783059', '1065364883']
deque.push_front medium count=100000 reps=102 sample=2 order=ABC bendA=222000000 bendB=118000000 bendC=10000000 refA=289057000 refB=153066000 refC=10805000 bend_chk=['3835153555', '3233783059', '1065364883'] ref_chk=['3835153555', '3233783059', '1065364883']
deque.push_front medium count=100000 reps=102 sample=3 order=CBA bendA=217000000 bendB=116000000 bendC=10000000 refA=306273000 refB=141017000 refC=12979000 bend_chk=['3835153555', '3233783059', '1065364883'] ref_chk=['3835153555', '3233783059', '1065364883']
deque.push_front medium count=100000 reps=102 sample=4 order=ABC bendA=231000000 bendB=129000000 bendC=11000000 refA=286596000 refB=139021000 refC=10990000 bend_chk=['3835153555', '3233783059', '1065364883'] ref_chk=['3835153555', '3233783059', '1065364883']
deque.push_front medium count=100000 reps=102 sample=5 order=CBA bendA=216000000 bendB=111000000 bendC=11000000 refA=250719000 refB=134490000 refC=11359000 bend_chk=['3835153555', '3233783059', '1065364883'] ref_chk=['3835153555', '3233783059', '1065364883']
deque.push_front large calibrate count=50000 reps=1 bend_delta=2000000ns ref_delta=1284000ns bendA=8000000ns
deque.push_front large calibrate count=262144 reps=1 bend_delta=4000000ns ref_delta=2596000ns bendA=12000000ns
deque.push_front large calibrate count=262144 reps=26 bend_delta=71000000ns ref_delta=87256000ns bendA=290000000ns
deque.push_front large calibrate count=262144 reps=52 bend_delta=139000000ns ref_delta=168374000ns bendA=565000000ns
deque.push_front large count=262144 reps=52 sample=0 order=ABC bendA=556000000 bendB=427000000 bendC=305000000 refA=649245000 refB=498717000 refC=333324000 bend_chk=['282067098', '87031962', '4186964122'] ref_chk=['282067098', '87031962', '4186964122']
deque.push_front large count=262144 reps=52 sample=1 order=CBA bendA=559000000 bendB=428000000 bendC=295000000 refA=649307000 refB=493123000 refC=329277000 bend_chk=['282067098', '87031962', '4186964122'] ref_chk=['282067098', '87031962', '4186964122']
deque.push_front large count=262144 reps=52 sample=2 order=ABC bendA=562000000 bendB=424000000 bendC=303000000 refA=679247000 refB=557229000 refC=338467000 bend_chk=['282067098', '87031962', '4186964122'] ref_chk=['282067098', '87031962', '4186964122']
deque.push_front large count=262144 reps=52 sample=3 order=CBA bendA=619000000 bendB=447000000 bendC=304000000 refA=870566000 refB=519766000 refC=353325000 bend_chk=['282067098', '87031962', '4186964122'] ref_chk=['282067098', '87031962', '4186964122']
deque.push_front large count=262144 reps=52 sample=4 order=ABC bendA=625000000 bendB=465000000 bendC=322000000 refA=693619000 refB=532493000 refC=337193000 bend_chk=['282067098', '87031962', '4186964122'] ref_chk=['282067098', '87031962', '4186964122']
deque.push_front large count=262144 reps=52 sample=5 order=CBA bendA=569000000 bendB=425000000 bendC=296000000 refA=670932000 refB=547486000 refC=355263000 bend_chk=['282067098', '87031962', '4186964122'] ref_chk=['282067098', '87031962', '4186964122']
deque.push_back small calibrate count=200000 reps=1 bend_delta=3000000ns ref_delta=2320000ns bendA=5000000ns
deque.push_back small calibrate count=200000 reps=34 bend_delta=66000000ns ref_delta=75716000ns bendA=131000000ns
deque.push_back small calibrate count=200000 reps=68 bend_delta=130000000ns ref_delta=165243000ns bendA=258000000ns
deque.push_back small count=200000 reps=68 sample=0 order=ABC bendA=252000000 bendB=129000000 bendC=0 refA=306850000 refB=153256000 refC=91000 bend_chk=['1474284898', '412443490', '4136434018'] ref_chk=['1474284898', '412443490', '4136434018']
deque.push_back small count=200000 reps=68 sample=1 order=CBA bendA=251000000 bendB=130000000 bendC=0 refA=309624000 refB=154245000 refC=88000 bend_chk=['1474284898', '412443490', '4136434018'] ref_chk=['1474284898', '412443490', '4136434018']
deque.push_back small count=200000 reps=68 sample=2 order=ABC bendA=260000000 bendB=128000000 bendC=0 refA=323872000 refB=162953000 refC=110000 bend_chk=['1474284898', '412443490', '4136434018'] ref_chk=['1474284898', '412443490', '4136434018']
deque.push_back small count=200000 reps=68 sample=3 order=CBA bendA=277000000 bendB=133000000 bendC=0 refA=325194000 refB=162083000 refC=102000 bend_chk=['1474284898', '412443490', '4136434018'] ref_chk=['1474284898', '412443490', '4136434018']
deque.push_back small count=200000 reps=68 sample=4 order=ABC bendA=276000000 bendB=140000000 bendC=0 refA=406325000 refB=171330000 refC=100000 bend_chk=['1474284898', '412443490', '4136434018'] ref_chk=['1474284898', '412443490', '4136434018']
deque.push_back small count=200000 reps=68 sample=5 order=CBA bendA=276000000 bendB=143000000 bendC=0 refA=348568000 refB=172867000 refC=112000 bend_chk=['1474284898', '412443490', '4136434018'] ref_chk=['1474284898', '412443490', '4136434018']
deque.push_back medium calibrate count=100000 reps=1 bend_delta=2000000ns ref_delta=1272000ns bendA=3000000ns
deque.push_back medium calibrate count=100000 reps=51 bend_delta=51000000ns ref_delta=64335000ns bendA=107000000ns
deque.push_back medium calibrate count=100000 reps=102 bend_delta=102000000ns ref_delta=193756000ns bendA=212000000ns
deque.push_back medium count=100000 reps=102 sample=0 order=ABC bendA=216000000 bendB=115000000 bendC=11000000 refA=281928000 refB=171616000 refC=22152000 bend_chk=['2029421939', '1189750259', '2565768819'] ref_chk=['2029421939', '1189750259', '2565768819']
deque.push_back medium count=100000 reps=102 sample=1 order=CBA bendA=225000000 bendB=114000000 bendC=11000000 refA=282230000 refB=173019000 refC=11122000 bend_chk=['2029421939', '1189750259', '2565768819'] ref_chk=['2029421939', '1189750259', '2565768819']
deque.push_back medium count=100000 reps=102 sample=2 order=ABC bendA=217000000 bendB=117000000 bendC=11000000 refA=270624000 refB=135266000 refC=15092000 bend_chk=['2029421939', '1189750259', '2565768819'] ref_chk=['2029421939', '1189750259', '2565768819']
deque.push_back medium count=100000 reps=102 sample=3 order=CBA bendA=220000000 bendB=113000000 bendC=10000000 refA=275653000 refB=132890000 refC=10591000 bend_chk=['2029421939', '1189750259', '2565768819'] ref_chk=['2029421939', '1189750259', '2565768819']
deque.push_back medium count=100000 reps=102 sample=4 order=ABC bendA=215000000 bendB=121000000 bendC=11000000 refA=312608000 refB=174168000 refC=11024000 bend_chk=['2029421939', '1189750259', '2565768819'] ref_chk=['2029421939', '1189750259', '2565768819']
deque.push_back medium count=100000 reps=102 sample=5 order=CBA bendA=234000000 bendB=120000000 bendC=11000000 refA=263944000 refB=143308000 refC=13500000 bend_chk=['2029421939', '1189750259', '2565768819'] ref_chk=['2029421939', '1189750259', '2565768819']
deque.push_back large calibrate count=50000 reps=1 bend_delta=3000000ns ref_delta=842000ns bendA=9000000ns
deque.push_back large calibrate count=262144 reps=1 bend_delta=4000000ns ref_delta=15781000ns bendA=12000000ns
deque.push_back large calibrate count=262144 reps=26 bend_delta=105000000ns ref_delta=110244000ns bendA=361000000ns
deque.push_back large count=262144 reps=26 sample=0 order=ABC bendA=304000000 bendB=224000000 bendC=153000000 refA=374966000 refB=319526000 refC=166211000 bend_chk=['1686692781', '1220076461', '753460141'] ref_chk=['1686692781', '1220076461', '753460141']
deque.push_back large count=262144 reps=26 sample=1 order=CBA bendA=286000000 bendB=214000000 bendC=148000000 refA=345807000 refB=259204000 refC=178960000 bend_chk=['1686692781', '1220076461', '753460141'] ref_chk=['1686692781', '1220076461', '753460141']
deque.push_back large count=262144 reps=26 sample=2 order=ABC bendA=284000000 bendB=220000000 bendC=147000000 refA=325520000 refB=246263000 refC=176282000 bend_chk=['1686692781', '1220076461', '753460141'] ref_chk=['1686692781', '1220076461', '753460141']
deque.push_back large count=262144 reps=26 sample=3 order=CBA bendA=291000000 bendB=223000000 bendC=155000000 refA=393997000 refB=292451000 refC=318472000 bend_chk=['1686692781', '1220076461', '753460141'] ref_chk=['1686692781', '1220076461', '753460141']
deque.push_back large count=262144 reps=26 sample=4 order=ABC bendA=404000000 bendB=258000000 bendC=173000000 refA=431470000 refB=285719000 refC=183605000 bend_chk=['1686692781', '1220076461', '753460141'] ref_chk=['1686692781', '1220076461', '753460141']
deque.push_back large count=262144 reps=26 sample=5 order=CBA bendA=295000000 bendB=233000000 bendC=165000000 refA=350848000 refB=277115000 refC=195807000 bend_chk=['1686692781', '1220076461', '753460141'] ref_chk=['1686692781', '1220076461', '753460141']
deque.peek_front small calibrate count=200000 reps=1 bend_delta=1000000ns ref_delta=819000ns bendA=2000000ns
deque.peek_front small calibrate count=12800000 reps=1 bend_delta=57000000ns ref_delta=46446000ns bendA=113000000ns
deque.peek_front small calibrate count=25600000 reps=1 bend_delta=110000000ns ref_delta=97318000ns bendA=217000000ns
deque.peek_front small count=25600000 reps=1 sample=0 order=ABC bendA=214000000 bendB=109000000 bendC=0 refA=190745000 refB=90798000 refC=6000 bend_chk=['1014899594', '162808714', '2263507850'] ref_chk=['1014899594', '162808714', '2263507850']
deque.peek_front small count=25600000 reps=1 sample=1 order=CBA bendA=208000000 bendB=101000000 bendC=0 refA=185307000 refB=97794000 refC=2000 bend_chk=['1014899594', '162808714', '2263507850'] ref_chk=['1014899594', '162808714', '2263507850']
deque.peek_front small count=25600000 reps=1 sample=2 order=ABC bendA=209000000 bendB=105000000 bendC=0 refA=186808000 refB=90193000 refC=2000 bend_chk=['1014899594', '162808714', '2263507850'] ref_chk=['1014899594', '162808714', '2263507850']
deque.peek_front small count=25600000 reps=1 sample=3 order=CBA bendA=215000000 bendB=106000000 bendC=0 refA=186375000 refB=98511000 refC=2000 bend_chk=['1014899594', '162808714', '2263507850'] ref_chk=['1014899594', '162808714', '2263507850']
deque.peek_front small count=25600000 reps=1 sample=4 order=ABC bendA=209000000 bendB=110000000 bendC=0 refA=188798000 refB=92771000 refC=3000 bend_chk=['1014899594', '162808714', '2263507850'] ref_chk=['1014899594', '162808714', '2263507850']
deque.peek_front small count=25600000 reps=1 sample=5 order=CBA bendA=218000000 bendB=104000000 bendC=0 refA=190332000 refB=97807000 refC=1000 bend_chk=['1014899594', '162808714', '2263507850'] ref_chk=['1014899594', '162808714', '2263507850']
deque.peek_front medium calibrate count=100000 reps=1 bend_delta=0ns ref_delta=382000ns bendA=1000000ns
deque.peek_front medium calibrate count=6400000 reps=1 bend_delta=25000000ns ref_delta=23195000ns bendA=51000000ns
deque.peek_front medium calibrate count=32000000 reps=1 bend_delta=131000000ns ref_delta=124991000ns bendA=264000000ns
deque.peek_front medium count=32000000 reps=1 sample=0 order=ABC bendA=267000000 bendB=140000000 bendC=0 refA=235843000 refB=114289000 refC=93000 bend_chk=['783894217', '2096467657', '1781651145'] ref_chk=['783894217', '2096467657', '1781651145']
deque.peek_front medium count=32000000 reps=1 sample=1 order=CBA bendA=274000000 bendB=134000000 bendC=0 refA=230941000 refB=120039000 refC=116000 bend_chk=['783894217', '2096467657', '1781651145'] ref_chk=['783894217', '2096467657', '1781651145']
deque.peek_front medium count=32000000 reps=1 sample=2 order=ABC bendA=266000000 bendB=137000000 bendC=0 refA=238351000 refB=115378000 refC=99000 bend_chk=['783894217', '2096467657', '1781651145'] ref_chk=['783894217', '2096467657', '1781651145']
deque.peek_front medium count=32000000 reps=1 sample=3 order=CBA bendA=267000000 bendB=125000000 bendC=1000000 refA=234758000 refB=119995000 refC=104000 bend_chk=['783894217', '2096467657', '1781651145'] ref_chk=['783894217', '2096467657', '1781651145']
deque.peek_front medium count=32000000 reps=1 sample=4 order=ABC bendA=274000000 bendB=133000000 bendC=0 refA=234787000 refB=114900000 refC=99000 bend_chk=['783894217', '2096467657', '1781651145'] ref_chk=['783894217', '2096467657', '1781651145']
deque.peek_front medium count=32000000 reps=1 sample=5 order=CBA bendA=266000000 bendB=128000000 bendC=1000000 refA=232735000 refB=123066000 refC=104000 bend_chk=['783894217', '2096467657', '1781651145'] ref_chk=['783894217', '2096467657', '1781651145']
deque.peek_front large calibrate count=50000 reps=1 bend_delta=1000000ns ref_delta=-189000ns bendA=8000000ns
deque.peek_front large calibrate count=3200000 reps=1 bend_delta=14000000ns ref_delta=11679000ns bendA=33000000ns
deque.peek_front large calibrate count=25600000 reps=1 bend_delta=104000000ns ref_delta=94156000ns bendA=217000000ns
deque.peek_front large count=25600000 reps=1 sample=0 order=ABC bendA=218000000 bendB=115000000 bendC=5000000 refA=200529000 refB=99794000 refC=5973000 bend_chk=['540032744', '1741119208', '3747512040'] ref_chk=['540032744', '1741119208', '3747512040']
deque.peek_front large count=25600000 reps=1 sample=1 order=CBA bendA=225000000 bendB=111000000 bendC=7000000 refA=192627000 refB=105570000 refC=6631000 bend_chk=['540032744', '1741119208', '3747512040'] ref_chk=['540032744', '1741119208', '3747512040']
deque.peek_front large count=25600000 reps=1 sample=2 order=ABC bendA=224000000 bendB=120000000 bendC=6000000 refA=195854000 refB=98935000 refC=6089000 bend_chk=['540032744', '1741119208', '3747512040'] ref_chk=['540032744', '1741119208', '3747512040']
deque.peek_front large count=25600000 reps=1 sample=3 order=CBA bendA=223000000 bendB=113000000 bendC=6000000 refA=193267000 refB=102418000 refC=6754000 bend_chk=['540032744', '1741119208', '3747512040'] ref_chk=['540032744', '1741119208', '3747512040']
deque.peek_front large count=25600000 reps=1 sample=4 order=ABC bendA=212000000 bendB=112000000 bendC=6000000 refA=190758000 refB=97153000 refC=6043000 bend_chk=['540032744', '1741119208', '3747512040'] ref_chk=['540032744', '1741119208', '3747512040']
deque.peek_front large count=25600000 reps=1 sample=5 order=CBA bendA=211000000 bendB=113000000 bendC=6000000 refA=190281000 refB=98956000 refC=6368000 bend_chk=['540032744', '1741119208', '3747512040'] ref_chk=['540032744', '1741119208', '3747512040']
deque.peek_back small calibrate count=200000 reps=1 bend_delta=1000000ns ref_delta=732000ns bendA=2000000ns
deque.peek_back small calibrate count=12800000 reps=1 bend_delta=59000000ns ref_delta=43970000ns bendA=110000000ns
deque.peek_back small calibrate count=25600000 reps=1 bend_delta=108000000ns ref_delta=92647000ns bendA=218000000ns
deque.peek_back small count=25600000 reps=1 sample=0 order=ABC bendA=225000000 bendB=111000000 bendC=0 refA=190992000 refB=93825000 refC=7000 bend_chk=['3670373735', '3888846183', '3838883175'] ref_chk=['3670373735', '3888846183', '3838883175']
deque.peek_back small count=25600000 reps=1 sample=1 order=CBA bendA=220000000 bendB=109000000 bendC=0 refA=189677000 refB=97545000 refC=2000 bend_chk=['3670373735', '3888846183', '3838883175'] ref_chk=['3670373735', '3888846183', '3838883175']
deque.peek_back small count=25600000 reps=1 sample=2 order=ABC bendA=211000000 bendB=109000000 bendC=0 refA=190868000 refB=93532000 refC=5000 bend_chk=['3670373735', '3888846183', '3838883175'] ref_chk=['3670373735', '3888846183', '3838883175']
deque.peek_back small count=25600000 reps=1 sample=3 order=CBA bendA=232000000 bendB=106000000 bendC=0 refA=202819000 refB=109169000 refC=2000 bend_chk=['3670373735', '3888846183', '3838883175'] ref_chk=['3670373735', '3888846183', '3838883175']
deque.peek_back small count=25600000 reps=1 sample=4 order=ABC bendA=224000000 bendB=113000000 bendC=0 refA=201180000 refB=98957000 refC=2000 bend_chk=['3670373735', '3888846183', '3838883175'] ref_chk=['3670373735', '3888846183', '3838883175']
deque.peek_back small count=25600000 reps=1 sample=5 order=CBA bendA=213000000 bendB=108000000 bendC=0 refA=194953000 refB=97814000 refC=1000 bend_chk=['3670373735', '3888846183', '3838883175'] ref_chk=['3670373735', '3888846183', '3838883175']
deque.peek_back medium calibrate count=100000 reps=1 bend_delta=1000000ns ref_delta=397000ns bendA=1000000ns
deque.peek_back medium calibrate count=6400000 reps=1 bend_delta=33000000ns ref_delta=23168000ns bendA=59000000ns
deque.peek_back medium calibrate count=25600000 reps=1 bend_delta=104000000ns ref_delta=98229000ns bendA=212000000ns
deque.peek_back medium count=25600000 reps=1 sample=0 order=ABC bendA=209000000 bendB=110000000 bendC=0 refA=193758000 refB=92508000 refC=139000 bend_chk=['777647910', '3719829286', '1024866086'] ref_chk=['777647910', '3719829286', '1024866086']
deque.peek_back medium count=25600000 reps=1 sample=1 order=CBA bendA=215000000 bendB=107000000 bendC=0 refA=195275000 refB=97800000 refC=134000 bend_chk=['777647910', '3719829286', '1024866086'] ref_chk=['777647910', '3719829286', '1024866086']
deque.peek_back medium count=25600000 reps=1 sample=2 order=ABC bendA=227000000 bendB=110000000 bendC=0 refA=195725000 refB=98514000 refC=108000 bend_chk=['777647910', '3719829286', '1024866086'] ref_chk=['777647910', '3719829286', '1024866086']
deque.peek_back medium count=25600000 reps=1 sample=3 order=CBA bendA=226000000 bendB=107000000 bendC=0 refA=191697000 refB=100742000 refC=100000 bend_chk=['777647910', '3719829286', '1024866086'] ref_chk=['777647910', '3719829286', '1024866086']
deque.peek_back medium count=25600000 reps=1 sample=4 order=ABC bendA=220000000 bendB=110000000 bendC=0 refA=197070000 refB=96755000 refC=103000 bend_chk=['777647910', '3719829286', '1024866086'] ref_chk=['777647910', '3719829286', '1024866086']
deque.peek_back medium count=25600000 reps=1 sample=5 order=CBA bendA=222000000 bendB=111000000 bendC=0 refA=200249000 refB=99108000 refC=111000 bend_chk=['777647910', '3719829286', '1024866086'] ref_chk=['777647910', '3719829286', '1024866086']
deque.peek_back large calibrate count=50000 reps=1 bend_delta=0ns ref_delta=411000ns bendA=7000000ns
deque.peek_back large calibrate count=3200000 reps=1 bend_delta=14000000ns ref_delta=12713000ns bendA=34000000ns
deque.peek_back large calibrate count=25600000 reps=1 bend_delta=115000000ns ref_delta=102485000ns bendA=243000000ns
deque.peek_back large count=25600000 reps=1 sample=0 order=ABC bendA=226000000 bendB=118000000 bendC=6000000 refA=218039000 refB=113372000 refC=8994000 bend_chk=['3888725829', '2283790149', '2557902661'] ref_chk=['3888725829', '2283790149', '2557902661']
deque.peek_back large count=25600000 reps=1 sample=1 order=CBA bendA=282000000 bendB=138000000 bendC=8000000 refA=232457000 refB=121517000 refC=7544000 bend_chk=['3888725829', '2283790149', '2557902661'] ref_chk=['3888725829', '2283790149', '2557902661']
deque.peek_back large count=25600000 reps=1 sample=2 order=ABC bendA=250000000 bendB=135000000 bendC=6000000 refA=233748000 refB=118716000 refC=6964000 bend_chk=['3888725829', '2283790149', '2557902661'] ref_chk=['3888725829', '2283790149', '2557902661']
deque.peek_back large count=25600000 reps=1 sample=3 order=CBA bendA=266000000 bendB=121000000 bendC=8000000 refA=206433000 refB=116349000 refC=7943000 bend_chk=['3888725829', '2283790149', '2557902661'] ref_chk=['3888725829', '2283790149', '2557902661']
deque.peek_back large count=25600000 reps=1 sample=4 order=ABC bendA=230000000 bendB=121000000 bendC=6000000 refA=204200000 refB=104723000 refC=6630000 bend_chk=['3888725829', '2283790149', '2557902661'] ref_chk=['3888725829', '2283790149', '2557902661']
deque.peek_back large count=25600000 reps=1 sample=5 order=CBA bendA=223000000 bendB=116000000 bendC=8000000 refA=201106000 refB=106734000 refC=6727000 bend_chk=['3888725829', '2283790149', '2557902661'] ref_chk=['3888725829', '2283790149', '2557902661']
deque.length small calibrate count=200000 reps=1 bend_delta=1000000ns ref_delta=536000ns bendA=1000000ns
deque.length small calibrate count=12800000 reps=1 bend_delta=13000000ns ref_delta=34211000ns bendA=27000000ns
deque.length small calibrate count=102400000 reps=1 bend_delta=108000000ns ref_delta=258948000ns bendA=213000000ns
deque.length small count=102400000 reps=1 sample=0 order=ABC bendA=210000000 bendB=106000000 bendC=0 refA=518155000 refB=257354000 refC=1000 bend_chk=['3531474756', '2325382980', '1119291204'] ref_chk=['3531474756', '2325382980', '1119291204']
deque.length small count=102400000 reps=1 sample=1 order=CBA bendA=208000000 bendB=104000000 bendC=0 refA=518204000 refB=260148000 refC=2000 bend_chk=['3531474756', '2325382980', '1119291204'] ref_chk=['3531474756', '2325382980', '1119291204']
deque.length small count=102400000 reps=1 sample=2 order=ABC bendA=209000000 bendB=105000000 bendC=0 refA=521101000 refB=262105000 refC=5000 bend_chk=['3531474756', '2325382980', '1119291204'] ref_chk=['3531474756', '2325382980', '1119291204']
deque.length small count=102400000 reps=1 sample=3 order=CBA bendA=210000000 bendB=104000000 bendC=0 refA=521709000 refB=262472000 refC=1000 bend_chk=['3531474756', '2325382980', '1119291204'] ref_chk=['3531474756', '2325382980', '1119291204']
deque.length small count=102400000 reps=1 sample=4 order=ABC bendA=212000000 bendB=105000000 bendC=0 refA=521611000 refB=258879000 refC=9000 bend_chk=['3531474756', '2325382980', '1119291204'] ref_chk=['3531474756', '2325382980', '1119291204']
deque.length small count=102400000 reps=1 sample=5 order=CBA bendA=206000000 bendB=104000000 bendC=0 refA=515164000 refB=258933000 refC=1000 bend_chk=['3531474756', '2325382980', '1119291204'] ref_chk=['3531474756', '2325382980', '1119291204']
deque.length medium calibrate count=100000 reps=1 bend_delta=1000000ns ref_delta=177000ns bendA=1000000ns
deque.length medium calibrate count=6400000 reps=1 bend_delta=6000000ns ref_delta=16839000ns bendA=13000000ns
deque.length medium calibrate count=108800000 reps=1 bend_delta=114000000ns ref_delta=276945000ns bendA=226000000ns
deque.length medium count=108800000 reps=1 sample=0 order=ABC bendA=221000000 bendB=112000000 bendC=0 refA=557227000 refB=276699000 refC=91000 bend_chk=['1286129539', '785493891', '268081027'] ref_chk=['1286129539', '785493891', '268081027']
deque.length medium count=108800000 reps=1 sample=1 order=CBA bendA=223000000 bendB=110000000 bendC=0 refA=555297000 refB=278668000 refC=91000 bend_chk=['1286129539', '785493891', '268081027'] ref_chk=['1286129539', '785493891', '268081027']
deque.length medium count=108800000 reps=1 sample=2 order=ABC bendA=223000000 bendB=112000000 bendC=0 refA=554957000 refB=275969000 refC=92000 bend_chk=['1286129539', '785493891', '268081027'] ref_chk=['1286129539', '785493891', '268081027']
deque.length medium count=108800000 reps=1 sample=3 order=CBA bendA=222000000 bendB=110000000 bendC=0 refA=551497000 refB=273399000 refC=94000 bend_chk=['1286129539', '785493891', '268081027'] ref_chk=['1286129539', '785493891', '268081027']
deque.length medium count=108800000 reps=1 sample=4 order=ABC bendA=221000000 bendB=111000000 bendC=1000000 refA=547713000 refB=276927000 refC=96000 bend_chk=['1286129539', '785493891', '268081027'] ref_chk=['1286129539', '785493891', '268081027']
deque.length medium count=108800000 reps=1 sample=5 order=CBA bendA=221000000 bendB=110000000 bendC=0 refA=560490000 refB=273927000 refC=88000 bend_chk=['1286129539', '785493891', '268081027'] ref_chk=['1286129539', '785493891', '268081027']
deque.length large calibrate count=50000 reps=1 bend_delta=3000000ns ref_delta=339000ns bendA=8000000ns
deque.length large calibrate count=1700000 reps=1 bend_delta=2000000ns ref_delta=4290000ns bendA=9000000ns
deque.length large calibrate count=86700000 reps=1 bend_delta=90000000ns ref_delta=212674000ns bendA=183000000ns
deque.length large calibrate count=173400000 reps=1 bend_delta=176000000ns ref_delta=452636000ns bendA=357000000ns
deque.length large count=173400000 reps=1 sample=0 order=ABC bendA=360000000 bendB=181000000 bendC=5000000 refA=918720000 refB=470664000 refC=6922000 bend_chk=['831143458', '2513567458', '1368293282'] ref_chk=['831143458', '2513567458', '1368293282']
deque.length large count=173400000 reps=1 sample=1 order=CBA bendA=364000000 bendB=188000000 bendC=7000000 refA=885580000 refB=452424000 refC=6320000 bend_chk=['831143458', '2513567458', '1368293282'] ref_chk=['831143458', '2513567458', '1368293282']
deque.length large count=173400000 reps=1 sample=2 order=ABC bendA=358000000 bendB=180000000 bendC=6000000 refA=883134000 refB=443244000 refC=7027000 bend_chk=['831143458', '2513567458', '1368293282'] ref_chk=['831143458', '2513567458', '1368293282']
deque.length large count=173400000 reps=1 sample=3 order=CBA bendA=359000000 bendB=181000000 bendC=7000000 refA=879919000 refB=445452000 refC=6094000 bend_chk=['831143458', '2513567458', '1368293282'] ref_chk=['831143458', '2513567458', '1368293282']
deque.length large count=173400000 reps=1 sample=4 order=ABC bendA=357000000 bendB=180000000 bendC=5000000 refA=914248000 refB=445831000 refC=6130000 bend_chk=['831143458', '2513567458', '1368293282'] ref_chk=['831143458', '2513567458', '1368293282']
deque.length large count=173400000 reps=1 sample=5 order=CBA bendA=356000000 bendB=181000000 bendC=7000000 refA=882391000 refB=448921000 refC=5964000 bend_chk=['831143458', '2513567458', '1368293282'] ref_chk=['831143458', '2513567458', '1368293282']
deque.to_list small calibrate count=20000 reps=1 bend_delta=13000000ns ref_delta=13666000ns bendA=27000000ns
deque.to_list small calibrate count=160000 reps=1 bend_delta=108000000ns ref_delta=97168000ns bendA=203000000ns
deque.to_list small count=160000 reps=1 sample=0 order=ABC bendA=214000000 bendB=110000000 bendC=0 refA=221961000 refB=111435000 refC=1000 bend_chk=['3212572449', '70166561', '2694666529'] ref_chk=['3212572449', '70166561', '2694666529']
deque.to_list small count=160000 reps=1 sample=1 order=CBA bendA=224000000 bendB=109000000 bendC=0 refA=227021000 refB=110799000 refC=2000 bend_chk=['3212572449', '70166561', '2694666529'] ref_chk=['3212572449', '70166561', '2694666529']
deque.to_list small count=160000 reps=1 sample=2 order=ABC bendA=215000000 bendB=111000000 bendC=0 refA=221445000 refB=115056000 refC=1000 bend_chk=['3212572449', '70166561', '2694666529'] ref_chk=['3212572449', '70166561', '2694666529']
deque.to_list small count=160000 reps=1 sample=3 order=CBA bendA=223000000 bendB=110000000 bendC=0 refA=226290000 refB=109763000 refC=2000 bend_chk=['3212572449', '70166561', '2694666529'] ref_chk=['3212572449', '70166561', '2694666529']
deque.to_list small count=160000 reps=1 sample=4 order=ABC bendA=232000000 bendB=119000000 bendC=0 refA=247849000 refB=148804000 refC=2000 bend_chk=['3212572449', '70166561', '2694666529'] ref_chk=['3212572449', '70166561', '2694666529']
deque.to_list small count=160000 reps=1 sample=5 order=CBA bendA=221000000 bendB=116000000 bendC=0 refA=237745000 refB=110141000 refC=1000 bend_chk=['3212572449', '70166561', '2694666529'] ref_chk=['3212572449', '70166561', '2694666529']
deque.to_list medium calibrate count=1000 reps=1 bend_delta=52000000ns ref_delta=52689000ns bendA=100000000ns
deque.to_list medium calibrate count=2000 reps=1 bend_delta=100000000ns ref_delta=93443000ns bendA=196000000ns
deque.to_list medium count=2000 reps=1 sample=0 order=ABC bendA=200000000 bendB=95000000 bendC=0 refA=205878000 refB=92607000 refC=102000 bend_chk=['737702336', '3283480272', '3806263264'] ref_chk=['737702336', '3283480272', '3806263264']
deque.to_list medium count=2000 reps=1 sample=1 order=CBA bendA=200000000 bendB=96000000 bendC=0 refA=195853000 refB=96687000 refC=101000 bend_chk=['737702336', '3283480272', '3806263264'] ref_chk=['737702336', '3283480272', '3806263264']
deque.to_list medium count=2000 reps=1 sample=2 order=ABC bendA=200000000 bendB=95000000 bendC=0 refA=194385000 refB=97569000 refC=102000 bend_chk=['737702336', '3283480272', '3806263264'] ref_chk=['737702336', '3283480272', '3806263264']
deque.to_list medium count=2000 reps=1 sample=3 order=CBA bendA=197000000 bendB=98000000 bendC=0 refA=248803000 refB=98987000 refC=104000 bend_chk=['737702336', '3283480272', '3806263264'] ref_chk=['737702336', '3283480272', '3806263264']
deque.to_list medium count=2000 reps=1 sample=4 order=ABC bendA=193000000 bendB=95000000 bendC=0 refA=194548000 refB=96752000 refC=102000 bend_chk=['737702336', '3283480272', '3806263264'] ref_chk=['737702336', '3283480272', '3806263264']
deque.to_list medium count=2000 reps=1 sample=5 order=CBA bendA=198000000 bendB=95000000 bendC=0 refA=189885000 refB=98563000 refC=97000 bend_chk=['737702336', '3283480272', '3806263264'] ref_chk=['737702336', '3283480272', '3806263264']
deque.to_list large calibrate count=50 reps=1 bend_delta=166000000ns ref_delta=165186000ns bendA=325000000ns
deque.to_list large count=50 reps=1 sample=0 order=ABC bendA=336000000 bendB=158000000 bendC=6000000 refA=461423000 refB=175146000 refC=6302000 bend_chk=['853520987', '3303415093', '178683903'] ref_chk=['853520987', '3303415093', '178683903']
deque.to_list large count=50 reps=1 sample=1 order=CBA bendA=338000000 bendB=165000000 bendC=7000000 refA=357418000 refB=230437000 refC=7074000 bend_chk=['853520987', '3303415093', '178683903'] ref_chk=['853520987', '3303415093', '178683903']
deque.to_list large count=50 reps=1 sample=2 order=ABC bendA=332000000 bendB=167000000 bendC=6000000 refA=377458000 refB=193727000 refC=6729000 bend_chk=['853520987', '3303415093', '178683903'] ref_chk=['853520987', '3303415093', '178683903']
deque.to_list large count=50 reps=1 sample=3 order=CBA bendA=349000000 bendB=166000000 bendC=7000000 refA=328831000 refB=168763000 refC=6966000 bend_chk=['853520987', '3303415093', '178683903'] ref_chk=['853520987', '3303415093', '178683903']
deque.to_list large count=50 reps=1 sample=4 order=ABC bendA=334000000 bendB=164000000 bendC=6000000 refA=334210000 refB=196695000 refC=6342000 bend_chk=['853520987', '3303415093', '178683903'] ref_chk=['853520987', '3303415093', '178683903']
deque.to_list large count=50 reps=1 sample=5 order=CBA bendA=323000000 bendB=156000000 bendC=7000000 refA=333952000 refB=173859000 refC=6738000 bend_chk=['853520987', '3303415093', '178683903'] ref_chk=['853520987', '3303415093', '178683903']
deque.pop_front small calibrate count=200000 reps=1 bend_delta=1000000ns ref_delta=1974000ns bendA=2000000ns
deque.pop_front small calibrate count=12800000 reps=1 bend_delta=68000000ns ref_delta=133734000ns bendA=135000000ns
deque.pop_front small calibrate count=25600000 reps=1 bend_delta=131000000ns ref_delta=266103000ns bendA=281000000ns
deque.pop_front small count=25600000 reps=1 sample=0 order=ABC bendA=282000000 bendB=144000000 bendC=0 refA=534044000 refB=271503000 refC=2000 bend_chk=['1393093374', '348539646', '4270041854'] ref_chk=['1393093374', '348539646', '4270041854']
deque.pop_front small count=25600000 reps=1 sample=1 order=CBA bendA=282000000 bendB=143000000 bendC=0 refA=545219000 refB=266033000 refC=2000 bend_chk=['1393093374', '348539646', '4270041854'] ref_chk=['1393093374', '348539646', '4270041854']
deque.pop_front small count=25600000 reps=1 sample=2 order=ABC bendA=281000000 bendB=140000000 bendC=0 refA=530561000 refB=262408000 refC=2000 bend_chk=['1393093374', '348539646', '4270041854'] ref_chk=['1393093374', '348539646', '4270041854']
deque.pop_front small count=25600000 reps=1 sample=3 order=CBA bendA=273000000 bendB=146000000 bendC=0 refA=514246000 refB=261790000 refC=2000 bend_chk=['1393093374', '348539646', '4270041854'] ref_chk=['1393093374', '348539646', '4270041854']
deque.pop_front small count=25600000 reps=1 sample=4 order=ABC bendA=268000000 bendB=131000000 bendC=0 refA=514348000 refB=259667000 refC=2000 bend_chk=['1393093374', '348539646', '4270041854'] ref_chk=['1393093374', '348539646', '4270041854']
deque.pop_front small count=25600000 reps=1 sample=5 order=CBA bendA=281000000 bendB=141000000 bendC=0 refA=541798000 refB=270729000 refC=2000 bend_chk=['1393093374', '348539646', '4270041854'] ref_chk=['1393093374', '348539646', '4270041854']
deque.pop_front medium calibrate count=100000 reps=1 bend_delta=0ns ref_delta=1024000ns bendA=1000000ns
deque.pop_front medium calibrate count=6400000 reps=1 bend_delta=36000000ns ref_delta=66866000ns bendA=71000000ns
deque.pop_front medium calibrate count=19200000 reps=1 bend_delta=86000000ns ref_delta=244883000ns bendA=218000000ns
deque.pop_front medium calibrate count=38400000 reps=1 bend_delta=226000000ns ref_delta=393301000ns bendA=448000000ns
deque.pop_front medium count=38400000 reps=1 sample=0 order=ABC bendA=464000000 bendB=239000000 bendC=0 refA=900968000 refB=445684000 refC=129000 bend_chk=['1766529085', '2122790973', '3049478205'] ref_chk=['1766529085', '2122790973', '3049478205']
deque.pop_front medium count=38400000 reps=1 sample=1 order=CBA bendA=439000000 bendB=221000000 bendC=1000000 refA=836845000 refB=415116000 refC=153000 bend_chk=['1766529085', '2122790973', '3049478205'] ref_chk=['1766529085', '2122790973', '3049478205']
deque.pop_front medium count=38400000 reps=1 sample=2 order=ABC bendA=450000000 bendB=231000000 bendC=0 refA=830229000 refB=427196000 refC=115000 bend_chk=['1766529085', '2122790973', '3049478205'] ref_chk=['1766529085', '2122790973', '3049478205']
deque.pop_front medium count=38400000 reps=1 sample=3 order=CBA bendA=472000000 bendB=251000000 bendC=0 refA=793812000 refB=404371000 refC=109000 bend_chk=['1766529085', '2122790973', '3049478205'] ref_chk=['1766529085', '2122790973', '3049478205']
deque.pop_front medium count=38400000 reps=1 sample=4 order=ABC bendA=431000000 bendB=212000000 bendC=0 refA=802629000 refB=395904000 refC=112000 bend_chk=['1766529085', '2122790973', '3049478205'] ref_chk=['1766529085', '2122790973', '3049478205']
deque.pop_front medium count=38400000 reps=1 sample=5 order=CBA bendA=415000000 bendB=210000000 bendC=1000000 refA=782184000 refB=384512000 refC=106000 bend_chk=['1766529085', '2122790973', '3049478205'] ref_chk=['1766529085', '2122790973', '3049478205']
deque.pop_front large calibrate count=50000 reps=1 bend_delta=2000000ns ref_delta=3989000ns bendA=8000000ns
deque.pop_front large calibrate count=2550000 reps=1 bend_delta=18000000ns ref_delta=25071000ns bendA=43000000ns
deque.pop_front large calibrate count=15300000 reps=1 bend_delta=121000000ns ref_delta=162995000ns bendA=241000000ns
deque.pop_front large count=15300000 reps=1 sample=0 order=ABC bendA=241000000 bendB=125000000 bendC=7000000 refA=326743000 refB=166264000 refC=6738000 bend_chk=['307325468', '3367239996', '3284041820'] ref_chk=['307325468', '3367239996', '3284041820']
deque.pop_front large count=15300000 reps=1 sample=1 order=CBA bendA=240000000 bendB=127000000 bendC=8000000 refA=324757000 refB=158288000 refC=6703000 bend_chk=['307325468', '3367239996', '3284041820'] ref_chk=['307325468', '3367239996', '3284041820']
deque.pop_front large count=15300000 reps=1 sample=2 order=ABC bendA=242000000 bendB=121000000 bendC=6000000 refA=332194000 refB=163965000 refC=6697000 bend_chk=['307325468', '3367239996', '3284041820'] ref_chk=['307325468', '3367239996', '3284041820']
deque.pop_front large count=15300000 reps=1 sample=3 order=CBA bendA=245000000 bendB=126000000 bendC=7000000 refA=318691000 refB=159512000 refC=6784000 bend_chk=['307325468', '3367239996', '3284041820'] ref_chk=['307325468', '3367239996', '3284041820']
deque.pop_front large count=15300000 reps=1 sample=4 order=ABC bendA=240000000 bendB=128000000 bendC=6000000 refA=410019000 refB=160691000 refC=6352000 bend_chk=['307325468', '3367239996', '3284041820'] ref_chk=['307325468', '3367239996', '3284041820']
deque.pop_front large count=15300000 reps=1 sample=5 order=CBA bendA=235000000 bendB=120000000 bendC=7000000 refA=311683000 refB=161045000 refC=6767000 bend_chk=['307325468', '3367239996', '3284041820'] ref_chk=['307325468', '3367239996', '3284041820']
deque.pop_back small calibrate count=200000 reps=1 bend_delta=1000000ns ref_delta=2089000ns bendA=2000000ns
deque.pop_back small calibrate count=12800000 reps=1 bend_delta=160000000ns ref_delta=134069000ns bendA=230000000ns
deque.pop_back small count=12800000 reps=1 sample=0 order=ABC bendA=148000000 bendB=77000000 bendC=0 refA=292259000 refB=138952000 refC=2000 bend_chk=['2799992027', '2963750107', '1550449883'] ref_chk=['2799992027', '2963750107', '1550449883']
deque.pop_back small count=12800000 reps=1 sample=1 order=CBA bendA=148000000 bendB=71000000 bendC=0 refA=275931000 refB=138181000 refC=2000 bend_chk=['2799992027', '2963750107', '1550449883'] ref_chk=['2799992027', '2963750107', '1550449883']
deque.pop_back small count=12800000 reps=1 sample=2 order=ABC bendA=144000000 bendB=71000000 bendC=0 refA=268950000 refB=134351000 refC=2000 bend_chk=['2799992027', '2963750107', '1550449883'] ref_chk=['2799992027', '2963750107', '1550449883']
deque.pop_back small count=12800000 reps=1 sample=3 order=CBA bendA=144000000 bendB=70000000 bendC=0 refA=271013000 refB=137490000 refC=2000 bend_chk=['2799992027', '2963750107', '1550449883'] ref_chk=['2799992027', '2963750107', '1550449883']
deque.pop_back small count=12800000 reps=1 sample=4 order=ABC bendA=141000000 bendB=73000000 bendC=0 refA=266416000 refB=136292000 refC=2000 bend_chk=['2799992027', '2963750107', '1550449883'] ref_chk=['2799992027', '2963750107', '1550449883']
deque.pop_back small count=12800000 reps=1 sample=5 order=CBA bendA=141000000 bendB=70000000 bendC=0 refA=265116000 refB=134138000 refC=2000 bend_chk=['2799992027', '2963750107', '1550449883'] ref_chk=['2799992027', '2963750107', '1550449883']
deque.pop_back medium calibrate count=100000 reps=1 bend_delta=0ns ref_delta=999000ns bendA=1000000ns
deque.pop_back medium calibrate count=6400000 reps=1 bend_delta=35000000ns ref_delta=62762000ns bendA=69000000ns
deque.pop_back medium calibrate count=19200000 reps=1 bend_delta=97000000ns ref_delta=206642000ns bendA=206000000ns
deque.pop_back medium calibrate count=38400000 reps=1 bend_delta=215000000ns ref_delta=399249000ns bendA=426000000ns
deque.pop_back medium count=38400000 reps=1 sample=0 order=ABC bendA=420000000 bendB=216000000 bendC=0 refA=776066000 refB=436244000 refC=117000 bend_chk=['2671188122', '384788634', '2292693146'] ref_chk=['2671188122', '384788634', '2292693146']
deque.pop_back medium count=38400000 reps=1 sample=1 order=CBA bendA=434000000 bendB=216000000 bendC=0 refA=780986000 refB=403573000 refC=107000 bend_chk=['2671188122', '384788634', '2292693146'] ref_chk=['2671188122', '384788634', '2292693146']
deque.pop_back medium count=38400000 reps=1 sample=2 order=ABC bendA=403000000 bendB=202000000 bendC=0 refA=765332000 refB=373437000 refC=98000 bend_chk=['2671188122', '384788634', '2292693146'] ref_chk=['2671188122', '384788634', '2292693146']
deque.pop_back medium count=38400000 reps=1 sample=3 order=CBA bendA=403000000 bendB=194000000 bendC=0 refA=798077000 refB=383551000 refC=109000 bend_chk=['2671188122', '384788634', '2292693146'] ref_chk=['2671188122', '384788634', '2292693146']
deque.pop_back medium count=38400000 reps=1 sample=4 order=ABC bendA=424000000 bendB=222000000 bendC=0 refA=908915000 refB=428103000 refC=113000 bend_chk=['2671188122', '384788634', '2292693146'] ref_chk=['2671188122', '384788634', '2292693146']
deque.pop_back medium count=38400000 reps=1 sample=5 order=CBA bendA=433000000 bendB=218000000 bendC=1000000 refA=803427000 refB=416585000 refC=111000 bend_chk=['2671188122', '384788634', '2292693146'] ref_chk=['2671188122', '384788634', '2292693146']
deque.pop_back large calibrate count=50000 reps=1 bend_delta=1000000ns ref_delta=-609000ns bendA=8000000ns
deque.pop_back large calibrate count=3200000 reps=1 bend_delta=27000000ns ref_delta=33878000ns bendA=58000000ns
deque.pop_back large calibrate count=12800000 reps=1 bend_delta=108000000ns ref_delta=132551000ns bendA=214000000ns
deque.pop_back large count=12800000 reps=1 sample=0 order=ABC bendA=244000000 bendB=116000000 bendC=6000000 refA=331982000 refB=165732000 refC=6813000 bend_chk=['4191043769', '3797049529', '2094432441'] ref_chk=['4191043769', '3797049529', '2094432441']
deque.pop_back large count=12800000 reps=1 sample=1 order=CBA bendA=213000000 bendB=105000000 bendC=8000000 refA=276366000 refB=147311000 refC=7076000 bend_chk=['4191043769', '3797049529', '2094432441'] ref_chk=['4191043769', '3797049529', '2094432441']
deque.pop_back large count=12800000 reps=1 sample=2 order=ABC bendA=210000000 bendB=106000000 bendC=6000000 refA=275055000 refB=156955000 refC=7535000 bend_chk=['4191043769', '3797049529', '2094432441'] ref_chk=['4191043769', '3797049529', '2094432441']
deque.pop_back large count=12800000 reps=1 sample=3 order=CBA bendA=217000000 bendB=112000000 bendC=9000000 refA=300992000 refB=155639000 refC=9109000 bend_chk=['4191043769', '3797049529', '2094432441'] ref_chk=['4191043769', '3797049529', '2094432441']
deque.pop_back large count=12800000 reps=1 sample=4 order=ABC bendA=219000000 bendB=119000000 bendC=6000000 refA=288270000 refB=147891000 refC=7302000 bend_chk=['4191043769', '3797049529', '2094432441'] ref_chk=['4191043769', '3797049529', '2094432441']
deque.pop_back large count=12800000 reps=1 sample=5 order=CBA bendA=220000000 bendB=109000000 bendC=7000000 refA=300048000 refB=159877000 refC=7182000 bend_chk=['4191043769', '3797049529', '2094432441'] ref_chk=['4191043769', '3797049529', '2094432441']
deque.new small calibrate count=200000 reps=1 bend_delta=0ns ref_delta=302000ns bendA=0ns
deque.new small calibrate count=12800000 reps=1 bend_delta=16000000ns ref_delta=19137000ns bendA=31000000ns
deque.new small calibrate count=89600000 reps=1 bend_delta=103000000ns ref_delta=123030000ns bendA=202000000ns
deque.new small count=89600000 reps=1 sample=0 order=ABC bendA=199000000 bendB=99000000 bendC=0 refA=244211000 refB=122128000 refC=8000 bend_chk=['1900834488', '1338924728', '3125825208'] ref_chk=['1900834488', '1338924728', '3125825208']
deque.new small count=89600000 reps=1 sample=1 order=CBA bendA=188000000 bendB=99000000 bendC=0 refA=243788000 refB=115193000 refC=1000 bend_chk=['1900834488', '1338924728', '3125825208'] ref_chk=['1900834488', '1338924728', '3125825208']
deque.new small count=89600000 reps=1 sample=2 order=ABC bendA=193000000 bendB=93000000 bendC=0 refA=237160000 refB=122164000 refC=2000 bend_chk=['1900834488', '1338924728', '3125825208'] ref_chk=['1900834488', '1338924728', '3125825208']
deque.new small count=89600000 reps=1 sample=3 order=CBA bendA=186000000 bendB=96000000 bendC=0 refA=243968000 refB=116973000 refC=1000 bend_chk=['1900834488', '1338924728', '3125825208'] ref_chk=['1900834488', '1338924728', '3125825208']
deque.new small count=89600000 reps=1 sample=4 order=ABC bendA=190000000 bendB=92000000 bendC=0 refA=233786000 refB=122073000 refC=2000 bend_chk=['1900834488', '1338924728', '3125825208'] ref_chk=['1900834488', '1338924728', '3125825208']
deque.new small count=89600000 reps=1 sample=5 order=CBA bendA=190000000 bendB=99000000 bendC=0 refA=244149000 refB=117455000 refC=2000 bend_chk=['1900834488', '1338924728', '3125825208'] ref_chk=['1900834488', '1338924728', '3125825208']
deque.new medium calibrate count=200000 reps=1 bend_delta=1000000ns ref_delta=278000ns bendA=1000000ns
deque.new medium calibrate count=12800000 reps=1 bend_delta=13000000ns ref_delta=17916000ns bendA=28000000ns
deque.new medium calibrate count=102400000 reps=1 bend_delta=109000000ns ref_delta=134370000ns bendA=215000000ns
deque.new medium count=102400000 reps=1 sample=0 order=ABC bendA=224000000 bendB=107000000 bendC=0 refA=273918000 refB=139629000 refC=107000 bend_chk=['1045371127', '1290639607', '1535908087'] ref_chk=['1045371127', '1290639607', '1535908087']
deque.new medium count=102400000 reps=1 sample=1 order=CBA bendA=217000000 bendB=113000000 bendC=0 refA=279210000 refB=134061000 refC=96000 bend_chk=['1045371127', '1290639607', '1535908087'] ref_chk=['1045371127', '1290639607', '1535908087']
deque.new medium count=102400000 reps=1 sample=2 order=ABC bendA=220000000 bendB=105000000 bendC=0 refA=273063000 refB=139601000 refC=102000 bend_chk=['1045371127', '1290639607', '1535908087'] ref_chk=['1045371127', '1290639607', '1535908087']
deque.new medium count=102400000 reps=1 sample=3 order=CBA bendA=214000000 bendB=112000000 bendC=0 refA=279432000 refB=133487000 refC=96000 bend_chk=['1045371127', '1290639607', '1535908087'] ref_chk=['1045371127', '1290639607', '1535908087']
deque.new medium count=102400000 reps=1 sample=4 order=ABC bendA=224000000 bendB=106000000 bendC=0 refA=272691000 refB=139671000 refC=107000 bend_chk=['1045371127', '1290639607', '1535908087'] ref_chk=['1045371127', '1290639607', '1535908087']
deque.new medium count=102400000 reps=1 sample=5 order=CBA bendA=213000000 bendB=112000000 bendC=0 refA=279264000 refB=134173000 refC=96000 bend_chk=['1045371127', '1290639607', '1535908087'] ref_chk=['1045371127', '1290639607', '1535908087']
deque.new large calibrate count=50000 reps=1 bend_delta=2000000ns ref_delta=386000ns bendA=8000000ns
deque.new large calibrate count=2550000 reps=1 bend_delta=2000000ns ref_delta=3420000ns bendA=11000000ns
deque.new large calibrate count=130050000 reps=1 bend_delta=146000000ns ref_delta=168147000ns bendA=284000000ns
deque.new large count=130050000 reps=1 sample=0 order=ABC bendA=289000000 bendB=140000000 bendC=5000000 refA=353826000 refB=183867000 refC=6417000 bend_chk=['2523904502', '4070844294', '904823062'] ref_chk=['2523904502', '4070844294', '904823062']
deque.new large count=130050000 reps=1 sample=1 order=CBA bendA=278000000 bendB=149000000 bendC=7000000 refA=361548000 refB=175824000 refC=6147000 bend_chk=['2523904502', '4070844294', '904823062'] ref_chk=['2523904502', '4070844294', '904823062']
deque.new large count=130050000 reps=1 sample=2 order=ABC bendA=289000000 bendB=140000000 bendC=5000000 refA=353038000 refB=194265000 refC=21710000 bend_chk=['2523904502', '4070844294', '904823062'] ref_chk=['2523904502', '4070844294', '904823062']
deque.new large count=130050000 reps=1 sample=3 order=CBA bendA=287000000 bendB=153000000 bendC=8000000 refA=361248000 refB=179308000 refC=6108000 bend_chk=['2523904502', '4070844294', '904823062'] ref_chk=['2523904502', '4070844294', '904823062']
deque.new large count=130050000 reps=1 sample=4 order=ABC bendA=291000000 bendB=143000000 bendC=5000000 refA=355918000 refB=184106000 refC=6515000 bend_chk=['2523904502', '4070844294', '904823062'] ref_chk=['2523904502', '4070844294', '904823062']
deque.new large count=130050000 reps=1 sample=5 order=CBA bendA=278000000 bendB=148000000 bendC=7000000 refA=360981000 refB=180924000 refC=6272000 bend_chk=['2523904502', '4070844294', '904823062'] ref_chk=['2523904502', '4070844294', '904823062']
queue.enqueue small calibrate count=200000 reps=1 bend_delta=3000000ns ref_delta=2293000ns bendA=5000000ns
queue.enqueue small calibrate count=200000 reps=34 bend_delta=60000000ns ref_delta=86362000ns bendA=119000000ns
queue.enqueue small calibrate count=200000 reps=68 bend_delta=119000000ns ref_delta=159057000ns bendA=237000000ns
queue.enqueue small count=200000 reps=68 sample=0 order=ABC bendA=237000000 bendB=118000000 bendC=0 refA=321233000 refB=189852000 refC=113000 bend_chk=['2795335970', '1486374690', '3583319330'] ref_chk=['2795335970', '1486374690', '3583319330']
queue.enqueue small count=200000 reps=68 sample=1 order=CBA bendA=239000000 bendB=118000000 bendC=0 refA=323604000 refB=167312000 refC=101000 bend_chk=['2795335970', '1486374690', '3583319330'] ref_chk=['2795335970', '1486374690', '3583319330']
queue.enqueue small count=200000 reps=68 sample=2 order=ABC bendA=237000000 bendB=118000000 bendC=1000000 refA=308744000 refB=154825000 refC=90000 bend_chk=['2795335970', '1486374690', '3583319330'] ref_chk=['2795335970', '1486374690', '3583319330']
queue.enqueue small count=200000 reps=68 sample=3 order=CBA bendA=237000000 bendB=118000000 bendC=0 refA=316214000 refB=156831000 refC=101000 bend_chk=['2795335970', '1486374690', '3583319330'] ref_chk=['2795335970', '1486374690', '3583319330']
queue.enqueue small count=200000 reps=68 sample=4 order=ABC bendA=235000000 bendB=118000000 bendC=0 refA=310583000 refB=152778000 refC=90000 bend_chk=['2795335970', '1486374690', '3583319330'] ref_chk=['2795335970', '1486374690', '3583319330']
queue.enqueue small count=200000 reps=68 sample=5 order=CBA bendA=237000000 bendB=118000000 bendC=0 refA=314156000 refB=151988000 refC=95000 bend_chk=['2795335970', '1486374690', '3583319330'] ref_chk=['2795335970', '1486374690', '3583319330']
queue.enqueue medium calibrate count=100000 reps=1 bend_delta=1000000ns ref_delta=1205000ns bendA=2000000ns
queue.enqueue medium calibrate count=100000 reps=64 bend_delta=56000000ns ref_delta=86539000ns bendA=117000000ns
queue.enqueue medium calibrate count=100000 reps=128 bend_delta=118000000ns ref_delta=176742000ns bendA=262000000ns
queue.enqueue medium count=100000 reps=128 sample=0 order=ABC bendA=278000000 bendB=135000000 bendC=12000000 refA=335629000 refB=164961000 refC=12695000 bend_chk=['2857048128', '704542784', '247584832'] ref_chk=['2857048128', '704542784', '247584832']
queue.enqueue medium count=100000 reps=128 sample=1 order=CBA bendA=244000000 bendB=128000000 bendC=12000000 refA=318334000 refB=163100000 refC=12868000 bend_chk=['2857048128', '704542784', '247584832'] ref_chk=['2857048128', '704542784', '247584832']
queue.enqueue medium count=100000 reps=128 sample=2 order=ABC bendA=237000000 bendB=125000000 bendC=11000000 refA=303838000 refB=155640000 refC=12105000 bend_chk=['2857048128', '704542784', '247584832'] ref_chk=['2857048128', '704542784', '247584832']
queue.enqueue medium count=100000 reps=128 sample=3 order=CBA bendA=254000000 bendB=124000000 bendC=11000000 refA=327386000 refB=168293000 refC=13443000 bend_chk=['2857048128', '704542784', '247584832'] ref_chk=['2857048128', '704542784', '247584832']
queue.enqueue medium count=100000 reps=128 sample=4 order=ABC bendA=252000000 bendB=129000000 bendC=12000000 refA=321386000 refB=160206000 refC=13024000 bend_chk=['2857048128', '704542784', '247584832'] ref_chk=['2857048128', '704542784', '247584832']
queue.enqueue medium count=100000 reps=128 sample=5 order=CBA bendA=243000000 bendB=127000000 bendC=12000000 refA=312127000 refB=156952000 refC=12374000 bend_chk=['2857048128', '704542784', '247584832'] ref_chk=['2857048128', '704542784', '247584832']
queue.enqueue large calibrate count=50000 reps=1 bend_delta=2000000ns ref_delta=454000ns bendA=8000000ns
queue.enqueue large calibrate count=262144 reps=1 bend_delta=2000000ns ref_delta=3302000ns bendA=10000000ns
queue.enqueue large calibrate count=262144 reps=51 bend_delta=112000000ns ref_delta=154554000ns bendA=513000000ns
queue.enqueue large count=262144 reps=51 sample=0 order=ABC bendA=531000000 bendB=416000000 bendC=296000000 refA=871979000 refB=542904000 refC=348284000 bend_chk=['2915760561', '831191473', '3041589681'] ref_chk=['2915760561', '831191473', '3041589681']
queue.enqueue large count=262144 reps=51 sample=1 order=CBA bendA=553000000 bendB=411000000 bendC=291000000 refA=642609000 refB=506273000 refC=339836000 bend_chk=['2915760561', '831191473', '3041589681'] ref_chk=['2915760561', '831191473', '3041589681']
queue.enqueue large count=262144 reps=51 sample=2 order=ABC bendA=521000000 bendB=418000000 bendC=291000000 refA=657028000 refB=479727000 refC=328943000 bend_chk=['2915760561', '831191473', '3041589681'] ref_chk=['2915760561', '831191473', '3041589681']
queue.enqueue large count=262144 reps=51 sample=3 order=CBA bendA=518000000 bendB=393000000 bendC=281000000 refA=745844000 refB=514910000 refC=350968000 bend_chk=['2915760561', '831191473', '3041589681'] ref_chk=['2915760561', '831191473', '3041589681']
queue.enqueue large count=262144 reps=51 sample=4 order=ABC bendA=535000000 bendB=423000000 bendC=292000000 refA=680087000 refB=488693000 refC=380797000 bend_chk=['2915760561', '831191473', '3041589681'] ref_chk=['2915760561', '831191473', '3041589681']
queue.enqueue large count=262144 reps=51 sample=5 order=CBA bendA=528000000 bendB=392000000 bendC=279000000 refA=642005000 refB=481727000 refC=339492000 bend_chk=['2915760561', '831191473', '3041589681'] ref_chk=['2915760561', '831191473', '3041589681']
queue.peek small calibrate count=200000 reps=1 bend_delta=0ns ref_delta=779000ns bendA=1000000ns
queue.peek small calibrate count=12800000 reps=1 bend_delta=45000000ns ref_delta=50616000ns bendA=90000000ns
queue.peek small calibrate count=38400000 reps=1 bend_delta=138000000ns ref_delta=154847000ns bendA=273000000ns
queue.peek small count=38400000 reps=1 sample=0 order=ABC bendA=281000000 bendB=207000000 bendC=0 refA=465864000 refB=171751000 refC=8000 bend_chk=['2038171657', '648411145', '2412767241'] ref_chk=['2038171657', '648411145', '2412767241']
queue.peek small count=38400000 reps=1 sample=1 order=CBA bendA=323000000 bendB=162000000 bendC=0 refA=339884000 refB=171992000 refC=3000 bend_chk=['2038171657', '648411145', '2412767241'] ref_chk=['2038171657', '648411145', '2412767241']
queue.peek small count=38400000 reps=1 sample=2 order=ABC bendA=351000000 bendB=157000000 bendC=0 refA=312615000 refB=147661000 refC=2000 bend_chk=['2038171657', '648411145', '2412767241'] ref_chk=['2038171657', '648411145', '2412767241']
queue.peek small count=38400000 reps=1 sample=3 order=CBA bendA=282000000 bendB=140000000 bendC=0 refA=292689000 refB=148991000 refC=2000 bend_chk=['2038171657', '648411145', '2412767241'] ref_chk=['2038171657', '648411145', '2412767241']
queue.peek small count=38400000 reps=1 sample=4 order=ABC bendA=267000000 bendB=135000000 bendC=0 refA=285739000 refB=140769000 refC=2000 bend_chk=['2038171657', '648411145', '2412767241'] ref_chk=['2038171657', '648411145', '2412767241']
queue.peek small count=38400000 reps=1 sample=5 order=CBA bendA=267000000 bendB=133000000 bendC=0 refA=289550000 refB=148202000 refC=2000 bend_chk=['2038171657', '648411145', '2412767241'] ref_chk=['2038171657', '648411145', '2412767241']
queue.peek medium calibrate count=100000 reps=1 bend_delta=1000000ns ref_delta=395000ns bendA=1000000ns
queue.peek medium calibrate count=6400000 reps=1 bend_delta=24000000ns ref_delta=21468000ns bendA=47000000ns
queue.peek medium calibrate count=32000000 reps=1 bend_delta=108000000ns ref_delta=133028000ns bendA=238000000ns
queue.peek medium count=32000000 reps=1 sample=0 order=ABC bendA=250000000 bendB=128000000 bendC=0 refA=272967000 refB=124058000 refC=106000 bend_chk=['1960848072', '3388019400', '2046950088'] ref_chk=['1960848072', '3388019400', '2046950088']
queue.peek medium count=32000000 reps=1 sample=1 order=CBA bendA=247000000 bendB=122000000 bendC=0 refA=243002000 refB=131753000 refC=107000 bend_chk=['1960848072', '3388019400', '2046950088'] ref_chk=['1960848072', '3388019400', '2046950088']
queue.peek medium count=32000000 reps=1 sample=2 order=ABC bendA=233000000 bendB=120000000 bendC=0 refA=252906000 refB=123094000 refC=206000 bend_chk=['1960848072', '3388019400', '2046950088'] ref_chk=['1960848072', '3388019400', '2046950088']
queue.peek medium count=32000000 reps=1 sample=3 order=CBA bendA=229000000 bendB=113000000 bendC=0 refA=245412000 refB=123814000 refC=102000 bend_chk=['1960848072', '3388019400', '2046950088'] ref_chk=['1960848072', '3388019400', '2046950088']
queue.peek medium count=32000000 reps=1 sample=4 order=ABC bendA=227000000 bendB=115000000 bendC=0 refA=249293000 refB=122575000 refC=105000 bend_chk=['1960848072', '3388019400', '2046950088'] ref_chk=['1960848072', '3388019400', '2046950088']
queue.peek medium count=32000000 reps=1 sample=5 order=CBA bendA=227000000 bendB=112000000 bendC=0 refA=240285000 refB=123624000 refC=105000 bend_chk=['1960848072', '3388019400', '2046950088'] ref_chk=['1960848072', '3388019400', '2046950088']
queue.peek large calibrate count=50000 reps=1 bend_delta=1000000ns ref_delta=896000ns bendA=8000000ns
queue.peek large calibrate count=3200000 reps=1 bend_delta=11000000ns ref_delta=12200000ns bendA=31000000ns
queue.peek large calibrate count=32000000 reps=1 bend_delta=116000000ns ref_delta=124720000ns bendA=235000000ns
queue.peek large count=32000000 reps=1 sample=0 order=ABC bendA=232000000 bendB=124000000 bendC=6000000 refA=262672000 refB=130265000 refC=6536000 bend_chk=['1757639399', '1385495271', '3546710759'] ref_chk=['1757639399', '1385495271', '3546710759']
queue.peek large count=32000000 reps=1 sample=1 order=CBA bendA=242000000 bendB=123000000 bendC=7000000 refA=260078000 refB=128619000 refC=7052000 bend_chk=['1757639399', '1385495271', '3546710759'] ref_chk=['1757639399', '1385495271', '3546710759']
queue.peek large count=32000000 reps=1 sample=2 order=ABC bendA=242000000 bendB=130000000 bendC=6000000 refA=262317000 refB=130565000 refC=6399000 bend_chk=['1757639399', '1385495271', '3546710759'] ref_chk=['1757639399', '1385495271', '3546710759']
queue.peek large count=32000000 reps=1 sample=3 order=CBA bendA=241000000 bendB=119000000 bendC=7000000 refA=250364000 refB=130701000 refC=6745000 bend_chk=['1757639399', '1385495271', '3546710759'] ref_chk=['1757639399', '1385495271', '3546710759']
queue.peek large count=32000000 reps=1 sample=4 order=ABC bendA=234000000 bendB=119000000 bendC=6000000 refA=247119000 refB=124876000 refC=6209000 bend_chk=['1757639399', '1385495271', '3546710759'] ref_chk=['1757639399', '1385495271', '3546710759']
queue.peek large count=32000000 reps=1 sample=5 order=CBA bendA=229000000 bendB=115000000 bendC=6000000 refA=241522000 refB=125843000 refC=6456000 bend_chk=['1757639399', '1385495271', '3546710759'] ref_chk=['1757639399', '1385495271', '3546710759']
queue.length small calibrate count=200000 reps=1 bend_delta=-1000000ns ref_delta=614000ns bendA=0ns
queue.length small calibrate count=12800000 reps=1 bend_delta=13000000ns ref_delta=38679000ns bendA=26000000ns
queue.length small calibrate count=102400000 reps=1 bend_delta=109000000ns ref_delta=295996000ns bendA=213000000ns
queue.length small count=102400000 reps=1 sample=0 order=ABC bendA=206000000 bendB=104000000 bendC=0 refA=605174000 refB=297438000 refC=2000 bend_chk=['3844422118', '3916282342', '3988142566'] ref_chk=['3844422118', '3916282342', '3988142566']
queue.length small count=102400000 reps=1 sample=1 order=CBA bendA=207000000 bendB=103000000 bendC=0 refA=594759000 refB=297072000 refC=2000 bend_chk=['3844422118', '3916282342', '3988142566'] ref_chk=['3844422118', '3916282342', '3988142566']
queue.length small count=102400000 reps=1 sample=2 order=ABC bendA=206000000 bendB=104000000 bendC=0 refA=594340000 refB=297132000 refC=8000 bend_chk=['3844422118', '3916282342', '3988142566'] ref_chk=['3844422118', '3916282342', '3988142566']
queue.length small count=102400000 reps=1 sample=3 order=CBA bendA=207000000 bendB=104000000 bendC=0 refA=617981000 refB=298765000 refC=1000 bend_chk=['3844422118', '3916282342', '3988142566'] ref_chk=['3844422118', '3916282342', '3988142566']
queue.length small count=102400000 reps=1 sample=4 order=ABC bendA=208000000 bendB=108000000 bendC=0 refA=654028000 refB=324220000 refC=2000 bend_chk=['3844422118', '3916282342', '3988142566'] ref_chk=['3844422118', '3916282342', '3988142566']
queue.length small count=102400000 reps=1 sample=5 order=CBA bendA=227000000 bendB=113000000 bendC=1000000 refA=650235000 refB=325123000 refC=2000 bend_chk=['3844422118', '3916282342', '3988142566'] ref_chk=['3844422118', '3916282342', '3988142566']
queue.length medium calibrate count=100000 reps=1 bend_delta=-1000000ns ref_delta=322000ns bendA=0ns
queue.length medium calibrate count=6400000 reps=1 bend_delta=6000000ns ref_delta=20801000ns bendA=14000000ns
queue.length medium calibrate count=108800000 reps=1 bend_delta=121000000ns ref_delta=334975000ns bendA=241000000ns
queue.length medium count=108800000 reps=1 sample=0 order=ABC bendA=229000000 bendB=112000000 bendC=0 refA=653464000 refB=329056000 refC=114000 bend_chk=['1597442853', '848212773', '1290165029'] ref_chk=['1597442853', '848212773', '1290165029']
queue.length medium count=108800000 reps=1 sample=1 order=CBA bendA=226000000 bendB=113000000 bendC=1000000 refA=662279000 refB=326446000 refC=107000 bend_chk=['1597442853', '848212773', '1290165029'] ref_chk=['1597442853', '848212773', '1290165029']
queue.length medium count=108800000 reps=1 sample=2 order=ABC bendA=233000000 bendB=116000000 bendC=0 refA=653563000 refB=321878000 refC=105000 bend_chk=['1597442853', '848212773', '1290165029'] ref_chk=['1597442853', '848212773', '1290165029']
queue.length medium count=108800000 reps=1 sample=3 order=CBA bendA=222000000 bendB=112000000 bendC=0 refA=635123000 refB=323971000 refC=96000 bend_chk=['1597442853', '848212773', '1290165029'] ref_chk=['1597442853', '848212773', '1290165029']
queue.length medium count=108800000 reps=1 sample=4 order=ABC bendA=221000000 bendB=112000000 bendC=0 refA=631171000 refB=316086000 refC=92000 bend_chk=['1597442853', '848212773', '1290165029'] ref_chk=['1597442853', '848212773', '1290165029']
queue.length medium count=108800000 reps=1 sample=5 order=CBA bendA=220000000 bendB=111000000 bendC=0 refA=631005000 refB=315328000 refC=91000 bend_chk=['1597442853', '848212773', '1290165029'] ref_chk=['1597442853', '848212773', '1290165029']
queue.length large calibrate count=50000 reps=1 bend_delta=1000000ns ref_delta=263000ns bendA=6000000ns
queue.length large calibrate count=3200000 reps=1 bend_delta=4000000ns ref_delta=10345000ns bendA=12000000ns
queue.length large calibrate count=83200000 reps=1 bend_delta=86000000ns ref_delta=242424000ns bendA=175000000ns
queue.length large calibrate count=166400000 reps=1 bend_delta=168000000ns ref_delta=483162000ns bendA=341000000ns
queue.length large count=166400000 reps=1 sample=0 order=ABC bendA=344000000 bendB=173000000 bendC=5000000 refA=971103000 refB=493521000 refC=5793000 bend_chk=['3820086084', '3256365892', '2357101380'] ref_chk=['3820086084', '3256365892', '2357101380']
queue.length large count=166400000 reps=1 sample=1 order=CBA bendA=343000000 bendB=173000000 bendC=6000000 refA=969945000 refB=486988000 refC=5789000 bend_chk=['3820086084', '3256365892', '2357101380'] ref_chk=['3820086084', '3256365892', '2357101380']
queue.length large count=166400000 reps=1 sample=2 order=ABC bendA=342000000 bendB=174000000 bendC=5000000 refA=983630000 refB=491113000 refC=5961000 bend_chk=['3820086084', '3256365892', '2357101380'] ref_chk=['3820086084', '3256365892', '2357101380']
queue.length large count=166400000 reps=1 sample=3 order=CBA bendA=354000000 bendB=174000000 bendC=6000000 refA=1062462000 refB=510865000 refC=6014000 bend_chk=['3820086084', '3256365892', '2357101380'] ref_chk=['3820086084', '3256365892', '2357101380']
queue.length large count=166400000 reps=1 sample=4 order=ABC bendA=362000000 bendB=187000000 bendC=5000000 refA=1008237000 refB=494022000 refC=6391000 bend_chk=['3820086084', '3256365892', '2357101380'] ref_chk=['3820086084', '3256365892', '2357101380']
queue.length large count=166400000 reps=1 sample=5 order=CBA bendA=342000000 bendB=177000000 bendC=7000000 refA=970649000 refB=488961000 refC=5788000 bend_chk=['3820086084', '3256365892', '2357101380'] ref_chk=['3820086084', '3256365892', '2357101380']
queue.to_list small calibrate count=20000 reps=1 bend_delta=13000000ns ref_delta=12219000ns bendA=26000000ns
queue.to_list small calibrate count=160000 reps=1 bend_delta=107000000ns ref_delta=107081000ns bendA=209000000ns
queue.to_list small count=160000 reps=1 sample=0 order=ABC bendA=224000000 bendB=109000000 bendC=0 refA=227958000 refB=120516000 refC=2000 bend_chk=['2457745859', '3927925443', '1268550595'] ref_chk=['2457745859', '3927925443', '1268550595']
queue.to_list small count=160000 reps=1 sample=1 order=CBA bendA=221000000 bendB=111000000 bendC=0 refA=240209000 refB=116679000 refC=1000 bend_chk=['2457745859', '3927925443', '1268550595'] ref_chk=['2457745859', '3927925443', '1268550595']
queue.to_list small count=160000 reps=1 sample=2 order=ABC bendA=249000000 bendB=129000000 bendC=0 refA=241588000 refB=122184000 refC=1000 bend_chk=['2457745859', '3927925443', '1268550595'] ref_chk=['2457745859', '3927925443', '1268550595']
queue.to_list small count=160000 reps=1 sample=3 order=CBA bendA=248000000 bendB=117000000 bendC=0 refA=248848000 refB=120341000 refC=2000 bend_chk=['2457745859', '3927925443', '1268550595'] ref_chk=['2457745859', '3927925443', '1268550595']
queue.to_list small count=160000 reps=1 sample=4 order=ABC bendA=247000000 bendB=125000000 bendC=0 refA=321404000 refB=156305000 refC=2000 bend_chk=['2457745859', '3927925443', '1268550595'] ref_chk=['2457745859', '3927925443', '1268550595']
queue.to_list small count=160000 reps=1 sample=5 order=CBA bendA=239000000 bendB=111000000 bendC=0 refA=242314000 refB=121053000 refC=2000 bend_chk=['2457745859', '3927925443', '1268550595'] ref_chk=['2457745859', '3927925443', '1268550595']
queue.to_list medium calibrate count=1000 reps=1 bend_delta=55000000ns ref_delta=70365000ns bendA=105000000ns
queue.to_list medium calibrate count=2000 reps=1 bend_delta=114000000ns ref_delta=101524000ns bendA=213000000ns
queue.to_list medium count=2000 reps=1 sample=0 order=ABC bendA=208000000 bendB=98000000 bendC=0 refA=204998000 refB=107603000 refC=99000 bend_chk=['3913855586', '3964428530', '533379970'] ref_chk=['3913855586', '3964428530', '533379970']
queue.to_list medium count=2000 reps=1 sample=1 order=CBA bendA=221000000 bendB=101000000 bendC=1000000 refA=198011000 refB=101316000 refC=107000 bend_chk=['3913855586', '3964428530', '533379970'] ref_chk=['3913855586', '3964428530', '533379970']
queue.to_list medium count=2000 reps=1 sample=2 order=ABC bendA=201000000 bendB=94000000 bendC=0 refA=195697000 refB=98236000 refC=95000 bend_chk=['3913855586', '3964428530', '533379970'] ref_chk=['3913855586', '3964428530', '533379970']
queue.to_list medium count=2000 reps=1 sample=3 order=CBA bendA=209000000 bendB=95000000 bendC=0 refA=202011000 refB=101430000 refC=106000 bend_chk=['3913855586', '3964428530', '533379970'] ref_chk=['3913855586', '3964428530', '533379970']
queue.to_list medium count=2000 reps=1 sample=4 order=ABC bendA=212000000 bendB=95000000 bendC=0 refA=201146000 refB=102931000 refC=99000 bend_chk=['3913855586', '3964428530', '533379970'] ref_chk=['3913855586', '3964428530', '533379970']
queue.to_list medium count=2000 reps=1 sample=5 order=CBA bendA=201000000 bendB=97000000 bendC=0 refA=203536000 refB=100531000 refC=100000 bend_chk=['3913855586', '3964428530', '533379970'] ref_chk=['3913855586', '3964428530', '533379970']
queue.to_list large calibrate count=50 reps=1 bend_delta=173000000ns ref_delta=173506000ns bendA=343000000ns
queue.to_list large count=50 reps=1 sample=0 order=ABC bendA=345000000 bendB=224000000 bendC=7000000 refA=466739000 refB=223047000 refC=6610000 bend_chk=['675422749', '2784094375', '1167492001'] ref_chk=['675422749', '2784094375', '1167492001']
queue.to_list large count=50 reps=1 sample=1 order=CBA bendA=348000000 bendB=162000000 bendC=7000000 refA=349680000 refB=186822000 refC=7241000 bend_chk=['675422749', '2784094375', '1167492001'] ref_chk=['675422749', '2784094375', '1167492001']
queue.to_list large count=50 reps=1 sample=2 order=ABC bendA=352000000 bendB=159000000 bendC=6000000 refA=358488000 refB=170081000 refC=6224000 bend_chk=['675422749', '2784094375', '1167492001'] ref_chk=['675422749', '2784094375', '1167492001']
queue.to_list large count=50 reps=1 sample=3 order=CBA bendA=327000000 bendB=154000000 bendC=7000000 refA=338333000 refB=185855000 refC=6775000 bend_chk=['675422749', '2784094375', '1167492001'] ref_chk=['675422749', '2784094375', '1167492001']
queue.to_list large count=50 reps=1 sample=4 order=ABC bendA=320000000 bendB=155000000 bendC=5000000 refA=352479000 refB=182057000 refC=6979000 bend_chk=['675422749', '2784094375', '1167492001'] ref_chk=['675422749', '2784094375', '1167492001']
queue.to_list large count=50 reps=1 sample=5 order=CBA bendA=444000000 bendB=193000000 bendC=8000000 refA=541810000 refB=286965000 refC=9037000 bend_chk=['675422749', '2784094375', '1167492001'] ref_chk=['675422749', '2784094375', '1167492001']
queue.dequeue small calibrate count=200000 reps=1 bend_delta=4000000ns ref_delta=3615000ns bendA=8000000ns
queue.dequeue small calibrate count=5200000 reps=1 bend_delta=119000000ns ref_delta=69117000ns bendA=235000000ns
queue.dequeue small count=5200000 reps=1 sample=0 order=ABC bendA=208000000 bendB=92000000 bendC=0 refA=121012000 refB=61313000 refC=1000 bend_chk=['868726656', '2960142336', '2843925920'] ref_chk=['868726656', '2960142336', '2843925920']
queue.dequeue small count=5200000 reps=1 sample=1 order=CBA bendA=175000000 bendB=90000000 bendC=0 refA=117104000 refB=56283000 refC=1000 bend_chk=['868726656', '2960142336', '2843925920'] ref_chk=['868726656', '2960142336', '2843925920']
queue.dequeue small count=5200000 reps=1 sample=2 order=ABC bendA=169000000 bendB=81000000 bendC=0 refA=109681000 refB=54591000 refC=2000 bend_chk=['868726656', '2960142336', '2843925920'] ref_chk=['868726656', '2960142336', '2843925920']
queue.dequeue small count=5200000 reps=1 sample=3 order=CBA bendA=161000000 bendB=80000000 bendC=0 refA=112335000 refB=54782000 refC=1000 bend_chk=['868726656', '2960142336', '2843925920'] ref_chk=['868726656', '2960142336', '2843925920']
queue.dequeue small count=5200000 reps=1 sample=4 order=ABC bendA=157000000 bendB=79000000 bendC=0 refA=125468000 refB=54886000 refC=2000 bend_chk=['868726656', '2960142336', '2843925920'] ref_chk=['868726656', '2960142336', '2843925920']
queue.dequeue small count=5200000 reps=1 sample=5 order=CBA bendA=154000000 bendB=77000000 bendC=0 refA=101607000 refB=51090000 refC=1000 bend_chk=['868726656', '2960142336', '2843925920'] ref_chk=['868726656', '2960142336', '2843925920']
queue.dequeue medium calibrate count=100000 reps=1 bend_delta=2000000ns ref_delta=1106000ns bendA=3000000ns
queue.dequeue medium calibrate count=5100000 reps=1 bend_delta=67000000ns ref_delta=52374000ns bendA=126000000ns
queue.dequeue medium calibrate count=10200000 reps=1 bend_delta=111000000ns ref_delta=116533000ns bendA=239000000ns
queue.dequeue medium count=10200000 reps=1 sample=0 order=ABC bendA=234000000 bendB=126000000 bendC=0 refA=223815000 refB=114088000 refC=112000 bend_chk=['1566426079', '1121184735', '4071562207'] ref_chk=['1566426079', '1121184735', '4071562207']
queue.dequeue medium count=10200000 reps=1 sample=1 order=CBA bendA=254000000 bendB=123000000 bendC=0 refA=224128000 refB=107990000 refC=103000 bend_chk=['1566426079', '1121184735', '4071562207'] ref_chk=['1566426079', '1121184735', '4071562207']
queue.dequeue medium count=10200000 reps=1 sample=2 order=ABC bendA=245000000 bendB=142000000 bendC=0 refA=538421000 refB=290899000 refC=169000 bend_chk=['1566426079', '1121184735', '4071562207'] ref_chk=['1566426079', '1121184735', '4071562207']
queue.dequeue medium count=10200000 reps=1 sample=3 order=CBA bendA=351000000 bendB=182000000 bendC=0 refA=241714000 refB=127441000 refC=133000 bend_chk=['1566426079', '1121184735', '4071562207'] ref_chk=['1566426079', '1121184735', '4071562207']
queue.dequeue medium count=10200000 reps=1 sample=4 order=ABC bendA=254000000 bendB=132000000 bendC=0 refA=264468000 refB=126731000 refC=98000 bend_chk=['1566426079', '1121184735', '4071562207'] ref_chk=['1566426079', '1121184735', '4071562207']
queue.dequeue medium count=10200000 reps=1 sample=5 order=CBA bendA=256000000 bendB=123000000 bendC=0 refA=281260000 refB=140606000 refC=148000 bend_chk=['1566426079', '1121184735', '4071562207'] ref_chk=['1566426079', '1121184735', '4071562207']
queue.dequeue large calibrate count=50000 reps=1 bend_delta=1000000ns ref_delta=766000ns bendA=8000000ns
queue.dequeue large calibrate count=3200000 reps=1 bend_delta=42000000ns ref_delta=39190000ns bendA=91000000ns
queue.dequeue large calibrate count=9600000 reps=1 bend_delta=129000000ns ref_delta=121085000ns bendA=263000000ns
queue.dequeue large count=9600000 reps=1 sample=0 order=ABC bendA=261000000 bendB=135000000 bendC=5000000 refA=316808000 refB=159862000 refC=8047000 bend_chk=['2052553726', '2228222', '4272849918'] ref_chk=['2052553726', '2228222', '4272849918']
queue.dequeue large count=9600000 reps=1 sample=1 order=CBA bendA=268000000 bendB=136000000 bendC=7000000 refA=292188000 refB=140470000 refC=6699000 bend_chk=['2052553726', '2228222', '4272849918'] ref_chk=['2052553726', '2228222', '4272849918']
queue.dequeue large count=9600000 reps=1 sample=2 order=ABC bendA=310000000 bendB=165000000 bendC=7000000 refA=287798000 refB=138026000 refC=7169000 bend_chk=['2052553726', '2228222', '4272849918'] ref_chk=['2052553726', '2228222', '4272849918']
queue.dequeue large count=9600000 reps=1 sample=3 order=CBA bendA=345000000 bendB=149000000 bendC=7000000 refA=299518000 refB=158309000 refC=9756000 bend_chk=['2052553726', '2228222', '4272849918'] ref_chk=['2052553726', '2228222', '4272849918']
queue.dequeue large count=9600000 reps=1 sample=4 order=ABC bendA=291000000 bendB=148000000 bendC=6000000 refA=311761000 refB=162230000 refC=7262000 bend_chk=['2052553726', '2228222', '4272849918'] ref_chk=['2052553726', '2228222', '4272849918']
queue.dequeue large count=9600000 reps=1 sample=5 order=CBA bendA=286000000 bendB=149000000 bendC=7000000 refA=284180000 refB=163395000 refC=9142000 bend_chk=['2052553726', '2228222', '4272849918'] ref_chk=['2052553726', '2228222', '4272849918']
queue.new small calibrate count=200000 reps=1 bend_delta=1000000ns ref_delta=301000ns bendA=1000000ns
queue.new small calibrate count=12800000 reps=1 bend_delta=14000000ns ref_delta=22439000ns bendA=30000000ns
queue.new small calibrate count=102400000 reps=1 bend_delta=121000000ns ref_delta=144989000ns bendA=235000000ns
queue.new small count=102400000 reps=1 sample=0 order=ABC bendA=231000000 bendB=114000000 bendC=0 refA=290745000 refB=147266000 refC=7000 bend_chk=['2099523453', '1111928701', '124333949'] ref_chk=['2099523453', '1111928701', '124333949']
queue.new small count=102400000 reps=1 sample=1 order=CBA bendA=227000000 bendB=118000000 bendC=0 refA=279163000 refB=139577000 refC=1000 bend_chk=['2099523453', '1111928701', '124333949'] ref_chk=['2099523453', '1111928701', '124333949']
queue.new small count=102400000 reps=1 sample=2 order=ABC bendA=227000000 bendB=109000000 bendC=0 refA=276486000 refB=139576000 refC=2000 bend_chk=['2099523453', '1111928701', '124333949'] ref_chk=['2099523453', '1111928701', '124333949']
queue.new small count=102400000 reps=1 sample=3 order=CBA bendA=219000000 bendB=113000000 bendC=0 refA=279222000 refB=144072000 refC=1000 bend_chk=['2099523453', '1111928701', '124333949'] ref_chk=['2099523453', '1111928701', '124333949']
queue.new small count=102400000 reps=1 sample=4 order=ABC bendA=226000000 bendB=110000000 bendC=0 refA=282230000 refB=139498000 refC=1000 bend_chk=['2099523453', '1111928701', '124333949'] ref_chk=['2099523453', '1111928701', '124333949']
queue.new small count=102400000 reps=1 sample=5 order=CBA bendA=222000000 bendB=114000000 bendC=0 refA=279267000 refB=137335000 refC=2000 bend_chk=['2099523453', '1111928701', '124333949'] ref_chk=['2099523453', '1111928701', '124333949']
queue.new medium calibrate count=200000 reps=1 bend_delta=1000000ns ref_delta=289000ns bendA=1000000ns
queue.new medium calibrate count=12800000 reps=1 bend_delta=14000000ns ref_delta=17629000ns bendA=28000000ns
queue.new medium calibrate count=102400000 reps=1 bend_delta=118000000ns ref_delta=135818000ns bendA=225000000ns
queue.new medium count=102400000 reps=1 sample=0 order=ABC bendA=225000000 bendB=111000000 bendC=0 refA=281222000 refB=146078000 refC=100000 bend_chk=['3409607740', '3362192444', '3314777148'] ref_chk=['3409607740', '3362192444', '3314777148']
queue.new medium count=102400000 reps=1 sample=1 order=CBA bendA=227000000 bendB=117000000 bendC=0 refA=294379000 refB=140761000 refC=111000 bend_chk=['3409607740', '3362192444', '3314777148'] ref_chk=['3409607740', '3362192444', '3314777148']
queue.new medium count=102400000 reps=1 sample=2 order=ABC bendA=234000000 bendB=114000000 bendC=0 refA=294308000 refB=155038000 refC=116000 bend_chk=['3409607740', '3362192444', '3314777148'] ref_chk=['3409607740', '3362192444', '3314777148']
queue.new medium count=102400000 reps=1 sample=3 order=CBA bendA=236000000 bendB=124000000 bendC=0 refA=299338000 refB=145073000 refC=99000 bend_chk=['3409607740', '3362192444', '3314777148'] ref_chk=['3409607740', '3362192444', '3314777148']
queue.new medium count=102400000 reps=1 sample=4 order=ABC bendA=231000000 bendB=113000000 bendC=0 refA=279477000 refB=145893000 refC=103000 bend_chk=['3409607740', '3362192444', '3314777148'] ref_chk=['3409607740', '3362192444', '3314777148']
queue.new medium count=102400000 reps=1 sample=5 order=CBA bendA=226000000 bendB=117000000 bendC=0 refA=286904000 refB=139616000 refC=146000 bend_chk=['3409607740', '3362192444', '3314777148'] ref_chk=['3409607740', '3362192444', '3314777148']
queue.new large calibrate count=50000 reps=1 bend_delta=1000000ns ref_delta=160000ns bendA=7000000ns
queue.new large calibrate count=3200000 reps=1 bend_delta=4000000ns ref_delta=4932000ns bendA=13000000ns
queue.new large calibrate count=83200000 reps=1 bend_delta=95000000ns ref_delta=111732000ns bendA=192000000ns
queue.new large calibrate count=166400000 reps=1 bend_delta=172000000ns ref_delta=231489000ns bendA=361000000ns
queue.new large count=166400000 reps=1 sample=0 order=ABC bendA=373000000 bendB=185000000 bendC=5000000 refA=456570000 refB=233839000 refC=6536000 bend_chk=['4147471451', '2843604059', '3083240539'] ref_chk=['4147471451', '2843604059', '3083240539']
queue.new large count=166400000 reps=1 sample=1 order=CBA bendA=367000000 bendB=190000000 bendC=7000000 refA=460447000 refB=231519000 refC=6133000 bend_chk=['4147471451', '2843604059', '3083240539'] ref_chk=['4147471451', '2843604059', '3083240539']
queue.new large count=166400000 reps=1 sample=2 order=ABC bendA=375000000 bendB=183000000 bendC=5000000 refA=458481000 refB=242459000 refC=6704000 bend_chk=['4147471451', '2843604059', '3083240539'] ref_chk=['4147471451', '2843604059', '3083240539']
queue.new large count=166400000 reps=1 sample=3 order=CBA bendA=376000000 bendB=196000000 bendC=7000000 refA=522349000 refB=280557000 refC=11922000 bend_chk=['4147471451', '2843604059', '3083240539'] ref_chk=['4147471451', '2843604059', '3083240539']
queue.new large count=166400000 reps=1 sample=4 order=ABC bendA=387000000 bendB=188000000 bendC=6000000 refA=500112000 refB=256283000 refC=7025000 bend_chk=['4147471451', '2843604059', '3083240539'] ref_chk=['4147471451', '2843604059', '3083240539']
queue.new large count=166400000 reps=1 sample=5 order=CBA bendA=368000000 bendB=196000000 bendC=7000000 refA=472307000 refB=232691000 refC=6320000 bend_chk=['4147471451', '2843604059', '3083240539'] ref_chk=['4147471451', '2843604059', '3083240539']
stack.push small calibrate count=200000 reps=1 bend_delta=3000000ns ref_delta=3563000ns bendA=5000000ns
stack.push small calibrate count=200000 reps=34 bend_delta=63000000ns ref_delta=138275000ns bendA=127000000ns
stack.push small calibrate count=200000 reps=68 bend_delta=123000000ns ref_delta=229447000ns bendA=245000000ns
stack.push small count=200000 reps=68 sample=0 order=ABC bendA=249000000 bendB=122000000 bendC=0 refA=445485000 refB=204770000 refC=53000 bend_chk=['733630754', '1801660194', '916770'] ref_chk=['733630754', '1801660194', '916770']
stack.push small count=200000 reps=68 sample=1 order=CBA bendA=253000000 bendB=122000000 bendC=0 refA=461067000 refB=210418000 refC=62000 bend_chk=['733630754', '1801660194', '916770'] ref_chk=['733630754', '1801660194', '916770']
stack.push small count=200000 reps=68 sample=2 order=ABC bendA=246000000 bendB=121000000 bendC=0 refA=427904000 refB=198716000 refC=61000 bend_chk=['733630754', '1801660194', '916770'] ref_chk=['733630754', '1801660194', '916770']
stack.push small count=200000 reps=68 sample=3 order=CBA bendA=245000000 bendB=121000000 bendC=0 refA=434461000 refB=207008000 refC=66000 bend_chk=['733630754', '1801660194', '916770'] ref_chk=['733630754', '1801660194', '916770']
stack.push small count=200000 reps=68 sample=4 order=ABC bendA=245000000 bendB=122000000 bendC=0 refA=467391000 refB=199963000 refC=52000 bend_chk=['733630754', '1801660194', '916770'] ref_chk=['733630754', '1801660194', '916770']
stack.push small count=200000 reps=68 sample=5 order=CBA bendA=244000000 bendB=122000000 bendC=0 refA=476454000 refB=218675000 refC=61000 bend_chk=['733630754', '1801660194', '916770'] ref_chk=['733630754', '1801660194', '916770']
stack.push medium calibrate count=100000 reps=1 bend_delta=1000000ns ref_delta=2312000ns bendA=2000000ns
stack.push medium calibrate count=100000 reps=64 bend_delta=66000000ns ref_delta=136307000ns bendA=133000000ns
stack.push medium calibrate count=100000 reps=128 bend_delta=136000000ns ref_delta=260634000ns bendA=279000000ns
stack.push medium count=100000 reps=128 sample=0 order=ABC bendA=288000000 bendB=139000000 bendC=10000000 refA=406138000 refB=201681000 refC=8280000 bend_chk=['1245337664', '667793472', '3127973952'] ref_chk=['1245337664', '667793472', '3127973952']
stack.push medium count=100000 reps=128 sample=1 order=CBA bendA=254000000 bendB=127000000 bendC=9000000 refA=402463000 refB=220448000 refC=8047000 bend_chk=['1245337664', '667793472', '3127973952'] ref_chk=['1245337664', '667793472', '3127973952']
stack.push medium count=100000 reps=128 sample=2 order=ABC bendA=247000000 bendB=123000000 bendC=9000000 refA=402791000 refB=191790000 refC=7756000 bend_chk=['1245337664', '667793472', '3127973952'] ref_chk=['1245337664', '667793472', '3127973952']
stack.push medium count=100000 reps=128 sample=3 order=CBA bendA=248000000 bendB=125000000 bendC=9000000 refA=389300000 refB=200096000 refC=8328000 bend_chk=['1245337664', '667793472', '3127973952'] ref_chk=['1245337664', '667793472', '3127973952']
stack.push medium count=100000 reps=128 sample=4 order=ABC bendA=242000000 bendB=128000000 bendC=9000000 refA=410227000 refB=194034000 refC=8402000 bend_chk=['1245337664', '667793472', '3127973952'] ref_chk=['1245337664', '667793472', '3127973952']
stack.push medium count=100000 reps=128 sample=5 order=CBA bendA=239000000 bendB=122000000 bendC=9000000 refA=416678000 refB=204592000 refC=8465000 bend_chk=['1245337664', '667793472', '3127973952'] ref_chk=['1245337664', '667793472', '3127973952']
stack.push large calibrate count=50000 reps=1 bend_delta=1000000ns ref_delta=8220000ns bendA=6000000ns
stack.push large calibrate count=262144 reps=1 bend_delta=5000000ns ref_delta=4782000ns bendA=12000000ns
stack.push large calibrate count=262144 reps=21 bend_delta=55000000ns ref_delta=103509000ns bendA=201000000ns
stack.push large calibrate count=262144 reps=42 bend_delta=113000000ns ref_delta=206536000ns bendA=398000000ns
stack.push large count=262144 reps=42 sample=0 order=ABC bendA=405000000 bendB=300000000 bendC=197000000 refA=595890000 refB=374341000 refC=183932000 bend_chk=['2246019349', '1267697941', '289376533'] ref_chk=['2246019349', '1267697941', '289376533']
stack.push large count=262144 reps=42 sample=1 order=CBA bendA=423000000 bendB=283000000 bendC=182000000 refA=624847000 refB=450831000 refC=223772000 bend_chk=['2246019349', '1267697941', '289376533'] ref_chk=['2246019349', '1267697941', '289376533']
stack.push large count=262144 reps=42 sample=2 order=ABC bendA=389000000 bendB=297000000 bendC=188000000 refA=682481000 refB=400840000 refC=196623000 bend_chk=['2246019349', '1267697941', '289376533'] ref_chk=['2246019349', '1267697941', '289376533']
stack.push large count=262144 reps=42 sample=3 order=CBA bendA=394000000 bendB=286000000 bendC=187000000 refA=600499000 refB=399189000 refC=186835000 bend_chk=['2246019349', '1267697941', '289376533'] ref_chk=['2246019349', '1267697941', '289376533']
stack.push large count=262144 reps=42 sample=4 order=ABC bendA=410000000 bendB=303000000 bendC=193000000 refA=628270000 refB=451964000 refC=194116000 bend_chk=['2246019349', '1267697941', '289376533'] ref_chk=['2246019349', '1267697941', '289376533']
stack.push large count=262144 reps=42 sample=5 order=CBA bendA=400000000 bendB=296000000 bendC=189000000 refA=569607000 refB=369267000 refC=188066000 bend_chk=['2246019349', '1267697941', '289376533'] ref_chk=['2246019349', '1267697941', '289376533']
stack.peek small calibrate count=200000 reps=1 bend_delta=1000000ns ref_delta=240000ns bendA=1000000ns
stack.peek small calibrate count=12800000 reps=1 bend_delta=20000000ns ref_delta=14256000ns bendA=42000000ns
stack.peek small calibrate count=76800000 reps=1 bend_delta=129000000ns ref_delta=86588000ns bendA=255000000ns
stack.peek small count=76800000 reps=1 sample=0 order=ABC bendA=246000000 bendB=125000000 bendC=0 refA=164632000 refB=82303000 refC=1000 bend_chk=['802435121', '203821105', '3631738929'] ref_chk=['802435121', '203821105', '3631738929']
stack.peek small count=76800000 reps=1 sample=1 order=CBA bendA=250000000 bendB=123000000 bendC=0 refA=166328000 refB=85242000 refC=2000 bend_chk=['802435121', '203821105', '3631738929'] ref_chk=['802435121', '203821105', '3631738929']
stack.peek small count=76800000 reps=1 sample=2 order=ABC bendA=248000000 bendB=123000000 bendC=0 refA=164675000 refB=82858000 refC=1000 bend_chk=['802435121', '203821105', '3631738929'] ref_chk=['802435121', '203821105', '3631738929']
stack.peek small count=76800000 reps=1 sample=3 order=CBA bendA=253000000 bendB=123000000 bendC=0 refA=168318000 refB=83304000 refC=1000 bend_chk=['802435121', '203821105', '3631738929'] ref_chk=['802435121', '203821105', '3631738929']
stack.peek small count=76800000 reps=1 sample=4 order=ABC bendA=246000000 bendB=123000000 bendC=0 refA=165681000 refB=82359000 refC=1000 bend_chk=['802435121', '203821105', '3631738929'] ref_chk=['802435121', '203821105', '3631738929']
stack.peek small count=76800000 reps=1 sample=5 order=CBA bendA=270000000 bendB=125000000 bendC=0 refA=171096000 refB=86600000 refC=1000 bend_chk=['802435121', '203821105', '3631738929'] ref_chk=['802435121', '203821105', '3631738929']
stack.peek medium calibrate count=100000 reps=1 bend_delta=0ns ref_delta=-3100000ns bendA=0ns
stack.peek medium calibrate count=6400000 reps=1 bend_delta=10000000ns ref_delta=7087000ns bendA=21000000ns
stack.peek medium calibrate count=70400000 reps=1 bend_delta=115000000ns ref_delta=77141000ns bendA=227000000ns
stack.peek medium count=70400000 reps=1 sample=0 order=ABC bendA=221000000 bendB=113000000 bendC=0 refA=153622000 refB=77826000 refC=70000 bend_chk=['1449549232', '3259987376', '3375926704'] ref_chk=['1449549232', '3259987376', '3375926704']
stack.peek medium count=70400000 reps=1 sample=1 order=CBA bendA=224000000 bendB=112000000 bendC=0 refA=156536000 refB=77108000 refC=68000 bend_chk=['1449549232', '3259987376', '3375926704'] ref_chk=['1449549232', '3259987376', '3375926704']
stack.peek medium count=70400000 reps=1 sample=2 order=ABC bendA=229000000 bendB=115000000 bendC=0 refA=155038000 refB=75962000 refC=67000 bend_chk=['1449549232', '3259987376', '3375926704'] ref_chk=['1449549232', '3259987376', '3375926704']
stack.peek medium count=70400000 reps=1 sample=3 order=CBA bendA=225000000 bendB=112000000 bendC=0 refA=155185000 refB=78867000 refC=67000 bend_chk=['1449549232', '3259987376', '3375926704'] ref_chk=['1449549232', '3259987376', '3375926704']
stack.peek medium count=70400000 reps=1 sample=4 order=ABC bendA=222000000 bendB=117000000 bendC=0 refA=152842000 refB=75487000 refC=64000 bend_chk=['1449549232', '3259987376', '3375926704'] ref_chk=['1449549232', '3259987376', '3375926704']
stack.peek medium count=70400000 reps=1 sample=5 order=CBA bendA=227000000 bendB=113000000 bendC=0 refA=155467000 refB=78308000 refC=66000 bend_chk=['1449549232', '3259987376', '3375926704'] ref_chk=['1449549232', '3259987376', '3375926704']
stack.peek large calibrate count=50000 reps=1 bend_delta=1000000ns ref_delta=512000ns bendA=5000000ns
stack.peek large calibrate count=3200000 reps=1 bend_delta=4000000ns ref_delta=4161000ns bendA=14000000ns
stack.peek large calibrate count=83200000 reps=1 bend_delta=135000000ns ref_delta=89947000ns bendA=271000000ns
stack.peek large count=83200000 reps=1 sample=0 order=ABC bendA=274000000 bendB=141000000 bendC=4000000 refA=188521000 refB=96752000 refC=4506000 bend_chk=['594539983', '2456108495', '677021135'] ref_chk=['594539983', '2456108495', '677021135']
stack.peek large count=83200000 reps=1 sample=1 order=CBA bendA=276000000 bendB=136000000 bendC=5000000 refA=208581000 refB=102019000 refC=4739000 bend_chk=['594539983', '2456108495', '677021135'] ref_chk=['594539983', '2456108495', '677021135']
stack.peek large count=83200000 reps=1 sample=2 order=ABC bendA=293000000 bendB=149000000 bendC=8000000 refA=208245000 refB=103041000 refC=5111000 bend_chk=['594539983', '2456108495', '677021135'] ref_chk=['594539983', '2456108495', '677021135']
stack.peek large count=83200000 reps=1 sample=3 order=CBA bendA=299000000 bendB=148000000 bendC=5000000 refA=209714000 refB=107304000 refC=4965000 bend_chk=['594539983', '2456108495', '677021135'] ref_chk=['594539983', '2456108495', '677021135']
stack.peek large count=83200000 reps=1 sample=4 order=ABC bendA=292000000 bendB=148000000 bendC=5000000 refA=198552000 refB=101853000 refC=4746000 bend_chk=['594539983', '2456108495', '677021135'] ref_chk=['594539983', '2456108495', '677021135']
stack.peek large count=83200000 reps=1 sample=5 order=CBA bendA=268000000 bendB=143000000 bendC=5000000 refA=191121000 refB=97819000 refC=4851000 bend_chk=['594539983', '2456108495', '677021135'] ref_chk=['594539983', '2456108495', '677021135']
stack.length small calibrate count=200000 reps=1 bend_delta=-1000000ns ref_delta=637000ns bendA=0ns
stack.length small calibrate count=12800000 reps=1 bend_delta=14000000ns ref_delta=38201000ns bendA=28000000ns
stack.length small calibrate count=102400000 reps=1 bend_delta=107000000ns ref_delta=302717000ns bendA=213000000ns
stack.length small count=102400000 reps=1 sample=0 order=ABC bendA=217000000 bendB=107000000 bendC=0 refA=626406000 refB=305123000 refC=10000 bend_chk=['519708942', '4096958734', '3379241230'] ref_chk=['519708942', '4096958734', '3379241230']
stack.length small count=102400000 reps=1 sample=1 order=CBA bendA=208000000 bendB=106000000 bendC=0 refA=593348000 refB=297170000 refC=1000 bend_chk=['519708942', '4096958734', '3379241230'] ref_chk=['519708942', '4096958734', '3379241230']
stack.length small count=102400000 reps=1 sample=2 order=ABC bendA=206000000 bendB=104000000 bendC=0 refA=593847000 refB=295939000 refC=1000 bend_chk=['519708942', '4096958734', '3379241230'] ref_chk=['519708942', '4096958734', '3379241230']
stack.length small count=102400000 reps=1 sample=3 order=CBA bendA=207000000 bendB=103000000 bendC=0 refA=592430000 refB=299409000 refC=1000 bend_chk=['519708942', '4096958734', '3379241230'] ref_chk=['519708942', '4096958734', '3379241230']
stack.length small count=102400000 reps=1 sample=4 order=ABC bendA=206000000 bendB=104000000 bendC=0 refA=593093000 refB=296622000 refC=10000 bend_chk=['519708942', '4096958734', '3379241230'] ref_chk=['519708942', '4096958734', '3379241230']
stack.length small count=102400000 reps=1 sample=5 order=CBA bendA=208000000 bendB=103000000 bendC=0 refA=593075000 refB=296025000 refC=1000 bend_chk=['519708942', '4096958734', '3379241230'] ref_chk=['519708942', '4096958734', '3379241230']
stack.length medium calibrate count=100000 reps=1 bend_delta=1000000ns ref_delta=298000ns bendA=1000000ns
stack.length medium calibrate count=6400000 reps=1 bend_delta=6000000ns ref_delta=18585000ns bendA=13000000ns
stack.length medium calibrate count=108800000 reps=1 bend_delta=112000000ns ref_delta=298798000ns bendA=222000000ns
stack.length medium count=108800000 reps=1 sample=0 order=ABC bendA=220000000 bendB=110000000 bendC=0 refA=629952000 refB=317284000 refC=83000 bend_chk=['2403819021', '2153645581', '1484041741'] ref_chk=['2403819021', '2153645581', '1484041741']
stack.length medium count=108800000 reps=1 sample=1 order=CBA bendA=220000000 bendB=110000000 bendC=0 refA=630933000 refB=315103000 refC=63000 bend_chk=['2403819021', '2153645581', '1484041741'] ref_chk=['2403819021', '2153645581', '1484041741']
stack.length medium count=108800000 reps=1 sample=2 order=ABC bendA=220000000 bendB=110000000 bendC=0 refA=634330000 refB=315369000 refC=63000 bend_chk=['2403819021', '2153645581', '1484041741'] ref_chk=['2403819021', '2153645581', '1484041741']
stack.length medium count=108800000 reps=1 sample=3 order=CBA bendA=222000000 bendB=111000000 bendC=0 refA=656754000 refB=319320000 refC=64000 bend_chk=['2403819021', '2153645581', '1484041741'] ref_chk=['2403819021', '2153645581', '1484041741']
stack.length medium count=108800000 reps=1 sample=4 order=ABC bendA=236000000 bendB=120000000 bendC=0 refA=661208000 refB=323310000 refC=62000 bend_chk=['2403819021', '2153645581', '1484041741'] ref_chk=['2403819021', '2153645581', '1484041741']
stack.length medium count=108800000 reps=1 sample=5 order=CBA bendA=230000000 bendB=114000000 bendC=0 refA=638173000 refB=323123000 refC=65000 bend_chk=['2403819021', '2153645581', '1484041741'] ref_chk=['2403819021', '2153645581', '1484041741']
stack.length large calibrate count=50000 reps=1 bend_delta=1000000ns ref_delta=247000ns bendA=5000000ns
stack.length large calibrate count=3200000 reps=1 bend_delta=2000000ns ref_delta=9779000ns bendA=10000000ns
stack.length large calibrate count=163200000 reps=1 bend_delta=170000000ns ref_delta=460671000ns bendA=339000000ns
stack.length large count=163200000 reps=1 sample=0 order=ABC bendA=335000000 bendB=168000000 bendC=4000000 refA=951004000 refB=476872000 refC=4115000 bend_chk=['140946988', '210016812', '4150429228'] ref_chk=['140946988', '210016812', '4150429228']
stack.length large count=163200000 reps=1 sample=1 order=CBA bendA=335000000 bendB=169000000 bendC=5000000 refA=951402000 refB=477453000 refC=4778000 bend_chk=['140946988', '210016812', '4150429228'] ref_chk=['140946988', '210016812', '4150429228']
stack.length large count=163200000 reps=1 sample=2 order=ABC bendA=333000000 bendB=169000000 bendC=4000000 refA=949364000 refB=477876000 refC=4192000 bend_chk=['140946988', '210016812', '4150429228'] ref_chk=['140946988', '210016812', '4150429228']
stack.length large count=163200000 reps=1 sample=3 order=CBA bendA=335000000 bendB=169000000 bendC=4000000 refA=957637000 refB=477579000 refC=4139000 bend_chk=['140946988', '210016812', '4150429228'] ref_chk=['140946988', '210016812', '4150429228']
stack.length large count=163200000 reps=1 sample=4 order=ABC bendA=351000000 bendB=182000000 bendC=4000000 refA=1047460000 refB=518038000 refC=4702000 bend_chk=['140946988', '210016812', '4150429228'] ref_chk=['140946988', '210016812', '4150429228']
stack.length large count=163200000 reps=1 sample=5 order=CBA bendA=362000000 bendB=179000000 bendC=5000000 refA=984401000 refB=515851000 refC=4765000 bend_chk=['140946988', '210016812', '4150429228'] ref_chk=['140946988', '210016812', '4150429228']
stack.to_list small calibrate count=20000 reps=1 bend_delta=8000000ns ref_delta=431000ns bendA=17000000ns
stack.to_list small calibrate count=260000 reps=1 bend_delta=119000000ns ref_delta=5963000ns bendA=230000000ns
stack.to_list small count=260000 reps=1 sample=0 order=ABC bendA=234000000 bendB=117000000 bendC=0 refA=12074000 refB=6204000 refC=1000 bend_chk=['3070669995', '3990686539', '3126743531'] ref_chk=['3070669995', '3990686539', '3126743531']
stack.to_list small count=260000 reps=1 sample=1 order=CBA bendA=234000000 bendB=117000000 bendC=0 refA=12047000 refB=6033000 refC=1000 bend_chk=['3070669995', '3990686539', '3126743531'] ref_chk=['3070669995', '3990686539', '3126743531']
stack.to_list small count=260000 reps=1 sample=2 order=ABC bendA=237000000 bendB=121000000 bendC=0 refA=12618000 refB=6295000 refC=2000 bend_chk=['3070669995', '3990686539', '3126743531'] ref_chk=['3070669995', '3990686539', '3126743531']
stack.to_list small count=260000 reps=1 sample=3 order=CBA bendA=268000000 bendB=122000000 bendC=0 refA=13713000 refB=7068000 refC=1000 bend_chk=['3070669995', '3990686539', '3126743531'] ref_chk=['3070669995', '3990686539', '3126743531']
stack.to_list small count=260000 reps=1 sample=4 order=ABC bendA=256000000 bendB=127000000 bendC=0 refA=13242000 refB=6616000 refC=1000 bend_chk=['3070669995', '3990686539', '3126743531'] ref_chk=['3070669995', '3990686539', '3126743531']
stack.to_list small count=260000 reps=1 sample=5 order=CBA bendA=256000000 bendB=131000000 bendC=0 refA=13231000 refB=6626000 refC=1000 bend_chk=['3070669995', '3990686539', '3126743531'] ref_chk=['3070669995', '3990686539', '3126743531']
stack.to_list medium calibrate count=1000 reps=1 bend_delta=41000000ns ref_delta=5631000ns bendA=66000000ns
stack.to_list medium calibrate count=3000 reps=1 bend_delta=124000000ns ref_delta=11482000ns bendA=196000000ns
stack.to_list medium count=3000 reps=1 sample=0 order=ABC bendA=187000000 bendB=67000000 bendC=1000000 refA=21884000 refB=10691000 refC=69000 bend_chk=['1173952698', '3210097170', '3887124074'] ref_chk=['1173952698', '3210097170', '3887124074']
stack.to_list medium count=3000 reps=1 sample=1 order=CBA bendA=182000000 bendB=68000000 bendC=0 refA=22151000 refB=8033000 refC=73000 bend_chk=['1173952698', '3210097170', '3887124074'] ref_chk=['1173952698', '3210097170', '3887124074']
stack.to_list medium count=3000 reps=1 sample=2 order=ABC bendA=183000000 bendB=68000000 bendC=0 refA=23443000 refB=11771000 refC=76000 bend_chk=['1173952698', '3210097170', '3887124074'] ref_chk=['1173952698', '3210097170', '3887124074']
stack.to_list medium count=3000 reps=1 sample=3 order=CBA bendA=187000000 bendB=71000000 bendC=0 refA=22082000 refB=9952000 refC=73000 bend_chk=['1173952698', '3210097170', '3887124074'] ref_chk=['1173952698', '3210097170', '3887124074']
stack.to_list medium count=3000 reps=1 sample=4 order=ABC bendA=182000000 bendB=66000000 bendC=0 refA=21523000 refB=10917000 refC=67000 bend_chk=['1173952698', '3210097170', '3887124074'] ref_chk=['1173952698', '3210097170', '3887124074']
stack.to_list medium count=3000 reps=1 sample=5 order=CBA bendA=181000000 bendB=67000000 bendC=0 refA=21103000 refB=6856000 refC=70000 bend_chk=['1173952698', '3210097170', '3887124074'] ref_chk=['1173952698', '3210097170', '3887124074']
stack.to_list large calibrate count=50 reps=1 bend_delta=136000000ns ref_delta=14813000ns bendA=204000000ns
stack.to_list large count=50 reps=1 sample=0 order=ABC bendA=195000000 bendB=67000000 bendC=5000000 refA=34698000 refB=24422000 refC=4857000 bend_chk=['608074629', '4272484815', '3328870025'] ref_chk=['608074629', '4272484815', '3328870025']
stack.to_list large count=50 reps=1 sample=1 order=CBA bendA=203000000 bendB=72000000 bendC=5000000 refA=38985000 refB=21652000 refC=5212000 bend_chk=['608074629', '4272484815', '3328870025'] ref_chk=['608074629', '4272484815', '3328870025']
stack.to_list large count=50 reps=1 sample=2 order=ABC bendA=201000000 bendB=79000000 bendC=5000000 refA=43777000 refB=20156000 refC=5068000 bend_chk=['608074629', '4272484815', '3328870025'] ref_chk=['608074629', '4272484815', '3328870025']
stack.to_list large count=50 reps=1 sample=3 order=CBA bendA=250000000 bendB=69000000 bendC=5000000 refA=35367000 refB=24145000 refC=7211000 bend_chk=['608074629', '4272484815', '3328870025'] ref_chk=['608074629', '4272484815', '3328870025']
stack.to_list large count=50 reps=1 sample=4 order=ABC bendA=203000000 bendB=71000000 bendC=4000000 refA=38204000 refB=21080000 refC=4602000 bend_chk=['608074629', '4272484815', '3328870025'] ref_chk=['608074629', '4272484815', '3328870025']
stack.to_list large count=50 reps=1 sample=5 order=CBA bendA=212000000 bendB=68000000 bendC=5000000 refA=47833000 refB=19007000 refC=5282000 bend_chk=['608074629', '4272484815', '3328870025'] ref_chk=['608074629', '4272484815', '3328870025']
stack.pop small calibrate count=200000 reps=1 bend_delta=0ns ref_delta=2505000ns bendA=1000000ns
stack.pop small calibrate count=12800000 reps=1 bend_delta=35000000ns ref_delta=165879000ns bendA=66000000ns
stack.pop small calibrate count=38400000 reps=1 bend_delta=94000000ns ref_delta=480519000ns bendA=193000000ns
stack.pop small calibrate count=76800000 reps=1 bend_delta=202000000ns ref_delta=997279000ns bendA=398000000ns
stack.pop small count=76800000 reps=1 sample=0 order=ABC bendA=391000000 bendB=207000000 bendC=0 refA=2175369000 refB=1024016000 refC=1000 bend_chk=['4101227208', '1004708552', '2874245832'] ref_chk=['4101227208', '1004708552', '2874245832']
stack.pop small count=76800000 reps=1 sample=1 order=CBA bendA=421000000 bendB=197000000 bendC=0 refA=2074231000 refB=1214347000 refC=1000 bend_chk=['4101227208', '1004708552', '2874245832'] ref_chk=['4101227208', '1004708552', '2874245832']
stack.pop small count=76800000 reps=1 sample=2 order=ABC bendA=408000000 bendB=199000000 bendC=0 refA=2066888000 refB=972656000 refC=1000 bend_chk=['4101227208', '1004708552', '2874245832'] ref_chk=['4101227208', '1004708552', '2874245832']
stack.pop small count=76800000 reps=1 sample=3 order=CBA bendA=380000000 bendB=194000000 bendC=0 refA=1984461000 refB=978670000 refC=2000 bend_chk=['4101227208', '1004708552', '2874245832'] ref_chk=['4101227208', '1004708552', '2874245832']
stack.pop small count=76800000 reps=1 sample=4 order=ABC bendA=400000000 bendB=230000000 bendC=0 refA=2198750000 refB=1165139000 refC=1000 bend_chk=['4101227208', '1004708552', '2874245832'] ref_chk=['4101227208', '1004708552', '2874245832']
stack.pop small count=76800000 reps=1 sample=5 order=CBA bendA=493000000 bendB=208000000 bendC=0 refA=3069351000 refB=1103702000 refC=3000 bend_chk=['4101227208', '1004708552', '2874245832'] ref_chk=['4101227208', '1004708552', '2874245832']
stack.pop medium calibrate count=100000 reps=1 bend_delta=0ns ref_delta=1500000ns bendA=1000000ns
stack.pop medium calibrate count=6400000 reps=1 bend_delta=40000000ns ref_delta=73583000ns bendA=73000000ns
stack.pop medium calibrate count=19200000 reps=1 bend_delta=60000000ns ref_delta=322985000ns bendA=127000000ns
stack.pop medium calibrate count=38400000 reps=1 bend_delta=136000000ns ref_delta=578179000ns bendA=253000000ns
stack.pop medium count=38400000 reps=1 sample=0 order=ABC bendA=220000000 bendB=116000000 bendC=0 refA=1245658000 refB=629174000 refC=88000 bend_chk=['2700996295', '1660251847', '1995239111'] ref_chk=['2700996295', '1660251847', '1995239111']
stack.pop medium count=38400000 reps=1 sample=1 order=CBA bendA=256000000 bendB=115000000 bendC=0 refA=1276904000 refB=623136000 refC=87000 bend_chk=['2700996295', '1660251847', '1995239111'] ref_chk=['2700996295', '1660251847', '1995239111']
stack.pop medium count=38400000 reps=1 sample=2 order=ABC bendA=232000000 bendB=109000000 bendC=0 refA=1125631000 refB=540825000 refC=78000 bend_chk=['2700996295', '1660251847', '1995239111'] ref_chk=['2700996295', '1660251847', '1995239111']
stack.pop medium count=38400000 reps=1 sample=3 order=CBA bendA=319000000 bendB=124000000 bendC=0 refA=1174539000 refB=706358000 refC=102000 bend_chk=['2700996295', '1660251847', '1995239111'] ref_chk=['2700996295', '1660251847', '1995239111']
stack.pop medium count=38400000 reps=1 sample=4 order=ABC bendA=284000000 bendB=157000000 bendC=0 refA=1093269000 refB=505523000 refC=156000 bend_chk=['2700996295', '1660251847', '1995239111'] ref_chk=['2700996295', '1660251847', '1995239111']
stack.pop medium count=38400000 reps=1 sample=5 order=CBA bendA=218000000 bendB=100000000 bendC=0 refA=1043251000 refB=559030000 refC=85000 bend_chk=['2700996295', '1660251847', '1995239111'] ref_chk=['2700996295', '1660251847', '1995239111']
stack.pop large calibrate count=50000 reps=1 bend_delta=2000000ns ref_delta=1418000ns bendA=6000000ns
stack.pop large calibrate count=2550000 reps=1 bend_delta=7000000ns ref_delta=31476000ns bendA=18000000ns
stack.pop large calibrate count=38250000 reps=1 bend_delta=102000000ns ref_delta=560836000ns bendA=206000000ns
stack.pop large count=38250000 reps=1 sample=0 order=ABC bendA=202000000 bendB=102000000 bendC=5000000 refA=1005947000 refB=502367000 refC=4433000 bend_chk=['3034984966', '1208258422', '2507310822'] ref_chk=['3034984966', '1208258422', '2507310822']
stack.pop large count=38250000 reps=1 sample=1 order=CBA bendA=221000000 bendB=128000000 bendC=6000000 refA=1017646000 refB=537606000 refC=5853000 bend_chk=['3034984966', '1208258422', '2507310822'] ref_chk=['3034984966', '1208258422', '2507310822']
stack.pop large count=38250000 reps=1 sample=2 order=ABC bendA=218000000 bendB=110000000 bendC=6000000 refA=1072304000 refB=522542000 refC=4849000 bend_chk=['3034984966', '1208258422', '2507310822'] ref_chk=['3034984966', '1208258422', '2507310822']
stack.pop large count=38250000 reps=1 sample=3 order=CBA bendA=204000000 bendB=104000000 bendC=5000000 refA=984332000 refB=509286000 refC=5792000 bend_chk=['3034984966', '1208258422', '2507310822'] ref_chk=['3034984966', '1208258422', '2507310822']
stack.pop large count=38250000 reps=1 sample=4 order=ABC bendA=195000000 bendB=98000000 bendC=5000000 refA=999079000 refB=527493000 refC=5415000 bend_chk=['3034984966', '1208258422', '2507310822'] ref_chk=['3034984966', '1208258422', '2507310822']
stack.pop large count=38250000 reps=1 sample=5 order=CBA bendA=210000000 bendB=110000000 bendC=6000000 refA=1057103000 refB=528050000 refC=6444000 bend_chk=['3034984966', '1208258422', '2507310822'] ref_chk=['3034984966', '1208258422', '2507310822']
stack.new small calibrate count=200000 reps=1 bend_delta=-1000000ns ref_delta=260000ns bendA=0ns
stack.new small calibrate count=12800000 reps=1 bend_delta=18000000ns ref_delta=19479000ns bendA=34000000ns
stack.new small calibrate count=76800000 reps=1 bend_delta=98000000ns ref_delta=94855000ns bendA=193000000ns
stack.new small calibrate count=153600000 reps=1 bend_delta=183000000ns ref_delta=211324000ns bendA=366000000ns
stack.new small count=153600000 reps=1 sample=0 order=ABC bendA=372000000 bendB=178000000 bendC=0 refA=418027000 refB=203690000 refC=7000 bend_chk=['2852991909', '3274240933', '2621748133'] ref_chk=['2852991909', '3274240933', '2621748133']
stack.new small count=153600000 reps=1 sample=1 order=CBA bendA=346000000 bendB=192000000 bendC=0 refA=378611000 refB=175619000 refC=1000 bend_chk=['2852991909', '3274240933', '2621748133'] ref_chk=['2852991909', '3274240933', '2621748133']
stack.new small count=153600000 reps=1 sample=2 order=ABC bendA=350000000 bendB=169000000 bendC=0 refA=347618000 refB=179696000 refC=9000 bend_chk=['2852991909', '3274240933', '2621748133'] ref_chk=['2852991909', '3274240933', '2621748133']
stack.new small count=153600000 reps=1 sample=3 order=CBA bendA=332000000 bendB=172000000 bendC=0 refA=351141000 refB=170652000 refC=1000 bend_chk=['2852991909', '3274240933', '2621748133'] ref_chk=['2852991909', '3274240933', '2621748133']
stack.new small count=153600000 reps=1 sample=4 order=ABC bendA=342000000 bendB=164000000 bendC=0 refA=341212000 refB=177366000 refC=6000 bend_chk=['2852991909', '3274240933', '2621748133'] ref_chk=['2852991909', '3274240933', '2621748133']
stack.new small count=153600000 reps=1 sample=5 order=CBA bendA=333000000 bendB=172000000 bendC=0 refA=350073000 refB=169555000 refC=1000 bend_chk=['2852991909', '3274240933', '2621748133'] ref_chk=['2852991909', '3274240933', '2621748133']
stack.new medium calibrate count=100000 reps=1 bend_delta=0ns ref_delta=126000ns bendA=0ns
stack.new medium calibrate count=6400000 reps=1 bend_delta=7000000ns ref_delta=7483000ns bendA=15000000ns
stack.new medium calibrate count=96000000 reps=1 bend_delta=106000000ns ref_delta=108033000ns bendA=212000000ns
stack.new medium count=96000000 reps=1 sample=0 order=ABC bendA=212000000 bendB=107000000 bendC=0 refA=215026000 refB=108853000 refC=74000 bend_chk=['691248932', '1177442084', '103354148'] ref_chk=['691248932', '1177442084', '103354148']
stack.new medium count=96000000 reps=1 sample=1 order=CBA bendA=213000000 bendB=106000000 bendC=0 refA=235140000 refB=106983000 refC=69000 bend_chk=['691248932', '1177442084', '103354148'] ref_chk=['691248932', '1177442084', '103354148']
stack.new medium count=96000000 reps=1 sample=2 order=ABC bendA=250000000 bendB=111000000 bendC=1000000 refA=234909000 refB=119222000 refC=69000 bend_chk=['691248932', '1177442084', '103354148'] ref_chk=['691248932', '1177442084', '103354148']
stack.new medium count=96000000 reps=1 sample=3 order=CBA bendA=229000000 bendB=117000000 bendC=0 refA=242958000 refB=114346000 refC=72000 bend_chk=['691248932', '1177442084', '103354148'] ref_chk=['691248932', '1177442084', '103354148']
stack.new medium count=96000000 reps=1 sample=4 order=ABC bendA=231000000 bendB=111000000 bendC=0 refA=227243000 refB=117472000 refC=71000 bend_chk=['691248932', '1177442084', '103354148'] ref_chk=['691248932', '1177442084', '103354148']
stack.new medium count=96000000 reps=1 sample=5 order=CBA bendA=224000000 bendB=116000000 bendC=0 refA=239439000 refB=118056000 refC=71000 bend_chk=['691248932', '1177442084', '103354148'] ref_chk=['691248932', '1177442084', '103354148']
stack.new large calibrate count=50000 reps=1 bend_delta=0ns ref_delta=1058000ns bendA=5000000ns
stack.new large calibrate count=3200000 reps=1 bend_delta=5000000ns ref_delta=4255000ns bendA=13000000ns
stack.new large calibrate count=67200000 reps=1 bend_delta=84000000ns ref_delta=79042000ns bendA=162000000ns
stack.new large calibrate count=134400000 reps=1 bend_delta=142000000ns ref_delta=161434000ns bendA=302000000ns
stack.new large count=134400000 reps=1 sample=0 order=ABC bendA=307000000 bendB=153000000 bendC=5000000 refA=307974000 refB=164343000 refC=4416000 bend_chk=['1988458307', '3120561987', '1685751619'] ref_chk=['1988458307', '3120561987', '1685751619']
stack.new large count=134400000 reps=1 sample=1 order=CBA bendA=300000000 bendB=156000000 bendC=5000000 refA=307324000 refB=155998000 refC=4660000 bend_chk=['1988458307', '3120561987', '1685751619'] ref_chk=['1988458307', '3120561987', '1685751619']
stack.new large count=134400000 reps=1 sample=2 order=ABC bendA=300000000 bendB=148000000 bendC=4000000 refA=302767000 refB=157319000 refC=4372000 bend_chk=['1988458307', '3120561987', '1685751619'] ref_chk=['1988458307', '3120561987', '1685751619']
stack.new large count=134400000 reps=1 sample=3 order=CBA bendA=293000000 bendB=153000000 bendC=5000000 refA=306453000 refB=154792000 refC=4389000 bend_chk=['1988458307', '3120561987', '1685751619'] ref_chk=['1988458307', '3120561987', '1685751619']
stack.new large count=134400000 reps=1 sample=4 order=ABC bendA=303000000 bendB=146000000 bendC=4000000 refA=303643000 refB=155243000 refC=4807000 bend_chk=['1988458307', '3120561987', '1685751619'] ref_chk=['1988458307', '3120561987', '1685751619']
stack.new large count=134400000 reps=1 sample=5 order=CBA bendA=302000000 bendB=153000000 bendC=6000000 refA=341810000 refB=156241000 refC=4796000 bend_chk=['1988458307', '3120561987', '1685751619'] ref_chk=['1988458307', '3120561987', '1685751619']
doubly_linked_list.push_front small calibrate count=100000 reps=1 bend_delta=1000000ns ref_delta=533000ns bendA=3000000ns
doubly_linked_list.push_front small calibrate count=100000 reps=64 bend_delta=67000000ns ref_delta=40198000ns bendA=134000000ns
doubly_linked_list.push_front small calibrate count=100000 reps=128 bend_delta=140000000ns ref_delta=74790000ns bendA=278000000ns
doubly_linked_list.push_front small count=100000 reps=128 sample=0 order=ABC bendA=273000000 bendB=140000000 bendC=1000000 refA=143244000 refB=69002000 refC=74000 bend_chk=['421830400', '1335872649', '1840975786'] ref_chk=['421830400', '1335872649', '1840975786']
doubly_linked_list.push_front small count=100000 reps=128 sample=1 order=CBA bendA=267000000 bendB=132000000 bendC=0 refA=133129000 refB=65817000 refC=77000 bend_chk=['421830400', '1335872649', '1840975786'] ref_chk=['421830400', '1335872649', '1840975786']
doubly_linked_list.push_front small count=100000 reps=128 sample=2 order=ABC bendA=264000000 bendB=135000000 bendC=0 refA=131957000 refB=66326000 refC=70000 bend_chk=['421830400', '1335872649', '1840975786'] ref_chk=['421830400', '1335872649', '1840975786']
doubly_linked_list.push_front small count=100000 reps=128 sample=3 order=CBA bendA=259000000 bendB=132000000 bendC=0 refA=130480000 refB=62870000 refC=74000 bend_chk=['421830400', '1335872649', '1840975786'] ref_chk=['421830400', '1335872649', '1840975786']
doubly_linked_list.push_front small count=100000 reps=128 sample=4 order=ABC bendA=260000000 bendB=132000000 bendC=0 refA=134528000 refB=65589000 refC=76000 bend_chk=['421830400', '1335872649', '1840975786'] ref_chk=['421830400', '1335872649', '1840975786']
doubly_linked_list.push_front small count=100000 reps=128 sample=5 order=CBA bendA=259000000 bendB=127000000 bendC=0 refA=125859000 refB=64375000 refC=82000 bend_chk=['421830400', '1335872649', '1840975786'] ref_chk=['421830400', '1335872649', '1840975786']
doubly_linked_list.push_front medium calibrate count=50000 reps=1 bend_delta=0ns ref_delta=294000ns bendA=1000000ns
doubly_linked_list.push_front medium calibrate count=50000 reps=64 bend_delta=36000000ns ref_delta=21252000ns bendA=70000000ns
doubly_linked_list.push_front medium calibrate count=50000 reps=192 bend_delta=98000000ns ref_delta=51037000ns bendA=201000000ns
doubly_linked_list.push_front medium calibrate count=50000 reps=384 bend_delta=187000000ns ref_delta=119115000ns bendA=387000000ns
doubly_linked_list.push_front medium count=50000 reps=384 sample=0 order=ABC bendA=393000000 bendB=197000000 bendC=9000000 refA=200254000 refB=97745000 refC=4417000 bend_chk=['3501626188', '6402888', '4241049791'] ref_chk=['3501626188', '6402888', '4241049791']
doubly_linked_list.push_front medium count=50000 reps=384 sample=1 order=CBA bendA=405000000 bendB=223000000 bendC=25000000 refA=193954000 refB=80160000 refC=4155000 bend_chk=['3501626188', '6402888', '4241049791'] ref_chk=['3501626188', '6402888', '4241049791']
doubly_linked_list.push_front medium count=50000 reps=384 sample=2 order=ABC bendA=399000000 bendB=203000000 bendC=9000000 refA=205993000 refB=84140000 refC=4114000 bend_chk=['3501626188', '6402888', '4241049791'] ref_chk=['3501626188', '6402888', '4241049791']
doubly_linked_list.push_front medium count=50000 reps=384 sample=3 order=CBA bendA=395000000 bendB=202000000 bendC=9000000 refA=203221000 refB=81380000 refC=4296000 bend_chk=['3501626188', '6402888', '4241049791'] ref_chk=['3501626188', '6402888', '4241049791']
doubly_linked_list.push_front medium count=50000 reps=384 sample=4 order=ABC bendA=596000000 bendB=463000000 bendC=13000000 refA=281850000 refB=113963000 refC=4917000 bend_chk=['3501626188', '6402888', '4241049791'] ref_chk=['3501626188', '6402888', '4241049791']
doubly_linked_list.push_front medium count=50000 reps=384 sample=5 order=CBA bendA=435000000 bendB=236000000 bendC=11000000 refA=210758000 refB=84323000 refC=4498000 bend_chk=['3501626188', '6402888', '4241049791'] ref_chk=['3501626188', '6402888', '4241049791']
doubly_linked_list.push_front large calibrate count=20000 reps=1 bend_delta=2000000ns ref_delta=189000ns bendA=2000000ns
doubly_linked_list.push_front large calibrate count=32768 reps=1 bend_delta=0ns ref_delta=274000ns bendA=1000000ns
doubly_linked_list.push_front large calibrate count=32768 reps=64 bend_delta=26000000ns ref_delta=14170000ns bendA=72000000ns
doubly_linked_list.push_front large calibrate count=32768 reps=256 bend_delta=129000000ns ref_delta=63654000ns bendA=315000000ns
doubly_linked_list.push_front large count=32768 reps=256 sample=0 order=ABC bendA=313000000 bendB=206000000 bendC=111000000 refA=163977000 refB=99571000 refC=55146000 bend_chk=['3058600832', '1600900078', '896754327'] ref_chk=['3058600832', '1600900078', '896754327']
doubly_linked_list.push_front large count=32768 reps=256 sample=1 order=CBA bendA=297000000 bendB=214000000 bendC=112000000 refA=142561000 refB=87812000 refC=45235000 bend_chk=['3058600832', '1600900078', '896754327'] ref_chk=['3058600832', '1600900078', '896754327']
doubly_linked_list.push_front large count=32768 reps=256 sample=2 order=ABC bendA=291000000 bendB=191000000 bendC=104000000 refA=137294000 refB=86042000 refC=47832000 bend_chk=['3058600832', '1600900078', '896754327'] ref_chk=['3058600832', '1600900078', '896754327']
doubly_linked_list.push_front large count=32768 reps=256 sample=3 order=CBA bendA=287000000 bendB=178000000 bendC=100000000 refA=134020000 refB=82874000 refC=48288000 bend_chk=['3058600832', '1600900078', '896754327'] ref_chk=['3058600832', '1600900078', '896754327']
doubly_linked_list.push_front large count=32768 reps=256 sample=4 order=ABC bendA=273000000 bendB=176000000 bendC=99000000 refA=140834000 refB=83836000 refC=46588000 bend_chk=['3058600832', '1600900078', '896754327'] ref_chk=['3058600832', '1600900078', '896754327']
doubly_linked_list.push_front large count=32768 reps=256 sample=5 order=CBA bendA=296000000 bendB=179000000 bendC=99000000 refA=142541000 refB=79161000 refC=44466000 bend_chk=['3058600832', '1600900078', '896754327'] ref_chk=['3058600832', '1600900078', '896754327']
doubly_linked_list.push_back small calibrate count=100000 reps=1 bend_delta=2000000ns ref_delta=548000ns bendA=3000000ns
doubly_linked_list.push_back small calibrate count=100000 reps=51 bend_delta=54000000ns ref_delta=29251000ns bendA=106000000ns
doubly_linked_list.push_back small calibrate count=100000 reps=102 bend_delta=104000000ns ref_delta=51182000ns bendA=214000000ns
doubly_linked_list.push_back small count=100000 reps=102 sample=0 order=ABC bendA=207000000 bendB=102000000 bendC=0 refA=112305000 refB=55929000 refC=61000 bend_chk=['920193169', '1787297887', '3364334823'] ref_chk=['920193169', '1787297887', '3364334823']
doubly_linked_list.push_back small count=100000 reps=102 sample=1 order=CBA bendA=204000000 bendB=99000000 bendC=0 refA=102414000 refB=50686000 refC=61000 bend_chk=['920193169', '1787297887', '3364334823'] ref_chk=['920193169', '1787297887', '3364334823']
doubly_linked_list.push_back small count=100000 reps=102 sample=2 order=ABC bendA=198000000 bendB=104000000 bendC=0 refA=104218000 refB=51045000 refC=69000 bend_chk=['920193169', '1787297887', '3364334823'] ref_chk=['920193169', '1787297887', '3364334823']
doubly_linked_list.push_back small count=100000 reps=102 sample=3 order=CBA bendA=207000000 bendB=104000000 bendC=0 refA=106739000 refB=52683000 refC=67000 bend_chk=['920193169', '1787297887', '3364334823'] ref_chk=['920193169', '1787297887', '3364334823']
doubly_linked_list.push_back small count=100000 reps=102 sample=4 order=ABC bendA=205000000 bendB=104000000 bendC=0 refA=106527000 refB=53343000 refC=58000 bend_chk=['920193169', '1787297887', '3364334823'] ref_chk=['920193169', '1787297887', '3364334823']
doubly_linked_list.push_back small count=100000 reps=102 sample=5 order=CBA bendA=203000000 bendB=98000000 bendC=1000000 refA=107010000 refB=53989000 refC=67000 bend_chk=['920193169', '1787297887', '3364334823'] ref_chk=['920193169', '1787297887', '3364334823']
doubly_linked_list.push_back medium calibrate count=50000 reps=1 bend_delta=0ns ref_delta=264000ns bendA=1000000ns
doubly_linked_list.push_back medium calibrate count=50000 reps=64 bend_delta=31000000ns ref_delta=19084000ns bendA=63000000ns
doubly_linked_list.push_back medium calibrate count=50000 reps=256 bend_delta=132000000ns ref_delta=76142000ns bendA=267000000ns
doubly_linked_list.push_back medium count=50000 reps=256 sample=0 order=ABC bendA=264000000 bendB=134000000 bendC=6000000 refA=136793000 refB=59337000 refC=2841000 bend_chk=['4145026446', '2540777052', '2742697942'] ref_chk=['4145026446', '2540777052', '2742697942']
doubly_linked_list.push_back medium count=50000 reps=256 sample=1 order=CBA bendA=261000000 bendB=135000000 bendC=6000000 refA=145834000 refB=55366000 refC=2791000 bend_chk=['4145026446', '2540777052', '2742697942'] ref_chk=['4145026446', '2540777052', '2742697942']
doubly_linked_list.push_back medium count=50000 reps=256 sample=2 order=ABC bendA=266000000 bendB=134000000 bendC=6000000 refA=138015000 refB=55586000 refC=2900000 bend_chk=['4145026446', '2540777052', '2742697942'] ref_chk=['4145026446', '2540777052', '2742697942']
doubly_linked_list.push_back medium count=50000 reps=256 sample=3 order=CBA bendA=349000000 bendB=144000000 bendC=6000000 refA=186791000 refB=69643000 refC=3516000 bend_chk=['4145026446', '2540777052', '2742697942'] ref_chk=['4145026446', '2540777052', '2742697942']
doubly_linked_list.push_back medium count=50000 reps=256 sample=4 order=ABC bendA=353000000 bendB=172000000 bendC=11000000 refA=176898000 refB=78982000 refC=3542000 bend_chk=['4145026446', '2540777052', '2742697942'] ref_chk=['4145026446', '2540777052', '2742697942']
doubly_linked_list.push_back medium count=50000 reps=256 sample=5 order=CBA bendA=341000000 bendB=173000000 bendC=8000000 refA=180437000 refB=68603000 refC=3248000 bend_chk=['4145026446', '2540777052', '2742697942'] ref_chk=['4145026446', '2540777052', '2742697942']
doubly_linked_list.push_back large calibrate count=20000 reps=1 bend_delta=0ns ref_delta=205000ns bendA=1000000ns
doubly_linked_list.push_back large calibrate count=32768 reps=1 bend_delta=0ns ref_delta=316000ns bendA=1000000ns
doubly_linked_list.push_back large calibrate count=32768 reps=64 bend_delta=30000000ns ref_delta=15062000ns bendA=82000000ns
doubly_linked_list.push_back large calibrate count=32768 reps=256 bend_delta=117000000ns ref_delta=70611000ns bendA=341000000ns
doubly_linked_list.push_back large count=32768 reps=256 sample=0 order=ABC bendA=331000000 bendB=223000000 bendC=125000000 refA=234469000 refB=111134000 refC=62128000 bend_chk=['2214193031', '784799379', '542821631'] ref_chk=['2214193031', '784799379', '542821631']
doubly_linked_list.push_back large count=32768 reps=256 sample=1 order=CBA bendA=348000000 bendB=216000000 bendC=133000000 refA=157968000 refB=96746000 refC=56541000 bend_chk=['2214193031', '784799379', '542821631'] ref_chk=['2214193031', '784799379', '542821631']
doubly_linked_list.push_back large count=32768 reps=256 sample=2 order=ABC bendA=325000000 bendB=209000000 bendC=120000000 refA=174494000 refB=105627000 refC=57025000 bend_chk=['2214193031', '784799379', '542821631'] ref_chk=['2214193031', '784799379', '542821631']
doubly_linked_list.push_back large count=32768 reps=256 sample=3 order=CBA bendA=335000000 bendB=220000000 bendC=123000000 refA=164621000 refB=109738000 refC=59784000 bend_chk=['2214193031', '784799379', '542821631'] ref_chk=['2214193031', '784799379', '542821631']
doubly_linked_list.push_back large count=32768 reps=256 sample=4 order=ABC bendA=337000000 bendB=212000000 bendC=122000000 refA=156477000 refB=107819000 refC=59265000 bend_chk=['2214193031', '784799379', '542821631'] ref_chk=['2214193031', '784799379', '542821631']
doubly_linked_list.push_back large count=32768 reps=256 sample=5 order=CBA bendA=352000000 bendB=215000000 bendC=126000000 refA=173923000 refB=105003000 refC=58456000 bend_chk=['2214193031', '784799379', '542821631'] ref_chk=['2214193031', '784799379', '542821631']
doubly_linked_list.insert_before small calibrate count=100000 reps=1 bend_delta=2000000ns ref_delta=572000ns bendA=4000000ns
doubly_linked_list.insert_before small calibrate count=100000 reps=51 bend_delta=68000000ns ref_delta=28867000ns bendA=142000000ns
doubly_linked_list.insert_before small calibrate count=100000 reps=102 bend_delta=152000000ns ref_delta=110935000ns bendA=293000000ns
doubly_linked_list.insert_before small count=100000 reps=102 sample=0 order=ABC bendA=286000000 bendB=139000000 bendC=0 refA=109644000 refB=55938000 refC=69000 bend_chk=['1690542927', '1936410032', '1500741744'] ref_chk=['1690542927', '1936410032', '1500741744']
doubly_linked_list.insert_before small count=100000 reps=102 sample=1 order=CBA bendA=296000000 bendB=139000000 bendC=0 refA=116482000 refB=65228000 refC=74000 bend_chk=['1690542927', '1936410032', '1500741744'] ref_chk=['1690542927', '1936410032', '1500741744']
doubly_linked_list.insert_before small count=100000 reps=102 sample=2 order=ABC bendA=272000000 bendB=128000000 bendC=0 refA=103229000 refB=50785000 refC=66000 bend_chk=['1690542927', '1936410032', '1500741744'] ref_chk=['1690542927', '1936410032', '1500741744']
doubly_linked_list.insert_before small count=100000 reps=102 sample=3 order=CBA bendA=242000000 bendB=122000000 bendC=0 refA=96423000 refB=47916000 refC=65000 bend_chk=['1690542927', '1936410032', '1500741744'] ref_chk=['1690542927', '1936410032', '1500741744']
doubly_linked_list.insert_before small count=100000 reps=102 sample=4 order=ABC bendA=241000000 bendB=119000000 bendC=0 refA=97650000 refB=49588000 refC=52000 bend_chk=['1690542927', '1936410032', '1500741744'] ref_chk=['1690542927', '1936410032', '1500741744']
doubly_linked_list.insert_before small count=100000 reps=102 sample=5 order=CBA bendA=235000000 bendB=116000000 bendC=1000000 refA=98608000 refB=49881000 refC=64000 bend_chk=['1690542927', '1936410032', '1500741744'] ref_chk=['1690542927', '1936410032', '1500741744']
doubly_linked_list.insert_before medium calibrate count=50000 reps=1 bend_delta=2000000ns ref_delta=288000ns bendA=2000000ns
doubly_linked_list.insert_before medium calibrate count=50000 reps=51 bend_delta=31000000ns ref_delta=15982000ns bendA=62000000ns
doubly_linked_list.insert_before medium calibrate count=50000 reps=204 bend_delta=124000000ns ref_delta=51094000ns bendA=247000000ns
doubly_linked_list.insert_before medium count=50000 reps=204 sample=0 order=ABC bendA=239000000 bendB=125000000 bendC=5000000 refA=99577000 refB=42284000 refC=2267000 bend_chk=['518119555', '3131359931', '3471667779'] ref_chk=['518119555', '3131359931', '3471667779']
doubly_linked_list.insert_before medium count=50000 reps=204 sample=1 order=CBA bendA=245000000 bendB=126000000 bendC=5000000 refA=94953000 refB=38974000 refC=2039000 bend_chk=['518119555', '3131359931', '3471667779'] ref_chk=['518119555', '3131359931', '3471667779']
doubly_linked_list.insert_before medium count=50000 reps=204 sample=2 order=ABC bendA=241000000 bendB=120000000 bendC=5000000 refA=96939000 refB=43990000 refC=2181000 bend_chk=['518119555', '3131359931', '3471667779'] ref_chk=['518119555', '3131359931', '3471667779']
doubly_linked_list.insert_before medium count=50000 reps=204 sample=3 order=CBA bendA=246000000 bendB=124000000 bendC=4000000 refA=101271000 refB=41359000 refC=2112000 bend_chk=['518119555', '3131359931', '3471667779'] ref_chk=['518119555', '3131359931', '3471667779']
doubly_linked_list.insert_before medium count=50000 reps=204 sample=4 order=ABC bendA=240000000 bendB=120000000 bendC=4000000 refA=96750000 refB=45506000 refC=2190000 bend_chk=['518119555', '3131359931', '3471667779'] ref_chk=['518119555', '3131359931', '3471667779']
doubly_linked_list.insert_before medium count=50000 reps=204 sample=5 order=CBA bendA=245000000 bendB=120000000 bendC=5000000 refA=99646000 refB=40659000 refC=2143000 bend_chk=['518119555', '3131359931', '3471667779'] ref_chk=['518119555', '3131359931', '3471667779']
doubly_linked_list.insert_before large calibrate count=20000 reps=1 bend_delta=0ns ref_delta=169000ns bendA=1000000ns
doubly_linked_list.insert_before large calibrate count=32768 reps=1 bend_delta=0ns ref_delta=335000ns bendA=1000000ns
doubly_linked_list.insert_before large calibrate count=32768 reps=64 bend_delta=29000000ns ref_delta=14214000ns bendA=78000000ns
doubly_linked_list.insert_before large calibrate count=32768 reps=256 bend_delta=124000000ns ref_delta=50036000ns bendA=322000000ns
doubly_linked_list.insert_before large count=32768 reps=256 sample=0 order=ABC bendA=316000000 bendB=202000000 bendC=102000000 refA=141872000 refB=84602000 refC=47970000 bend_chk=['801605191', '1621527076', '3209984403'] ref_chk=['801605191', '1621527076', '3209984403']
doubly_linked_list.insert_before large count=32768 reps=256 sample=1 order=CBA bendA=315000000 bendB=200000000 bendC=100000000 refA=135324000 refB=83837000 refC=46797000 bend_chk=['801605191', '1621527076', '3209984403'] ref_chk=['801605191', '1621527076', '3209984403']
doubly_linked_list.insert_before large count=32768 reps=256 sample=2 order=ABC bendA=327000000 bendB=202000000 bendC=100000000 refA=137678000 refB=82669000 refC=46864000 bend_chk=['801605191', '1621527076', '3209984403'] ref_chk=['801605191', '1621527076', '3209984403']
doubly_linked_list.insert_before large count=32768 reps=256 sample=3 order=CBA bendA=346000000 bendB=217000000 bendC=104000000 refA=136266000 refB=86641000 refC=50632000 bend_chk=['801605191', '1621527076', '3209984403'] ref_chk=['801605191', '1621527076', '3209984403']
doubly_linked_list.insert_before large count=32768 reps=256 sample=4 order=ABC bendA=328000000 bendB=199000000 bendC=100000000 refA=134989000 refB=83632000 refC=47432000 bend_chk=['801605191', '1621527076', '3209984403'] ref_chk=['801605191', '1621527076', '3209984403']
doubly_linked_list.insert_before large count=32768 reps=256 sample=5 order=CBA bendA=314000000 bendB=194000000 bendC=100000000 refA=141382000 refB=83740000 refC=44884000 bend_chk=['801605191', '1621527076', '3209984403'] ref_chk=['801605191', '1621527076', '3209984403']
doubly_linked_list.insert_after small calibrate count=100000 reps=1 bend_delta=2000000ns ref_delta=451000ns bendA=3000000ns
doubly_linked_list.insert_after small calibrate count=100000 reps=51 bend_delta=60000000ns ref_delta=27737000ns bendA=118000000ns
doubly_linked_list.insert_after small calibrate count=100000 reps=102 bend_delta=128000000ns ref_delta=46930000ns bendA=256000000ns
doubly_linked_list.insert_after small count=100000 reps=102 sample=0 order=ABC bendA=243000000 bendB=129000000 bendC=1000000 refA=110594000 refB=51392000 refC=65000 bend_chk=['1473498580', '3564978394', '2146543597'] ref_chk=['1473498580', '3564978394', '2146543597']
doubly_linked_list.insert_after small count=100000 reps=102 sample=1 order=CBA bendA=251000000 bendB=128000000 bendC=0 refA=102233000 refB=48755000 refC=68000 bend_chk=['1473498580', '3564978394', '2146543597'] ref_chk=['1473498580', '3564978394', '2146543597']
doubly_linked_list.insert_after small count=100000 reps=102 sample=2 order=ABC bendA=254000000 bendB=128000000 bendC=0 refA=101280000 refB=49542000 refC=64000 bend_chk=['1473498580', '3564978394', '2146543597'] ref_chk=['1473498580', '3564978394', '2146543597']
doubly_linked_list.insert_after small count=100000 reps=102 sample=3 order=CBA bendA=273000000 bendB=133000000 bendC=0 refA=97950000 refB=50318000 refC=72000 bend_chk=['1473498580', '3564978394', '2146543597'] ref_chk=['1473498580', '3564978394', '2146543597']
doubly_linked_list.insert_after small count=100000 reps=102 sample=4 order=ABC bendA=247000000 bendB=120000000 bendC=0 refA=102267000 refB=47284000 refC=57000 bend_chk=['1473498580', '3564978394', '2146543597'] ref_chk=['1473498580', '3564978394', '2146543597']
doubly_linked_list.insert_after small count=100000 reps=102 sample=5 order=CBA bendA=244000000 bendB=120000000 bendC=0 refA=92476000 refB=46917000 refC=64000 bend_chk=['1473498580', '3564978394', '2146543597'] ref_chk=['1473498580', '3564978394', '2146543597']
doubly_linked_list.insert_after medium calibrate count=50000 reps=1 bend_delta=0ns ref_delta=240000ns bendA=1000000ns
doubly_linked_list.insert_after medium calibrate count=50000 reps=64 bend_delta=38000000ns ref_delta=18002000ns bendA=77000000ns
doubly_linked_list.insert_after medium calibrate count=50000 reps=192 bend_delta=108000000ns ref_delta=52337000ns bendA=225000000ns
doubly_linked_list.insert_after medium count=50000 reps=192 sample=0 order=ABC bendA=223000000 bendB=116000000 bendC=4000000 refA=91545000 refB=41554000 refC=2029000 bend_chk=['2937698033', '2356670514', '3083881399'] ref_chk=['2937698033', '2356670514', '3083881399']
doubly_linked_list.insert_after medium count=50000 reps=192 sample=1 order=CBA bendA=223000000 bendB=112000000 bendC=4000000 refA=97373000 refB=39394000 refC=1994000 bend_chk=['2937698033', '2356670514', '3083881399'] ref_chk=['2937698033', '2356670514', '3083881399']
doubly_linked_list.insert_after medium count=50000 reps=192 sample=2 order=ABC bendA=219000000 bendB=113000000 bendC=5000000 refA=91855000 refB=41711000 refC=2030000 bend_chk=['2937698033', '2356670514', '3083881399'] ref_chk=['2937698033', '2356670514', '3083881399']
doubly_linked_list.insert_after medium count=50000 reps=192 sample=3 order=CBA bendA=220000000 bendB=111000000 bendC=5000000 refA=94506000 refB=37761000 refC=1914000 bend_chk=['2937698033', '2356670514', '3083881399'] ref_chk=['2937698033', '2356670514', '3083881399']
doubly_linked_list.insert_after medium count=50000 reps=192 sample=4 order=ABC bendA=223000000 bendB=111000000 bendC=4000000 refA=97701000 refB=42842000 refC=2098000 bend_chk=['2937698033', '2356670514', '3083881399'] ref_chk=['2937698033', '2356670514', '3083881399']
doubly_linked_list.insert_after medium count=50000 reps=192 sample=5 order=CBA bendA=219000000 bendB=112000000 bendC=4000000 refA=95369000 refB=37263000 refC=1950000 bend_chk=['2937698033', '2356670514', '3083881399'] ref_chk=['2937698033', '2356670514', '3083881399']
doubly_linked_list.insert_after large calibrate count=20000 reps=1 bend_delta=2000000ns ref_delta=182000ns bendA=2000000ns
doubly_linked_list.insert_after large calibrate count=32768 reps=1 bend_delta=0ns ref_delta=306000ns bendA=1000000ns
doubly_linked_list.insert_after large calibrate count=32768 reps=64 bend_delta=29000000ns ref_delta=12905000ns bendA=78000000ns
doubly_linked_list.insert_after large calibrate count=32768 reps=256 bend_delta=117000000ns ref_delta=55333000ns bendA=318000000ns
doubly_linked_list.insert_after large count=32768 reps=256 sample=0 order=ABC bendA=340000000 bendB=233000000 bendC=112000000 refA=151649000 refB=88413000 refC=48537000 bend_chk=['4246190771', '2933650592', '3793803753'] ref_chk=['4246190771', '2933650592', '3793803753']
doubly_linked_list.insert_after large count=32768 reps=256 sample=1 order=CBA bendA=341000000 bendB=212000000 bendC=105000000 refA=142249000 refB=85864000 refC=49716000 bend_chk=['4246190771', '2933650592', '3793803753'] ref_chk=['4246190771', '2933650592', '3793803753']
doubly_linked_list.insert_after large count=32768 reps=256 sample=2 order=ABC bendA=314000000 bendB=201000000 bendC=104000000 refA=141748000 refB=85315000 refC=46960000 bend_chk=['4246190771', '2933650592', '3793803753'] ref_chk=['4246190771', '2933650592', '3793803753']
doubly_linked_list.insert_after large count=32768 reps=256 sample=3 order=CBA bendA=322000000 bendB=197000000 bendC=101000000 refA=146533000 refB=83771000 refC=49579000 bend_chk=['4246190771', '2933650592', '3793803753'] ref_chk=['4246190771', '2933650592', '3793803753']
doubly_linked_list.insert_after large count=32768 reps=256 sample=4 order=ABC bendA=326000000 bendB=199000000 bendC=99000000 refA=140010000 refB=84078000 refC=45874000 bend_chk=['4246190771', '2933650592', '3793803753'] ref_chk=['4246190771', '2933650592', '3793803753']
doubly_linked_list.insert_after large count=32768 reps=256 sample=5 order=CBA bendA=322000000 bendB=207000000 bendC=100000000 refA=134773000 refB=81718000 refC=46818000 bend_chk=['4246190771', '2933650592', '3793803753'] ref_chk=['4246190771', '2933650592', '3793803753']
doubly_linked_list.get small calibrate count=100000 reps=1 bend_delta=-1000000ns ref_delta=155000ns bendA=0ns
doubly_linked_list.get small calibrate count=6400000 reps=1 bend_delta=13000000ns ref_delta=9947000ns bendA=26000000ns
doubly_linked_list.get small calibrate count=51200000 reps=1 bend_delta=103000000ns ref_delta=78249000ns bendA=202000000ns
doubly_linked_list.get small count=51200000 reps=1 sample=0 order=ABC bendA=197000000 bendB=99000000 bendC=0 refA=149767000 refB=75077000 refC=23000 bend_chk=['1640554161', '3413705986', '221729612'] ref_chk=['1640554161', '3413705986', '221729612']
doubly_linked_list.get small count=51200000 reps=1 sample=1 order=CBA bendA=194000000 bendB=99000000 bendC=0 refA=149177000 refB=74350000 refC=4000 bend_chk=['1640554161', '3413705986', '221729612'] ref_chk=['1640554161', '3413705986', '221729612']
doubly_linked_list.get small count=51200000 reps=1 sample=2 order=ABC bendA=199000000 bendB=98000000 bendC=0 refA=149407000 refB=75193000 refC=28000 bend_chk=['1640554161', '3413705986', '221729612'] ref_chk=['1640554161', '3413705986', '221729612']
doubly_linked_list.get small count=51200000 reps=1 sample=3 order=CBA bendA=196000000 bendB=96000000 bendC=0 refA=149479000 refB=74812000 refC=4000 bend_chk=['1640554161', '3413705986', '221729612'] ref_chk=['1640554161', '3413705986', '221729612']
doubly_linked_list.get small count=51200000 reps=1 sample=4 order=ABC bendA=196000000 bendB=98000000 bendC=0 refA=150742000 refB=75922000 refC=29000 bend_chk=['1640554161', '3413705986', '221729612'] ref_chk=['1640554161', '3413705986', '221729612']
doubly_linked_list.get small count=51200000 reps=1 sample=5 order=CBA bendA=219000000 bendB=99000000 bendC=0 refA=155609000 refB=77751000 refC=5000 bend_chk=['1640554161', '3413705986', '221729612'] ref_chk=['1640554161', '3413705986', '221729612']
doubly_linked_list.get medium calibrate count=50000 reps=1 bend_delta=0ns ref_delta=81000ns bendA=0ns
doubly_linked_list.get medium calibrate count=3200000 reps=1 bend_delta=6000000ns ref_delta=4321000ns bendA=12000000ns
doubly_linked_list.get medium calibrate count=54400000 reps=1 bend_delta=98000000ns ref_delta=73872000ns bendA=197000000ns
doubly_linked_list.get medium calibrate count=108800000 reps=1 bend_delta=197000000ns ref_delta=145612000ns bendA=394000000ns
doubly_linked_list.get medium count=108800000 reps=1 sample=0 order=ABC bendA=384000000 bendB=197000000 bendC=0 refA=291136000 refB=146295000 refC=22000 bend_chk=['216658646', '716109853', '406221586'] ref_chk=['216658646', '716109853', '406221586']
doubly_linked_list.get medium count=108800000 reps=1 sample=1 order=CBA bendA=381000000 bendB=190000000 bendC=0 refA=291497000 refB=144657000 refC=22000 bend_chk=['216658646', '716109853', '406221586'] ref_chk=['216658646', '716109853', '406221586']
doubly_linked_list.get medium count=108800000 reps=1 sample=2 order=ABC bendA=382000000 bendB=190000000 bendC=0 refA=290803000 refB=146142000 refC=52000 bend_chk=['216658646', '716109853', '406221586'] ref_chk=['216658646', '716109853', '406221586']
doubly_linked_list.get medium count=108800000 reps=1 sample=3 order=CBA bendA=383000000 bendB=191000000 bendC=0 refA=293772000 refB=142776000 refC=27000 bend_chk=['216658646', '716109853', '406221586'] ref_chk=['216658646', '716109853', '406221586']
doubly_linked_list.get medium count=108800000 reps=1 sample=4 order=ABC bendA=387000000 bendB=191000000 bendC=0 refA=288071000 refB=146126000 refC=50000 bend_chk=['216658646', '716109853', '406221586'] ref_chk=['216658646', '716109853', '406221586']
doubly_linked_list.get medium count=108800000 reps=1 sample=5 order=CBA bendA=385000000 bendB=196000000 bendC=0 refA=290563000 refB=142326000 refC=21000 bend_chk=['216658646', '716109853', '406221586'] ref_chk=['216658646', '716109853', '406221586']
doubly_linked_list.get large calibrate count=20000 reps=1 bend_delta=-1000000ns ref_delta=24000ns bendA=0ns
doubly_linked_list.get large calibrate count=1280000 reps=1 bend_delta=4000000ns ref_delta=1833000ns bendA=6000000ns
doubly_linked_list.get large calibrate count=33280000 reps=1 bend_delta=63000000ns ref_delta=44180000ns bendA=128000000ns
doubly_linked_list.get large calibrate count=66560000 reps=1 bend_delta=143000000ns ref_delta=110992000ns bendA=271000000ns
doubly_linked_list.get large count=66560000 reps=1 sample=0 order=ABC bendA=297000000 bendB=152000000 bendC=0 refA=218105000 refB=115512000 refC=260000 bend_chk=['785359716', '4052609733', '2048935312'] ref_chk=['785359716', '4052609733', '2048935312']
doubly_linked_list.get large count=66560000 reps=1 sample=1 order=CBA bendA=318000000 bendB=152000000 bendC=0 refA=206626000 refB=106378000 refC=205000 bend_chk=['785359716', '4052609733', '2048935312'] ref_chk=['785359716', '4052609733', '2048935312']
doubly_linked_list.get large count=66560000 reps=1 sample=2 order=ABC bendA=276000000 bendB=133000000 bendC=1000000 refA=192866000 refB=100801000 refC=205000 bend_chk=['785359716', '4052609733', '2048935312'] ref_chk=['785359716', '4052609733', '2048935312']
doubly_linked_list.get large count=66560000 reps=1 sample=3 order=CBA bendA=270000000 bendB=142000000 bendC=1000000 refA=189870000 refB=94880000 refC=194000 bend_chk=['785359716', '4052609733', '2048935312'] ref_chk=['785359716', '4052609733', '2048935312']
doubly_linked_list.get large count=66560000 reps=1 sample=4 order=ABC bendA=257000000 bendB=130000000 bendC=0 refA=188027000 refB=92493000 refC=190000 bend_chk=['785359716', '4052609733', '2048935312'] ref_chk=['785359716', '4052609733', '2048935312']
doubly_linked_list.get large count=66560000 reps=1 sample=5 order=CBA bendA=255000000 bendB=131000000 bendC=0 refA=197312000 refB=94321000 refC=179000 bend_chk=['785359716', '4052609733', '2048935312'] ref_chk=['785359716', '4052609733', '2048935312']
doubly_linked_list.set small calibrate count=100000 reps=1 bend_delta=1000000ns ref_delta=154000ns bendA=1000000ns
doubly_linked_list.set small calibrate count=6400000 reps=1 bend_delta=13000000ns ref_delta=11356000ns bendA=26000000ns
doubly_linked_list.set small calibrate count=51200000 reps=1 bend_delta=110000000ns ref_delta=79938000ns bendA=216000000ns
doubly_linked_list.set small count=51200000 reps=1 sample=0 order=ABC bendA=205000000 bendB=102000000 bendC=0 refA=152361000 refB=76700000 refC=43000 bend_chk=['185258692', '3440320072', '113559291'] ref_chk=['185258692', '3440320072', '113559291']
doubly_linked_list.set small count=51200000 reps=1 sample=1 order=CBA bendA=208000000 bendB=106000000 bendC=0 refA=162693000 refB=86441000 refC=16000 bend_chk=['185258692', '3440320072', '113559291'] ref_chk=['185258692', '3440320072', '113559291']
doubly_linked_list.set small count=51200000 reps=1 sample=2 order=ABC bendA=235000000 bendB=116000000 bendC=0 refA=172804000 refB=80718000 refC=31000 bend_chk=['185258692', '3440320072', '113559291'] ref_chk=['185258692', '3440320072', '113559291']
doubly_linked_list.set small count=51200000 reps=1 sample=3 order=CBA bendA=216000000 bendB=109000000 bendC=0 refA=155398000 refB=76764000 refC=5000 bend_chk=['185258692', '3440320072', '113559291'] ref_chk=['185258692', '3440320072', '113559291']
doubly_linked_list.set small count=51200000 reps=1 sample=4 order=ABC bendA=214000000 bendB=115000000 bendC=0 refA=171061000 refB=85375000 refC=25000 bend_chk=['185258692', '3440320072', '113559291'] ref_chk=['185258692', '3440320072', '113559291']
doubly_linked_list.set small count=51200000 reps=1 sample=5 order=CBA bendA=213000000 bendB=108000000 bendC=0 refA=154365000 refB=76278000 refC=4000 bend_chk=['185258692', '3440320072', '113559291'] ref_chk=['185258692', '3440320072', '113559291']
doubly_linked_list.set medium calibrate count=50000 reps=1 bend_delta=0ns ref_delta=82000ns bendA=0ns
doubly_linked_list.set medium calibrate count=3200000 reps=1 bend_delta=5000000ns ref_delta=4558000ns bendA=11000000ns
doubly_linked_list.set medium calibrate count=67200000 reps=1 bend_delta=122000000ns ref_delta=94362000ns bendA=247000000ns
doubly_linked_list.set medium count=67200000 reps=1 sample=0 order=ABC bendA=247000000 bendB=124000000 bendC=0 refA=182141000 refB=90874000 refC=17000 bend_chk=['80027062', '2890732901', '3021379915'] ref_chk=['80027062', '2890732901', '3021379915']
doubly_linked_list.set medium count=67200000 reps=1 sample=1 order=CBA bendA=253000000 bendB=124000000 bendC=0 refA=210344000 refB=90934000 refC=24000 bend_chk=['80027062', '2890732901', '3021379915'] ref_chk=['80027062', '2890732901', '3021379915']
doubly_linked_list.set medium count=67200000 reps=1 sample=2 order=ABC bendA=263000000 bendB=129000000 bendC=0 refA=193679000 refB=112791000 refC=36000 bend_chk=['80027062', '2890732901', '3021379915'] ref_chk=['80027062', '2890732901', '3021379915']
doubly_linked_list.set medium count=67200000 reps=1 sample=3 order=CBA bendA=314000000 bendB=190000000 bendC=0 refA=224775000 refB=125637000 refC=80000 bend_chk=['80027062', '2890732901', '3021379915'] ref_chk=['80027062', '2890732901', '3021379915']
doubly_linked_list.set medium count=67200000 reps=1 sample=4 order=ABC bendA=303000000 bendB=149000000 bendC=0 refA=201947000 refB=98732000 refC=49000 bend_chk=['80027062', '2890732901', '3021379915'] ref_chk=['80027062', '2890732901', '3021379915']
doubly_linked_list.set medium count=67200000 reps=1 sample=5 order=CBA bendA=249000000 bendB=130000000 bendC=0 refA=188764000 refB=91071000 refC=28000 bend_chk=['80027062', '2890732901', '3021379915'] ref_chk=['80027062', '2890732901', '3021379915']
doubly_linked_list.set large calibrate count=20000 reps=1 bend_delta=1000000ns ref_delta=42000ns bendA=1000000ns
doubly_linked_list.set large calibrate count=1280000 reps=1 bend_delta=2000000ns ref_delta=1832000ns bendA=5000000ns
doubly_linked_list.set large calibrate count=65280000 reps=1 bend_delta=128000000ns ref_delta=91934000ns bendA=258000000ns
doubly_linked_list.set large count=65280000 reps=1 sample=0 order=ABC bendA=249000000 bendB=128000000 bendC=1000000 refA=188035000 refB=97187000 refC=250000 bend_chk=['1814373444', '1042992448', '401981066'] ref_chk=['1814373444', '1042992448', '401981066']
doubly_linked_list.set large count=65280000 reps=1 sample=1 order=CBA bendA=343000000 bendB=156000000 bendC=0 refA=250875000 refB=121910000 refC=370000 bend_chk=['1814373444', '1042992448', '401981066'] ref_chk=['1814373444', '1042992448', '401981066']
doubly_linked_list.set large count=65280000 reps=1 sample=2 order=ABC bendA=369000000 bendB=174000000 bendC=1000000 refA=261789000 refB=136776000 refC=277000 bend_chk=['1814373444', '1042992448', '401981066'] ref_chk=['1814373444', '1042992448', '401981066']
doubly_linked_list.set large count=65280000 reps=1 sample=3 order=CBA bendA=345000000 bendB=186000000 bendC=1000000 refA=200886000 refB=102863000 refC=221000 bend_chk=['1814373444', '1042992448', '401981066'] ref_chk=['1814373444', '1042992448', '401981066']
doubly_linked_list.set large count=65280000 reps=1 sample=4 order=ABC bendA=384000000 bendB=151000000 bendC=0 refA=200653000 refB=97944000 refC=194000 bend_chk=['1814373444', '1042992448', '401981066'] ref_chk=['1814373444', '1042992448', '401981066']
doubly_linked_list.set large count=65280000 reps=1 sample=5 order=CBA bendA=260000000 bendB=132000000 bendC=0 refA=184508000 refB=90190000 refC=186000 bend_chk=['1814373444', '1042992448', '401981066'] ref_chk=['1814373444', '1042992448', '401981066']
doubly_linked_list.next small calibrate count=100000 reps=1 bend_delta=-1000000ns ref_delta=214000ns bendA=0ns
doubly_linked_list.next small calibrate count=6400000 reps=1 bend_delta=17000000ns ref_delta=13137000ns bendA=35000000ns
doubly_linked_list.next small calibrate count=38400000 reps=1 bend_delta=101000000ns ref_delta=90437000ns bendA=222000000ns
doubly_linked_list.next small count=38400000 reps=1 sample=0 order=ABC bendA=209000000 bendB=102000000 bendC=0 refA=153203000 refB=75353000 refC=3000 bend_chk=['1864225222', '1911041891', '2642779329'] ref_chk=['1864225222', '1911041891', '2642779329']
doubly_linked_list.next small count=38400000 reps=1 sample=1 order=CBA bendA=202000000 bendB=100000000 bendC=0 refA=149991000 refB=75118000 refC=4000 bend_chk=['1864225222', '1911041891', '2642779329'] ref_chk=['1864225222', '1911041891', '2642779329']
doubly_linked_list.next small count=38400000 reps=1 sample=2 order=ABC bendA=201000000 bendB=97000000 bendC=0 refA=147854000 refB=74968000 refC=33000 bend_chk=['1864225222', '1911041891', '2642779329'] ref_chk=['1864225222', '1911041891', '2642779329']
doubly_linked_list.next small count=38400000 reps=1 sample=3 order=CBA bendA=201000000 bendB=100000000 bendC=0 refA=148075000 refB=73506000 refC=5000 bend_chk=['1864225222', '1911041891', '2642779329'] ref_chk=['1864225222', '1911041891', '2642779329']
doubly_linked_list.next small count=38400000 reps=1 sample=4 order=ABC bendA=194000000 bendB=107000000 bendC=0 refA=155774000 refB=79210000 refC=26000 bend_chk=['1864225222', '1911041891', '2642779329'] ref_chk=['1864225222', '1911041891', '2642779329']
doubly_linked_list.next small count=38400000 reps=1 sample=5 order=CBA bendA=218000000 bendB=106000000 bendC=0 refA=158493000 refB=79514000 refC=5000 bend_chk=['1864225222', '1911041891', '2642779329'] ref_chk=['1864225222', '1911041891', '2642779329']
doubly_linked_list.next medium calibrate count=50000 reps=1 bend_delta=0ns ref_delta=122000ns bendA=0ns
doubly_linked_list.next medium calibrate count=3200000 reps=1 bend_delta=8000000ns ref_delta=5698000ns bendA=16000000ns
doubly_linked_list.next medium calibrate count=41600000 reps=1 bend_delta=135000000ns ref_delta=75324000ns bendA=250000000ns
doubly_linked_list.next medium count=41600000 reps=1 sample=0 order=ABC bendA=222000000 bendB=111000000 bendC=0 refA=165287000 refB=77056000 refC=16000 bend_chk=['3254266267', '1997139826', '3419062590'] ref_chk=['3254266267', '1997139826', '3419062590']
doubly_linked_list.next medium count=41600000 reps=1 sample=1 order=CBA bendA=217000000 bendB=116000000 bendC=0 refA=152414000 refB=86544000 refC=38000 bend_chk=['3254266267', '1997139826', '3419062590'] ref_chk=['3254266267', '1997139826', '3419062590']
doubly_linked_list.next medium count=41600000 reps=1 sample=2 order=ABC bendA=204000000 bendB=97000000 bendC=0 refA=144997000 refB=72343000 refC=40000 bend_chk=['3254266267', '1997139826', '3419062590'] ref_chk=['3254266267', '1997139826', '3419062590']
doubly_linked_list.next medium count=41600000 reps=1 sample=3 order=CBA bendA=199000000 bendB=98000000 bendC=0 refA=141830000 refB=71632000 refC=23000 bend_chk=['3254266267', '1997139826', '3419062590'] ref_chk=['3254266267', '1997139826', '3419062590']
doubly_linked_list.next medium count=41600000 reps=1 sample=4 order=ABC bendA=196000000 bendB=95000000 bendC=0 refA=134838000 refB=67325000 refC=11000 bend_chk=['3254266267', '1997139826', '3419062590'] ref_chk=['3254266267', '1997139826', '3419062590']
doubly_linked_list.next medium count=41600000 reps=1 sample=5 order=CBA bendA=187000000 bendB=94000000 bendC=0 refA=134523000 refB=67483000 refC=21000 bend_chk=['3254266267', '1997139826', '3419062590'] ref_chk=['3254266267', '1997139826', '3419062590']
doubly_linked_list.next large calibrate count=20000 reps=1 bend_delta=-1000000ns ref_delta=20000ns bendA=0ns
doubly_linked_list.next large calibrate count=1280000 reps=1 bend_delta=3000000ns ref_delta=2537000ns bendA=7000000ns
doubly_linked_list.next large calibrate count=43520000 reps=1 bend_delta=119000000ns ref_delta=91508000ns bendA=241000000ns
doubly_linked_list.next large count=43520000 reps=1 sample=0 order=ABC bendA=241000000 bendB=121000000 bendC=1000000 refA=180951000 refB=86383000 refC=186000 bend_chk=['1858849660', '831261617', '2081084972'] ref_chk=['1858849660', '831261617', '2081084972']
doubly_linked_list.next large count=43520000 reps=1 sample=1 order=CBA bendA=245000000 bendB=123000000 bendC=1000000 refA=181609000 refB=86951000 refC=196000 bend_chk=['1858849660', '831261617', '2081084972'] ref_chk=['1858849660', '831261617', '2081084972']
doubly_linked_list.next large count=43520000 reps=1 sample=2 order=ABC bendA=254000000 bendB=129000000 bendC=1000000 refA=182785000 refB=96196000 refC=192000 bend_chk=['1858849660', '831261617', '2081084972'] ref_chk=['1858849660', '831261617', '2081084972']
doubly_linked_list.next large count=43520000 reps=1 sample=3 order=CBA bendA=296000000 bendB=129000000 bendC=1000000 refA=203225000 refB=112383000 refC=222000 bend_chk=['1858849660', '831261617', '2081084972'] ref_chk=['1858849660', '831261617', '2081084972']
doubly_linked_list.next large count=43520000 reps=1 sample=4 order=ABC bendA=273000000 bendB=134000000 bendC=0 refA=193762000 refB=96156000 refC=226000 bend_chk=['1858849660', '831261617', '2081084972'] ref_chk=['1858849660', '831261617', '2081084972']
doubly_linked_list.next large count=43520000 reps=1 sample=5 order=CBA bendA=278000000 bendB=143000000 bendC=0 refA=191282000 refB=99369000 refC=209000 bend_chk=['1858849660', '831261617', '2081084972'] ref_chk=['1858849660', '831261617', '2081084972']
doubly_linked_list.prev small calibrate count=100000 reps=1 bend_delta=1000000ns ref_delta=209000ns bendA=1000000ns
doubly_linked_list.prev small calibrate count=6400000 reps=1 bend_delta=17000000ns ref_delta=13167000ns bendA=35000000ns
doubly_linked_list.prev small calibrate count=38400000 reps=1 bend_delta=103000000ns ref_delta=75383000ns bendA=204000000ns
doubly_linked_list.prev small count=38400000 reps=1 sample=0 order=ABC bendA=207000000 bendB=101000000 bendC=0 refA=158354000 refB=80091000 refC=13000 bend_chk=['2420404466', '2177213806', '4265891610'] ref_chk=['2420404466', '2177213806', '4265891610']
doubly_linked_list.prev small count=38400000 reps=1 sample=1 order=CBA bendA=225000000 bendB=107000000 bendC=0 refA=158240000 refB=79251000 refC=8000 bend_chk=['2420404466', '2177213806', '4265891610'] ref_chk=['2420404466', '2177213806', '4265891610']
doubly_linked_list.prev small count=38400000 reps=1 sample=2 order=ABC bendA=216000000 bendB=110000000 bendC=0 refA=193604000 refB=83452000 refC=2000 bend_chk=['2420404466', '2177213806', '4265891610'] ref_chk=['2420404466', '2177213806', '4265891610']
doubly_linked_list.prev small count=38400000 reps=1 sample=3 order=CBA bendA=228000000 bendB=107000000 bendC=0 refA=179877000 refB=90565000 refC=15000 bend_chk=['2420404466', '2177213806', '4265891610'] ref_chk=['2420404466', '2177213806', '4265891610']
doubly_linked_list.prev small count=38400000 reps=1 sample=4 order=ABC bendA=263000000 bendB=133000000 bendC=0 refA=180027000 refB=83544000 refC=2000 bend_chk=['2420404466', '2177213806', '4265891610'] ref_chk=['2420404466', '2177213806', '4265891610']
doubly_linked_list.prev small count=38400000 reps=1 sample=5 order=CBA bendA=213000000 bendB=109000000 bendC=0 refA=158018000 refB=78661000 refC=6000 bend_chk=['2420404466', '2177213806', '4265891610'] ref_chk=['2420404466', '2177213806', '4265891610']
doubly_linked_list.prev medium calibrate count=50000 reps=1 bend_delta=0ns ref_delta=101000ns bendA=0ns
doubly_linked_list.prev medium calibrate count=3200000 reps=1 bend_delta=8000000ns ref_delta=5736000ns bendA=15000000ns
doubly_linked_list.prev medium calibrate count=41600000 reps=1 bend_delta=105000000ns ref_delta=69649000ns bendA=203000000ns
doubly_linked_list.prev medium count=41600000 reps=1 sample=0 order=ABC bendA=193000000 bendB=94000000 bendC=0 refA=139181000 refB=68524000 refC=16000 bend_chk=['1483580769', '4172582447', '3648278433'] ref_chk=['1483580769', '4172582447', '3648278433']
doubly_linked_list.prev medium count=41600000 reps=1 sample=1 order=CBA bendA=187000000 bendB=95000000 bendC=0 refA=134175000 refB=66766000 refC=25000 bend_chk=['1483580769', '4172582447', '3648278433'] ref_chk=['1483580769', '4172582447', '3648278433']
doubly_linked_list.prev medium count=41600000 reps=1 sample=2 order=ABC bendA=188000000 bendB=93000000 bendC=0 refA=134695000 refB=67355000 refC=16000 bend_chk=['1483580769', '4172582447', '3648278433'] ref_chk=['1483580769', '4172582447', '3648278433']
doubly_linked_list.prev medium count=41600000 reps=1 sample=3 order=CBA bendA=186000000 bendB=93000000 bendC=0 refA=133487000 refB=65685000 refC=21000 bend_chk=['1483580769', '4172582447', '3648278433'] ref_chk=['1483580769', '4172582447', '3648278433']
doubly_linked_list.prev medium count=41600000 reps=1 sample=4 order=ABC bendA=189000000 bendB=95000000 bendC=0 refA=134676000 refB=67163000 refC=44000 bend_chk=['1483580769', '4172582447', '3648278433'] ref_chk=['1483580769', '4172582447', '3648278433']
doubly_linked_list.prev medium count=41600000 reps=1 sample=5 order=CBA bendA=190000000 bendB=100000000 bendC=0 refA=134520000 refB=67145000 refC=21000 bend_chk=['1483580769', '4172582447', '3648278433'] ref_chk=['1483580769', '4172582447', '3648278433']
doubly_linked_list.prev large calibrate count=20000 reps=1 bend_delta=-1000000ns ref_delta=37000ns bendA=0ns
doubly_linked_list.prev large calibrate count=1280000 reps=1 bend_delta=3000000ns ref_delta=2490000ns bendA=7000000ns
doubly_linked_list.prev large calibrate count=43520000 reps=1 bend_delta=123000000ns ref_delta=86769000ns bendA=248000000ns
doubly_linked_list.prev large count=43520000 reps=1 sample=0 order=ABC bendA=270000000 bendB=151000000 bendC=1000000 refA=226901000 refB=107658000 refC=220000 bend_chk=['1559764272', '653906804', '3520830319'] ref_chk=['1559764272', '653906804', '3520830319']
doubly_linked_list.prev large count=43520000 reps=1 sample=1 order=CBA bendA=287000000 bendB=159000000 bendC=1000000 refA=201150000 refB=101173000 refC=221000 bend_chk=['1559764272', '653906804', '3520830319'] ref_chk=['1559764272', '653906804', '3520830319']
doubly_linked_list.prev large count=43520000 reps=1 sample=2 order=ABC bendA=264000000 bendB=133000000 bendC=0 refA=187504000 refB=93897000 refC=218000 bend_chk=['1559764272', '653906804', '3520830319'] ref_chk=['1559764272', '653906804', '3520830319']
doubly_linked_list.prev large count=43520000 reps=1 sample=3 order=CBA bendA=259000000 bendB=131000000 bendC=1000000 refA=184840000 refB=91356000 refC=200000 bend_chk=['1559764272', '653906804', '3520830319'] ref_chk=['1559764272', '653906804', '3520830319']
doubly_linked_list.prev large count=43520000 reps=1 sample=4 order=ABC bendA=261000000 bendB=127000000 bendC=0 refA=190899000 refB=98523000 refC=221000 bend_chk=['1559764272', '653906804', '3520830319'] ref_chk=['1559764272', '653906804', '3520830319']
doubly_linked_list.prev large count=43520000 reps=1 sample=5 order=CBA bendA=290000000 bendB=135000000 bendC=1000000 refA=195854000 refB=94621000 refC=202000 bend_chk=['1559764272', '653906804', '3520830319'] ref_chk=['1559764272', '653906804', '3520830319']
doubly_linked_list.length small calibrate count=100000 reps=1 bend_delta=1000000ns ref_delta=426000ns bendA=1000000ns
doubly_linked_list.length small calibrate count=6400000 reps=1 bend_delta=9000000ns ref_delta=27131000ns bendA=17000000ns
doubly_linked_list.length small calibrate count=76800000 reps=1 bend_delta=101000000ns ref_delta=265190000ns bendA=196000000ns
doubly_linked_list.length small count=76800000 reps=1 sample=0 order=ABC bendA=187000000 bendB=93000000 bendC=0 refA=496379000 refB=244156000 refC=32000 bend_chk=['3351481381', '2255111740', '1407727064'] ref_chk=['3351481381', '2255111740', '1407727064']
doubly_linked_list.length small count=76800000 reps=1 sample=1 order=CBA bendA=171000000 bendB=85000000 bendC=0 refA=458676000 refB=238865000 refC=4000 bend_chk=['3351481381', '2255111740', '1407727064'] ref_chk=['3351481381', '2255111740', '1407727064']
doubly_linked_list.length small count=76800000 reps=1 sample=2 order=ABC bendA=157000000 bendB=78000000 bendC=0 refA=449434000 refB=222632000 refC=2000 bend_chk=['3351481381', '2255111740', '1407727064'] ref_chk=['3351481381', '2255111740', '1407727064']
doubly_linked_list.length small count=76800000 reps=1 sample=3 order=CBA bendA=156000000 bendB=78000000 bendC=0 refA=517037000 refB=223894000 refC=3000 bend_chk=['3351481381', '2255111740', '1407727064'] ref_chk=['3351481381', '2255111740', '1407727064']
doubly_linked_list.length small count=76800000 reps=1 sample=4 order=ABC bendA=165000000 bendB=83000000 bendC=0 refA=469169000 refB=237937000 refC=16000 bend_chk=['3351481381', '2255111740', '1407727064'] ref_chk=['3351481381', '2255111740', '1407727064']
doubly_linked_list.length small count=76800000 reps=1 sample=5 order=CBA bendA=166000000 bendB=79000000 bendC=0 refA=525293000 refB=245252000 refC=3000 bend_chk=['3351481381', '2255111740', '1407727064'] ref_chk=['3351481381', '2255111740', '1407727064']
doubly_linked_list.length medium calibrate count=50000 reps=1 bend_delta=0ns ref_delta=197000ns bendA=0ns
doubly_linked_list.length medium calibrate count=3200000 reps=1 bend_delta=5000000ns ref_delta=10651000ns bendA=8000000ns
doubly_linked_list.length medium calibrate count=67200000 reps=1 bend_delta=77000000ns ref_delta=213709000ns bendA=152000000ns
doubly_linked_list.length medium calibrate count=134400000 reps=1 bend_delta=144000000ns ref_delta=429154000ns bendA=293000000ns
doubly_linked_list.length medium count=134400000 reps=1 sample=0 order=ABC bendA=297000000 bendB=147000000 bendC=0 refA=892605000 refB=456857000 refC=27000 bend_chk=['3479885031', '3716877408', '160652711'] ref_chk=['3479885031', '3716877408', '160652711']
doubly_linked_list.length medium count=134400000 reps=1 sample=1 order=CBA bendA=301000000 bendB=160000000 bendC=0 refA=832612000 refB=427522000 refC=26000 bend_chk=['3479885031', '3716877408', '160652711'] ref_chk=['3479885031', '3716877408', '160652711']
doubly_linked_list.length medium count=134400000 reps=1 sample=2 order=ABC bendA=279000000 bendB=140000000 bendC=0 refA=793134000 refB=393283000 refC=45000 bend_chk=['3479885031', '3716877408', '160652711'] ref_chk=['3479885031', '3716877408', '160652711']
doubly_linked_list.length medium count=134400000 reps=1 sample=3 order=CBA bendA=275000000 bendB=140000000 bendC=0 refA=840198000 refB=394588000 refC=19000 bend_chk=['3479885031', '3716877408', '160652711'] ref_chk=['3479885031', '3716877408', '160652711']
doubly_linked_list.length medium count=134400000 reps=1 sample=4 order=ABC bendA=295000000 bendB=145000000 bendC=0 refA=829227000 refB=414428000 refC=15000 bend_chk=['3479885031', '3716877408', '160652711'] ref_chk=['3479885031', '3716877408', '160652711']
doubly_linked_list.length medium count=134400000 reps=1 sample=5 order=CBA bendA=300000000 bendB=149000000 bendC=0 refA=894129000 refB=428302000 refC=21000 bend_chk=['3479885031', '3716877408', '160652711'] ref_chk=['3479885031', '3716877408', '160652711']
doubly_linked_list.length large calibrate count=20000 reps=1 bend_delta=1000000ns ref_delta=66000ns bendA=1000000ns
doubly_linked_list.length large calibrate count=1280000 reps=1 bend_delta=3000000ns ref_delta=4063000ns bendA=4000000ns
doubly_linked_list.length large calibrate count=43520000 reps=1 bend_delta=46000000ns ref_delta=148299000ns bendA=97000000ns
doubly_linked_list.length large calibrate count=130560000 reps=1 bend_delta=145000000ns ref_delta=388453000ns bendA=290000000ns
doubly_linked_list.length large count=130560000 reps=1 sample=0 order=ABC bendA=287000000 bendB=144000000 bendC=1000000 refA=835947000 refB=416944000 refC=206000 bend_chk=['1401423256', '4079323044', '3672004245'] ref_chk=['1401423256', '4079323044', '3672004245']
doubly_linked_list.length large count=130560000 reps=1 sample=1 order=CBA bendA=291000000 bendB=145000000 bendC=0 refA=784898000 refB=406215000 refC=248000 bend_chk=['1401423256', '4079323044', '3672004245'] ref_chk=['1401423256', '4079323044', '3672004245']
doubly_linked_list.length large count=130560000 reps=1 sample=2 order=ABC bendA=285000000 bendB=143000000 bendC=1000000 refA=842425000 refB=437017000 refC=190000 bend_chk=['1401423256', '4079323044', '3672004245'] ref_chk=['1401423256', '4079323044', '3672004245']
doubly_linked_list.length large count=130560000 reps=1 sample=3 order=CBA bendA=290000000 bendB=148000000 bendC=1000000 refA=816306000 refB=414880000 refC=184000 bend_chk=['1401423256', '4079323044', '3672004245'] ref_chk=['1401423256', '4079323044', '3672004245']
doubly_linked_list.length large count=130560000 reps=1 sample=4 order=ABC bendA=296000000 bendB=152000000 bendC=0 refA=847506000 refB=406552000 refC=166000 bend_chk=['1401423256', '4079323044', '3672004245'] ref_chk=['1401423256', '4079323044', '3672004245']
doubly_linked_list.length large count=130560000 reps=1 sample=5 order=CBA bendA=267000000 bendB=138000000 bendC=0 refA=818780000 refB=382754000 refC=207000 bend_chk=['1401423256', '4079323044', '3672004245'] ref_chk=['1401423256', '4079323044', '3672004245']
doubly_linked_list.to_list small calibrate count=5000 reps=1 bend_delta=1000000ns ref_delta=624000ns bendA=2000000ns
doubly_linked_list.to_list small calibrate count=320000 reps=1 bend_delta=73000000ns ref_delta=43707000ns bendA=156000000ns
doubly_linked_list.to_list small calibrate count=640000 reps=1 bend_delta=165000000ns ref_delta=116217000ns bendA=358000000ns
doubly_linked_list.to_list small count=640000 reps=1 sample=0 order=ABC bendA=345000000 bendB=170000000 bendC=0 refA=177454000 refB=86354000 refC=2000 bend_chk=['751241032', '2005856304', '1924737021'] ref_chk=['751241032', '2005856304', '1924737021']
doubly_linked_list.to_list small count=640000 reps=1 sample=1 order=CBA bendA=323000000 bendB=172000000 bendC=0 refA=168620000 refB=84000000 refC=4000 bend_chk=['751241032', '2005856304', '1924737021'] ref_chk=['751241032', '2005856304', '1924737021']
doubly_linked_list.to_list small count=640000 reps=1 sample=2 order=ABC bendA=295000000 bendB=150000000 bendC=0 refA=166031000 refB=82882000 refC=11000 bend_chk=['751241032', '2005856304', '1924737021'] ref_chk=['751241032', '2005856304', '1924737021']
doubly_linked_list.to_list small count=640000 reps=1 sample=3 order=CBA bendA=295000000 bendB=147000000 bendC=0 refA=163906000 refB=82768000 refC=12000 bend_chk=['751241032', '2005856304', '1924737021'] ref_chk=['751241032', '2005856304', '1924737021']
doubly_linked_list.to_list small count=640000 reps=1 sample=4 order=ABC bendA=291000000 bendB=141000000 bendC=0 refA=159037000 refB=79152000 refC=4000 bend_chk=['751241032', '2005856304', '1924737021'] ref_chk=['751241032', '2005856304', '1924737021']
doubly_linked_list.to_list small count=640000 reps=1 sample=5 order=CBA bendA=298000000 bendB=147000000 bendC=0 refA=158575000 refB=79112000 refC=5000 bend_chk=['751241032', '2005856304', '1924737021'] ref_chk=['751241032', '2005856304', '1924737021']
doubly_linked_list.to_list medium calibrate count=300 reps=1 bend_delta=3000000ns ref_delta=1495000ns bendA=4000000ns
doubly_linked_list.to_list medium calibrate count=10200 reps=1 bend_delta=63000000ns ref_delta=48133000ns bendA=127000000ns
doubly_linked_list.to_list medium calibrate count=20400 reps=1 bend_delta=126000000ns ref_delta=111012000ns bendA=260000000ns
doubly_linked_list.to_list medium count=20400 reps=1 sample=0 order=ABC bendA=256000000 bendB=129000000 bendC=0 refA=205667000 refB=99610000 refC=21000 bend_chk=['664659310', '2097844061', '1542559975'] ref_chk=['664659310', '2097844061', '1542559975']
doubly_linked_list.to_list medium count=20400 reps=1 sample=1 order=CBA bendA=261000000 bendB=128000000 bendC=0 refA=201118000 refB=101661000 refC=60000 bend_chk=['664659310', '2097844061', '1542559975'] ref_chk=['664659310', '2097844061', '1542559975']
doubly_linked_list.to_list medium count=20400 reps=1 sample=2 order=ABC bendA=255000000 bendB=129000000 bendC=0 refA=206993000 refB=102394000 refC=76000 bend_chk=['664659310', '2097844061', '1542559975'] ref_chk=['664659310', '2097844061', '1542559975']
doubly_linked_list.to_list medium count=20400 reps=1 sample=3 order=CBA bendA=254000000 bendB=128000000 bendC=0 refA=194963000 refB=102794000 refC=23000 bend_chk=['664659310', '2097844061', '1542559975'] ref_chk=['664659310', '2097844061', '1542559975']
doubly_linked_list.to_list medium count=20400 reps=1 sample=4 order=ABC bendA=258000000 bendB=133000000 bendC=0 refA=214999000 refB=122556000 refC=70000 bend_chk=['664659310', '2097844061', '1542559975'] ref_chk=['664659310', '2097844061', '1542559975']
doubly_linked_list.to_list medium count=20400 reps=1 sample=5 order=CBA bendA=306000000 bendB=168000000 bendC=0 refA=257728000 refB=120262000 refC=28000 bend_chk=['664659310', '2097844061', '1542559975'] ref_chk=['664659310', '2097844061', '1542559975']
doubly_linked_list.to_list large calibrate count=20 reps=1 bend_delta=3000000ns ref_delta=2240000ns bendA=5000000ns
doubly_linked_list.to_list large calibrate count=680 reps=1 bend_delta=68000000ns ref_delta=77007000ns bendA=139000000ns
doubly_linked_list.to_list large calibrate count=1360 reps=1 bend_delta=153000000ns ref_delta=152363000ns bendA=300000000ns
doubly_linked_list.to_list large count=1360 reps=1 sample=0 order=ABC bendA=276000000 bendB=174000000 bendC=0 refA=279720000 refB=131304000 refC=226000 bend_chk=['2899763212', '3127723161', '2966657747'] ref_chk=['2899763212', '3127723161', '2966657747']
doubly_linked_list.to_list large count=1360 reps=1 sample=1 order=CBA bendA=306000000 bendB=172000000 bendC=1000000 refA=277510000 refB=148214000 refC=243000 bend_chk=['2899763212', '3127723161', '2966657747'] ref_chk=['2899763212', '3127723161', '2966657747']
doubly_linked_list.to_list large count=1360 reps=1 sample=2 order=ABC bendA=342000000 bendB=145000000 bendC=0 refA=275657000 refB=143616000 refC=243000 bend_chk=['2899763212', '3127723161', '2966657747'] ref_chk=['2899763212', '3127723161', '2966657747']
doubly_linked_list.to_list large count=1360 reps=1 sample=3 order=CBA bendA=346000000 bendB=157000000 bendC=1000000 refA=270199000 refB=137629000 refC=224000 bend_chk=['2899763212', '3127723161', '2966657747'] ref_chk=['2899763212', '3127723161', '2966657747']
doubly_linked_list.to_list large count=1360 reps=1 sample=4 order=ABC bendA=310000000 bendB=184000000 bendC=1000000 refA=304907000 refB=141637000 refC=187000 bend_chk=['2899763212', '3127723161', '2966657747'] ref_chk=['2899763212', '3127723161', '2966657747']
doubly_linked_list.to_list large count=1360 reps=1 sample=5 order=CBA bendA=315000000 bendB=178000000 bendC=1000000 refA=280796000 refB=134799000 refC=222000 bend_chk=['2899763212', '3127723161', '2966657747'] ref_chk=['2899763212', '3127723161', '2966657747']
doubly_linked_list.remove small calibrate count=32 reps=1 bend_delta=0ns ref_delta=3000ns bendA=0ns
doubly_linked_list.remove small calibrate count=32 reps=64 bend_delta=0ns ref_delta=19000ns bendA=0ns
doubly_linked_list.remove small calibrate count=32 reps=4096 bend_delta=2000000ns ref_delta=1048000ns bendA=7000000ns
doubly_linked_list.remove small calibrate count=32 reps=208896 bend_delta=79000000ns ref_delta=75314000ns bendA=405000000ns
doubly_linked_list.remove small calibrate count=32 reps=417792 bend_delta=152000000ns ref_delta=149225000ns bendA=811000000ns
doubly_linked_list.remove small count=32 reps=417792 sample=0 order=ABC bendA=846000000 bendB=752000000 bendC=1013000000 refA=719279000 refB=579874000 refC=614106000 bend_chk=['1007549048', '453485154', '551182249'] ref_chk=['1007549048', '453485154', '551182249']
doubly_linked_list.remove small count=32 reps=417792 sample=1 order=CBA bendA=891000000 bendB=741000000 bendC=834000000 refA=823031000 refB=469382000 refC=320901000 bend_chk=['1007549048', '453485154', '551182249'] ref_chk=['1007549048', '453485154', '551182249']
doubly_linked_list.remove small count=32 reps=417792 sample=2 order=ABC bendA=1217000000 bendB=822000000 bendC=624000000 refA=652673000 refB=461135000 refC=350255000 bend_chk=['1007549048', '453485154', '551182249'] ref_chk=['1007549048', '453485154', '551182249']
doubly_linked_list.remove small count=32 reps=417792 sample=3 order=CBA bendA=1042000000 bendB=827000000 bendC=577000000 refA=711758000 refB=526764000 refC=406152000 bend_chk=['1007549048', '453485154', '551182249'] ref_chk=['1007549048', '453485154', '551182249']
doubly_linked_list.remove small count=32 reps=417792 sample=4 order=ABC bendA=904000000 bendB=704000000 bendC=545000000 refA=588327000 refB=450482000 refC=335269000 bend_chk=['1007549048', '453485154', '551182249'] ref_chk=['1007549048', '453485154', '551182249']
doubly_linked_list.remove small count=32 reps=417792 sample=5 order=CBA bendA=826000000 bendB=662000000 bendC=516000000 refA=653933000 refB=459556000 refC=340771000 bend_chk=['1007549048', '453485154', '551182249'] ref_chk=['1007549048', '453485154', '551182249']
doubly_linked_list.remove medium calibrate count=1024 reps=1 bend_delta=0ns ref_delta=26000ns bendA=0ns
doubly_linked_list.remove medium calibrate count=1024 reps=64 bend_delta=1000000ns ref_delta=595000ns bendA=3000000ns
doubly_linked_list.remove medium calibrate count=1024 reps=4096 bend_delta=11000000ns ref_delta=37275000ns bendA=197000000ns
doubly_linked_list.remove medium calibrate count=1024 reps=40960 bend_delta=387000000ns ref_delta=397192000ns bendA=1944000000ns
doubly_linked_list.remove medium count=1024 reps=40960 sample=0 order=ABC bendA=1990000000 bendB=1547000000 bendC=1218000000 refA=1176927000 refB=787372000 refC=544589000 bend_chk=['358590288', '1571978263', '2855117603'] ref_chk=['358590288', '1571978263', '2855117603']
doubly_linked_list.remove medium count=1024 reps=40960 sample=1 order=CBA bendA=2335000000 bendB=1728000000 bendC=1215000000 refA=1397983000 refB=840104000 refC=590978000 bend_chk=['358590288', '1571978263', '2855117603'] ref_chk=['358590288', '1571978263', '2855117603']
doubly_linked_list.remove medium count=1024 reps=40960 sample=2 order=ABC bendA=2296000000 bendB=1662000000 bendC=1301000000 refA=1478349000 refB=1168001000 refC=684584000 bend_chk=['358590288', '1571978263', '2855117603'] ref_chk=['358590288', '1571978263', '2855117603']
doubly_linked_list.remove medium count=1024 reps=40960 sample=3 order=CBA bendA=2497000000 bendB=1658000000 bendC=1429000000 refA=1579530000 refB=929365000 refC=593079000 bend_chk=['358590288', '1571978263', '2855117603'] ref_chk=['358590288', '1571978263', '2855117603']
doubly_linked_list.remove medium count=1024 reps=40960 sample=4 order=ABC bendA=2453000000 bendB=2350000000 bendC=1591000000 refA=1561410000 refB=1133291000 refC=548527000 bend_chk=['358590288', '1571978263', '2855117603'] ref_chk=['358590288', '1571978263', '2855117603']
doubly_linked_list.remove medium count=1024 reps=40960 sample=5 order=CBA bendA=2127000000 bendB=1548000000 bendC=1233000000 refA=1834527000 refB=869512000 refC=571087000 bend_chk=['358590288', '1571978263', '2855117603'] ref_chk=['358590288', '1571978263', '2855117603']
doubly_linked_list.remove large calibrate count=16384 reps=1 bend_delta=2000000ns ref_delta=414000ns bendA=2000000ns
doubly_linked_list.remove large calibrate count=16384 reps=51 bend_delta=51000000ns ref_delta=11032000ns bendA=110000000ns
doubly_linked_list.remove large calibrate count=16384 reps=102 bend_delta=0ns ref_delta=31092000ns bendA=165000000ns
doubly_linked_list.remove large calibrate count=16384 reps=6528 bend_delta=800000000ns ref_delta=2186446000ns bendA=6791000000ns
doubly_linked_list.remove large count=16384 reps=6528 sample=0 order=ABC bendA=8218000000 bendB=6627000000 bendC=5081000000 refA=6424871000 refB=3535421000 refC=2080974000 bend_chk=['3546626472', '4008810375', '3204601797'] ref_chk=['3546626472', '4008810375', '3204601797']
doubly_linked_list.remove large count=16384 reps=6528 sample=1 order=CBA bendA=7794000000 bendB=5944000000 bendC=4794000000 refA=4242767000 refB=2999748000 refC=1831867000 bend_chk=['3546626472', '4008810375', '3204601797'] ref_chk=['3546626472', '4008810375', '3204601797']
doubly_linked_list.remove large count=16384 reps=6528 sample=2 order=ABC bendA=6072000000 bendB=4342000000 bendC=3223000000 refA=3418239000 refB=2159839000 refC=1790606000 bend_chk=['3546626472', '4008810375', '3204601797'] ref_chk=['3546626472', '4008810375', '3204601797']
doubly_linked_list.remove large count=16384 reps=6528 sample=3 order=CBA bendA=5770000000 bendB=5443000000 bendC=4045000000 refA=2699478000 refB=1680889000 refC=1327838000 bend_chk=['3546626472', '4008810375', '3204601797'] ref_chk=['3546626472', '4008810375', '3204601797']
doubly_linked_list.remove large count=16384 reps=6528 sample=4 order=ABC bendA=4485000000 bendB=3387000000 bendC=2682000000 refA=2806255000 refB=1781234000 refC=1249399000 bend_chk=['3546626472', '4008810375', '3204601797'] ref_chk=['3546626472', '4008810375', '3204601797']
doubly_linked_list.remove large count=16384 reps=6528 sample=5 order=CBA bendA=4702000000 bendB=3736000000 bendC=2819000000 refA=2787123000 refB=1734073000 refC=1271869000 bend_chk=['3546626472', '4008810375', '3204601797'] ref_chk=['3546626472', '4008810375', '3204601797']
doubly_linked_list.new small calibrate count=100000 reps=1 bend_delta=2000000ns ref_delta=333000ns bendA=3000000ns
doubly_linked_list.new small calibrate count=5100000 reps=1 bend_delta=77000000ns ref_delta=17431000ns bendA=144000000ns
doubly_linked_list.new small calibrate count=10200000 reps=1 bend_delta=139000000ns ref_delta=33441000ns bendA=272000000ns
doubly_linked_list.new small count=10200000 reps=1 sample=0 order=ABC bendA=281000000 bendB=128000000 bendC=0 refA=63966000 refB=32464000 refC=22000 bend_chk=['3417507843', '2339880748', '805401309'] ref_chk=['3417507843', '2339880748', '805401309']
doubly_linked_list.new small count=10200000 reps=1 sample=1 order=CBA bendA=270000000 bendB=171000000 bendC=0 refA=61831000 refB=32205000 refC=4000 bend_chk=['3417507843', '2339880748', '805401309'] ref_chk=['3417507843', '2339880748', '805401309']
doubly_linked_list.new small count=10200000 reps=1 sample=2 order=ABC bendA=266000000 bendB=170000000 bendC=0 refA=78906000 refB=55478000 refC=45000 bend_chk=['3417507843', '2339880748', '805401309'] ref_chk=['3417507843', '2339880748', '805401309']
doubly_linked_list.new small count=10200000 reps=1 sample=3 order=CBA bendA=365000000 bendB=219000000 bendC=0 refA=67229000 refB=35661000 refC=6000 bend_chk=['3417507843', '2339880748', '805401309'] ref_chk=['3417507843', '2339880748', '805401309']
doubly_linked_list.new small count=10200000 reps=1 sample=4 order=ABC bendA=277000000 bendB=147000000 bendC=0 refA=68159000 refB=38121000 refC=18000 bend_chk=['3417507843', '2339880748', '805401309'] ref_chk=['3417507843', '2339880748', '805401309']
doubly_linked_list.new small count=10200000 reps=1 sample=5 order=CBA bendA=266000000 bendB=148000000 bendC=0 refA=62096000 refB=31184000 refC=5000 bend_chk=['3417507843', '2339880748', '805401309'] ref_chk=['3417507843', '2339880748', '805401309']
doubly_linked_list.new medium calibrate count=100000 reps=1 bend_delta=1000000ns ref_delta=326000ns bendA=2000000ns
doubly_linked_list.new medium calibrate count=6400000 reps=1 bend_delta=80000000ns ref_delta=19775000ns bendA=161000000ns
doubly_linked_list.new medium calibrate count=12800000 reps=1 bend_delta=162000000ns ref_delta=41884000ns bendA=329000000ns
doubly_linked_list.new medium count=12800000 reps=1 sample=0 order=ABC bendA=332000000 bendB=164000000 bendC=0 refA=79608000 refB=38823000 refC=13000 bend_chk=['2354853528', '74251121', '2674234188'] ref_chk=['2354853528', '74251121', '2674234188']
doubly_linked_list.new medium count=12800000 reps=1 sample=1 order=CBA bendA=359000000 bendB=165000000 bendC=0 refA=80450000 refB=40203000 refC=36000 bend_chk=['2354853528', '74251121', '2674234188'] ref_chk=['2354853528', '74251121', '2674234188']
doubly_linked_list.new medium count=12800000 reps=1 sample=2 order=ABC bendA=339000000 bendB=171000000 bendC=0 refA=77136000 refB=36958000 refC=12000 bend_chk=['2354853528', '74251121', '2674234188'] ref_chk=['2354853528', '74251121', '2674234188']
doubly_linked_list.new medium count=12800000 reps=1 sample=3 order=CBA bendA=335000000 bendB=165000000 bendC=0 refA=80113000 refB=45319000 refC=27000 bend_chk=['2354853528', '74251121', '2674234188'] ref_chk=['2354853528', '74251121', '2674234188']
doubly_linked_list.new medium count=12800000 reps=1 sample=4 order=ABC bendA=365000000 bendB=206000000 bendC=0 refA=88241000 refB=41983000 refC=33000 bend_chk=['2354853528', '74251121', '2674234188'] ref_chk=['2354853528', '74251121', '2674234188']
doubly_linked_list.new medium count=12800000 reps=1 sample=5 order=CBA bendA=324000000 bendB=186000000 bendC=1000000 refA=78552000 refB=40634000 refC=26000 bend_chk=['2354853528', '74251121', '2674234188'] ref_chk=['2354853528', '74251121', '2674234188']
doubly_linked_list.new large calibrate count=50000 reps=1 bend_delta=0ns ref_delta=114000ns bendA=1000000ns
doubly_linked_list.new large calibrate count=3200000 reps=1 bend_delta=44000000ns ref_delta=10248000ns bendA=81000000ns
doubly_linked_list.new large calibrate count=9600000 reps=1 bend_delta=121000000ns ref_delta=35052000ns bendA=267000000ns
doubly_linked_list.new large count=9600000 reps=1 sample=0 order=ABC bendA=282000000 bendB=188000000 bendC=1000000 refA=64808000 refB=31278000 refC=223000 bend_chk=['440785873', '3042083009', '4075137195'] ref_chk=['440785873', '3042083009', '4075137195']
doubly_linked_list.new large count=9600000 reps=1 sample=1 order=CBA bendA=272000000 bendB=123000000 bendC=1000000 refA=61535000 refB=31928000 refC=290000 bend_chk=['440785873', '3042083009', '4075137195'] ref_chk=['440785873', '3042083009', '4075137195']
doubly_linked_list.new large count=9600000 reps=1 sample=2 order=ABC bendA=248000000 bendB=124000000 bendC=1000000 refA=60472000 refB=30393000 refC=202000 bend_chk=['440785873', '3042083009', '4075137195'] ref_chk=['440785873', '3042083009', '4075137195']
doubly_linked_list.new large count=9600000 reps=1 sample=3 order=CBA bendA=251000000 bendB=124000000 bendC=1000000 refA=60870000 refB=30274000 refC=212000 bend_chk=['440785873', '3042083009', '4075137195'] ref_chk=['440785873', '3042083009', '4075137195']
doubly_linked_list.new large count=9600000 reps=1 sample=4 order=ABC bendA=266000000 bendB=126000000 bendC=1000000 refA=62307000 refB=31036000 refC=180000 bend_chk=['440785873', '3042083009', '4075137195'] ref_chk=['440785873', '3042083009', '4075137195']
doubly_linked_list.new large count=9600000 reps=1 sample=5 order=CBA bendA=270000000 bendB=124000000 bendC=1000000 refA=59179000 refB=31258000 refC=210000 bend_chk=['440785873', '3042083009', '4075137195'] ref_chk=['440785873', '3042083009', '4075137195']
binary_heap.push small calibrate count=100000 reps=1 bend_delta=2000000ns ref_delta=1285000ns bendA=4000000ns
binary_heap.push small calibrate count=100000 reps=51 bend_delta=106000000ns ref_delta=55199000ns bendA=195000000ns
binary_heap.push small count=100000 reps=51 sample=0 order=ABC bendA=181000000 bendB=89000000 bendC=0 refA=112716000 refB=69508000 refC=82000 bend_chk=['3291493637', '1713312101', '3682916037'] ref_chk=['3291493637', '1713312101', '3682916037']
binary_heap.push small count=100000 reps=51 sample=1 order=CBA bendA=222000000 bendB=104000000 bendC=0 refA=115797000 refB=62307000 refC=77000 bend_chk=['3291493637', '1713312101', '3682916037'] ref_chk=['3291493637', '1713312101', '3682916037']
binary_heap.push small count=100000 reps=51 sample=2 order=ABC bendA=186000000 bendB=145000000 bendC=0 refA=126938000 refB=58791000 refC=71000 bend_chk=['3291493637', '1713312101', '3682916037'] ref_chk=['3291493637', '1713312101', '3682916037']
binary_heap.push medium calibrate count=50000 reps=1 bend_delta=2000000ns ref_delta=635000ns bendA=3000000ns
binary_heap.push medium calibrate count=50000 reps=51 bend_delta=38000000ns ref_delta=28621000ns bendA=101000000ns
binary_heap.push medium calibrate count=50000 reps=153 bend_delta=130000000ns ref_delta=84033000ns bendA=291000000ns
binary_heap.push medium count=50000 reps=153 sample=0 order=ABC bendA=300000000 bendB=178000000 bendC=34000000 refA=185452000 refB=104439000 refC=17569000 bend_chk=['2531506081', '261552977', '3343382273'] ref_chk=['2531506081', '261552977', '3343382273']
binary_heap.push medium count=50000 reps=153 sample=1 order=CBA bendA=366000000 bendB=162000000 bendC=35000000 refA=192496000 refB=103738000 refC=17632000 bend_chk=['2531506081', '261552977', '3343382273'] ref_chk=['2531506081', '261552977', '3343382273']
binary_heap.push medium count=50000 reps=153 sample=2 order=ABC bendA=338000000 bendB=185000000 bendC=40000000 refA=201463000 refB=103395000 refC=17648000 bend_chk=['2531506081', '261552977', '3343382273'] ref_chk=['2531506081', '261552977', '3343382273']
binary_heap.push medium count=50000 reps=153 sample=3 order=CBA bendA=312000000 bendB=175000000 bendC=34000000 refA=181703000 refB=103217000 refC=17658000 bend_chk=['2531506081', '261552977', '3343382273'] ref_chk=['2531506081', '261552977', '3343382273']
binary_heap.push medium count=50000 reps=153 sample=4 order=ABC bendA=324000000 bendB=167000000 bendC=35000000 refA=194794000 refB=104581000 refC=17602000 bend_chk=['2531506081', '261552977', '3343382273'] ref_chk=['2531506081', '261552977', '3343382273']
binary_heap.push medium count=50000 reps=153 sample=5 order=CBA bendA=305000000 bendB=169000000 bendC=35000000 refA=187996000 refB=103405000 refC=19480000 bend_chk=['2531506081', '261552977', '3343382273'] ref_chk=['2531506081', '261552977', '3343382273']
binary_heap.push large calibrate count=20000 reps=1 bend_delta=1000000ns ref_delta=260000ns bendA=12000000ns
binary_heap.push large calibrate count=131072 reps=1 bend_delta=4000000ns ref_delta=1434000ns bendA=17000000ns
binary_heap.push large calibrate count=131072 reps=26 bend_delta=62000000ns ref_delta=44797000ns bendA=392000000ns
binary_heap.push large calibrate count=131072 reps=52 bend_delta=113000000ns ref_delta=92801000ns bendA=767000000ns
binary_heap.push large count=131072 reps=52 sample=0 order=ABC bendA=824000000 bendB=713000000 bendC=575000000 refA=506671000 refB=385600000 refC=316946000 bend_chk=['2204615576', '45873560', '3936333976'] ref_chk=['2204615576', '45873560', '3936333976']
binary_heap.push large count=131072 reps=52 sample=1 order=CBA bendA=824000000 bendB=699000000 bendC=654000000 refA=478743000 refB=354205000 refC=264388000 bend_chk=['2204615576', '45873560', '3936333976'] ref_chk=['2204615576', '45873560', '3936333976']
binary_heap.push large count=131072 reps=52 sample=2 order=ABC bendA=828000000 bendB=688000000 bendC=571000000 refA=416265000 refB=366027000 refC=277863000 bend_chk=['2204615576', '45873560', '3936333976'] ref_chk=['2204615576', '45873560', '3936333976']
binary_heap.push large count=131072 reps=52 sample=3 order=CBA bendA=843000000 bendB=718000000 bendC=576000000 refA=427092000 refB=351511000 refC=251379000 bend_chk=['2204615576', '45873560', '3936333976'] ref_chk=['2204615576', '45873560', '3936333976']
binary_heap.push large count=131072 reps=52 sample=4 order=ABC bendA=799000000 bendB=703000000 bendC=566000000 refA=441450000 refB=344127000 refC=283983000 bend_chk=['2204615576', '45873560', '3936333976'] ref_chk=['2204615576', '45873560', '3936333976']
binary_heap.push large count=131072 reps=52 sample=5 order=CBA bendA=1314000000 bendB=857000000 bendC=562000000 refA=630146000 refB=539075000 refC=471317000 bend_chk=['2204615576', '45873560', '3936333976'] ref_chk=['2204615576', '45873560', '3936333976']
binary_heap.peek small calibrate count=200000 reps=1 bend_delta=1000000ns ref_delta=310000ns bendA=1000000ns
binary_heap.peek small calibrate count=12800000 reps=1 bend_delta=19000000ns ref_delta=28735000ns bendA=38000000ns
binary_heap.peek small calibrate count=76800000 reps=1 bend_delta=117000000ns ref_delta=266806000ns bendA=222000000ns
binary_heap.peek small count=76800000 reps=1 sample=0 order=ABC bendA=217000000 bendB=103000000 bendC=0 refA=246390000 refB=128560000 refC=2000 bend_chk=['1256476077', '1108569517', '3376582061'] ref_chk=['1256476077', '1108569517', '3376582061']
binary_heap.peek small count=76800000 reps=1 sample=1 order=CBA bendA=211000000 bendB=104000000 bendC=0 refA=308662000 refB=176336000 refC=7000 bend_chk=['1256476077', '1108569517', '3376582061'] ref_chk=['1256476077', '1108569517', '3376582061']
binary_heap.peek small count=76800000 reps=1 sample=2 order=ABC bendA=223000000 bendB=114000000 bendC=0 refA=383767000 refB=160308000 refC=3000 bend_chk=['1256476077', '1108569517', '3376582061'] ref_chk=['1256476077', '1108569517', '3376582061']
binary_heap.peek small count=76800000 reps=1 sample=3 order=CBA bendA=239000000 bendB=124000000 bendC=0 refA=713395000 refB=142476000 refC=7000 bend_chk=['1256476077', '1108569517', '3376582061'] ref_chk=['1256476077', '1108569517', '3376582061']
binary_heap.peek small count=76800000 reps=1 sample=4 order=ABC bendA=222000000 bendB=109000000 bendC=0 refA=334095000 refB=125090000 refC=3000 bend_chk=['1256476077', '1108569517', '3376582061'] ref_chk=['1256476077', '1108569517', '3376582061']
binary_heap.peek small count=76800000 reps=1 sample=5 order=CBA bendA=219000000 bendB=103000000 bendC=0 refA=242907000 refB=114802000 refC=24000 bend_chk=['1256476077', '1108569517', '3376582061'] ref_chk=['1256476077', '1108569517', '3376582061']
binary_heap.peek medium calibrate count=100000 reps=1 bend_delta=1000000ns ref_delta=186000ns bendA=1000000ns
binary_heap.peek medium calibrate count=6400000 reps=1 bend_delta=8000000ns ref_delta=10507000ns bendA=18000000ns
binary_heap.peek medium calibrate count=83200000 reps=1 bend_delta=132000000ns ref_delta=132996000ns bendA=251000000ns
binary_heap.peek medium count=83200000 reps=1 sample=0 order=ABC bendA=243000000 bendB=122000000 bendC=1000000 refA=333572000 refB=119761000 refC=134000 bend_chk=['214070100', '1151404884', '2038408020'] ref_chk=['214070100', '1151404884', '2038408020']
binary_heap.peek medium count=83200000 reps=1 sample=1 order=CBA bendA=220000000 bendB=112000000 bendC=0 refA=254638000 refB=126106000 refC=149000 bend_chk=['214070100', '1151404884', '2038408020'] ref_chk=['214070100', '1151404884', '2038408020']
binary_heap.peek medium count=83200000 reps=1 sample=2 order=ABC bendA=236000000 bendB=138000000 bendC=1000000 refA=383144000 refB=296910000 refC=154000 bend_chk=['214070100', '1151404884', '2038408020'] ref_chk=['214070100', '1151404884', '2038408020']
binary_heap.peek medium count=83200000 reps=1 sample=3 order=CBA bendA=265000000 bendB=131000000 bendC=1000000 refA=294864000 refB=193693000 refC=423000 bend_chk=['214070100', '1151404884', '2038408020'] ref_chk=['214070100', '1151404884', '2038408020']
binary_heap.peek medium count=83200000 reps=1 sample=4 order=ABC bendA=228000000 bendB=124000000 bendC=0 refA=295661000 refB=158032000 refC=134000 bend_chk=['214070100', '1151404884', '2038408020'] ref_chk=['214070100', '1151404884', '2038408020']
binary_heap.peek medium count=83200000 reps=1 sample=5 order=CBA bendA=235000000 bendB=119000000 bendC=1000000 refA=306915000 refB=113645000 refC=143000 bend_chk=['214070100', '1151404884', '2038408020'] ref_chk=['214070100', '1151404884', '2038408020']
binary_heap.peek large calibrate count=50000 reps=1 bend_delta=-4000000ns ref_delta=1438000ns bendA=23000000ns
binary_heap.peek large calibrate count=3200000 reps=1 bend_delta=2000000ns ref_delta=9768000ns bendA=28000000ns
binary_heap.peek large calibrate count=163200000 reps=1 bend_delta=259000000ns ref_delta=646648000ns bendA=517000000ns
binary_heap.peek large count=163200000 reps=1 sample=0 order=ABC bendA=596000000 bendB=252000000 bendC=18000000 refA=592058000 refB=429006000 refC=9269000 bend_chk=['4185380657', '3690847025', '1053024049'] ref_chk=['4185380657', '3690847025', '1053024049']
binary_heap.peek large count=163200000 reps=1 sample=1 order=CBA bendA=460000000 bendB=251000000 bendC=27000000 refA=858899000 refB=540178000 refC=10623000 bend_chk=['4185380657', '3690847025', '1053024049'] ref_chk=['4185380657', '3690847025', '1053024049']
binary_heap.peek large count=163200000 reps=1 sample=2 order=ABC bendA=497000000 bendB=262000000 bendC=11000000 refA=621532000 refB=461508000 refC=11301000 bend_chk=['4185380657', '3690847025', '1053024049'] ref_chk=['4185380657', '3690847025', '1053024049']
binary_heap.peek large count=163200000 reps=1 sample=3 order=CBA bendA=500000000 bendB=264000000 bendC=24000000 refA=686312000 refB=424032000 refC=8194000 bend_chk=['4185380657', '3690847025', '1053024049'] ref_chk=['4185380657', '3690847025', '1053024049']
binary_heap.peek large count=163200000 reps=1 sample=4 order=ABC bendA=473000000 bendB=252000000 bendC=15000000 refA=789971000 refB=489257000 refC=9645000 bend_chk=['4185380657', '3690847025', '1053024049'] ref_chk=['4185380657', '3690847025', '1053024049']
binary_heap.peek large count=163200000 reps=1 sample=5 order=CBA bendA=468000000 bendB=254000000 bendC=24000000 refA=635230000 refB=295803000 refC=10246000 bend_chk=['4185380657', '3690847025', '1053024049'] ref_chk=['4185380657', '3690847025', '1053024049']
binary_heap.length small calibrate count=200000 reps=1 bend_delta=1000000ns ref_delta=889000ns bendA=1000000ns
binary_heap.length small calibrate count=12800000 reps=1 bend_delta=16000000ns ref_delta=57227000ns bendA=35000000ns
binary_heap.length small calibrate count=89600000 reps=1 bend_delta=142000000ns ref_delta=453255000ns bendA=275000000ns
binary_heap.length small count=89600000 reps=1 sample=0 order=ABC bendA=259000000 bendB=125000000 bendC=0 refA=728174000 refB=410769000 refC=2000 bend_chk=['2772755350', '1839199126', '3925541782'] ref_chk=['2772755350', '1839199126', '3925541782']
binary_heap.length small count=89600000 reps=1 sample=1 order=CBA bendA=253000000 bendB=139000000 bendC=0 refA=733029000 refB=368765000 refC=5000 bend_chk=['2772755350', '1839199126', '3925541782'] ref_chk=['2772755350', '1839199126', '3925541782']
binary_heap.length small count=89600000 reps=1 sample=2 order=ABC bendA=247000000 bendB=125000000 bendC=0 refA=693199000 refB=375640000 refC=2000 bend_chk=['2772755350', '1839199126', '3925541782'] ref_chk=['2772755350', '1839199126', '3925541782']
binary_heap.length small count=89600000 reps=1 sample=3 order=CBA bendA=246000000 bendB=124000000 bendC=0 refA=716917000 refB=354947000 refC=5000 bend_chk=['2772755350', '1839199126', '3925541782'] ref_chk=['2772755350', '1839199126', '3925541782']
binary_heap.length small count=89600000 reps=1 sample=4 order=ABC bendA=256000000 bendB=118000000 bendC=0 refA=701329000 refB=354861000 refC=2000 bend_chk=['2772755350', '1839199126', '3925541782'] ref_chk=['2772755350', '1839199126', '3925541782']
binary_heap.length small count=89600000 reps=1 sample=5 order=CBA bendA=243000000 bendB=124000000 bendC=0 refA=711373000 refB=355454000 refC=5000 bend_chk=['2772755350', '1839199126', '3925541782'] ref_chk=['2772755350', '1839199126', '3925541782']
binary_heap.length medium calibrate count=100000 reps=1 bend_delta=0ns ref_delta=428000ns bendA=0ns
binary_heap.length medium calibrate count=6400000 reps=1 bend_delta=10000000ns ref_delta=24505000ns bendA=18000000ns
binary_heap.length medium calibrate count=70400000 reps=1 bend_delta=94000000ns ref_delta=268149000ns bendA=190000000ns
binary_heap.length medium calibrate count=140800000 reps=1 bend_delta=177000000ns ref_delta=600155000ns bendA=374000000ns
binary_heap.length medium count=140800000 reps=1 sample=0 order=ABC bendA=407000000 bendB=211000000 bendC=0 refA=1713296000 refB=805091000 refC=166000 bend_chk=['1059606043', '1104633371', '2827382299'] ref_chk=['1059606043', '1104633371', '2827382299']
binary_heap.length medium count=140800000 reps=1 sample=1 order=CBA bendA=459000000 bendB=255000000 bendC=0 refA=1148436000 refB=649002000 refC=283000 bend_chk=['1059606043', '1104633371', '2827382299'] ref_chk=['1059606043', '1104633371', '2827382299']
binary_heap.length medium count=140800000 reps=1 sample=2 order=ABC bendA=400000000 bendB=185000000 bendC=1000000 refA=1210334000 refB=640705000 refC=150000 bend_chk=['1059606043', '1104633371', '2827382299'] ref_chk=['1059606043', '1104633371', '2827382299']
binary_heap.length medium count=140800000 reps=1 sample=3 order=CBA bendA=415000000 bendB=203000000 bendC=0 refA=1211873000 refB=586511000 refC=197000 bend_chk=['1059606043', '1104633371', '2827382299'] ref_chk=['1059606043', '1104633371', '2827382299']
binary_heap.length medium count=140800000 reps=1 sample=4 order=ABC bendA=410000000 bendB=227000000 bendC=0 refA=1168834000 refB=623000000 refC=278000 bend_chk=['1059606043', '1104633371', '2827382299'] ref_chk=['1059606043', '1104633371', '2827382299']
binary_heap.length medium count=140800000 reps=1 sample=5 order=CBA bendA=401000000 bendB=201000000 bendC=0 refA=1197622000 refB=573302000 refC=173000 bend_chk=['1059606043', '1104633371', '2827382299'] ref_chk=['1059606043', '1104633371', '2827382299']
binary_heap.length large calibrate count=50000 reps=1 bend_delta=1000000ns ref_delta=-455000ns bendA=21000000ns
binary_heap.length large calibrate count=3200000 reps=1 bend_delta=3000000ns ref_delta=11791000ns bendA=29000000ns
binary_heap.length large calibrate count=108800000 reps=1 bend_delta=178000000ns ref_delta=336054000ns bendA=347000000ns
binary_heap.length large count=108800000 reps=1 sample=0 order=ABC bendA=322000000 bendB=179000000 bendC=19000000 refA=912501000 refB=468803000 refC=6058000 bend_chk=['1031612798', '3459096958', '1138628990'] ref_chk=['1031612798', '3459096958', '1138628990']
binary_heap.length large count=108800000 reps=1 sample=1 order=CBA bendA=306000000 bendB=156000000 bendC=13000000 refA=896775000 refB=463810000 refC=7060000 bend_chk=['1031612798', '3459096958', '1138628990'] ref_chk=['1031612798', '3459096958', '1138628990']
binary_heap.length large count=108800000 reps=1 sample=2 order=ABC bendA=334000000 bendB=170000000 bendC=14000000 refA=923938000 refB=451618000 refC=6340000 bend_chk=['1031612798', '3459096958', '1138628990'] ref_chk=['1031612798', '3459096958', '1138628990']
binary_heap.length large count=108800000 reps=1 sample=3 order=CBA bendA=314000000 bendB=160000000 bendC=13000000 refA=766032000 refB=392015000 refC=5729000 bend_chk=['1031612798', '3459096958', '1138628990'] ref_chk=['1031612798', '3459096958', '1138628990']
binary_heap.length large count=108800000 reps=1 sample=4 order=ABC bendA=268000000 bendB=137000000 bendC=10000000 refA=704522000 refB=362202000 refC=5121000 bend_chk=['1031612798', '3459096958', '1138628990'] ref_chk=['1031612798', '3459096958', '1138628990']
binary_heap.length large count=108800000 reps=1 sample=5 order=CBA bendA=250000000 bendB=139000000 bendC=12000000 refA=776268000 refB=350552000 refC=4935000 bend_chk=['1031612798', '3459096958', '1138628990'] ref_chk=['1031612798', '3459096958', '1138628990']
binary_heap.from_list small calibrate count=50000 reps=1 bend_delta=7000000ns ref_delta=4128000ns bendA=13000000ns
binary_heap.from_list small calibrate count=750000 reps=1 bend_delta=131000000ns ref_delta=58553000ns bendA=255000000ns
binary_heap.from_list small count=750000 reps=1 sample=0 order=ABC bendA=269000000 bendB=118000000 bendC=0 refA=129880000 refB=62609000 refC=3000 bend_chk=['2287187823', '4230521327', '4070504559'] ref_chk=['2287187823', '4230521327', '4070504559']
binary_heap.from_list small count=750000 reps=1 sample=1 order=CBA bendA=281000000 bendB=119000000 bendC=0 refA=129990000 refB=66012000 refC=8000 bend_chk=['2287187823', '4230521327', '4070504559'] ref_chk=['2287187823', '4230521327', '4070504559']
binary_heap.from_list small count=750000 reps=1 sample=2 order=ABC bendA=219000000 bendB=142000000 bendC=0 refA=147944000 refB=68751000 refC=2000 bend_chk=['2287187823', '4230521327', '4070504559'] ref_chk=['2287187823', '4230521327', '4070504559']
binary_heap.from_list small count=750000 reps=1 sample=3 order=CBA bendA=307000000 bendB=150000000 bendC=0 refA=123615000 refB=79385000 refC=6000 bend_chk=['2287187823', '4230521327', '4070504559'] ref_chk=['2287187823', '4230521327', '4070504559']
binary_heap.from_list small count=750000 reps=1 sample=4 order=ABC bendA=248000000 bendB=119000000 bendC=0 refA=122321000 refB=56935000 refC=2000 bend_chk=['2287187823', '4230521327', '4070504559'] ref_chk=['2287187823', '4230521327', '4070504559']
binary_heap.from_list small count=750000 reps=1 sample=5 order=CBA bendA=276000000 bendB=113000000 bendC=0 refA=140844000 refB=66760000 refC=15000 bend_chk=['2287187823', '4230521327', '4070504559'] ref_chk=['2287187823', '4230521327', '4070504559']
binary_heap.from_list medium calibrate count=50000 reps=1 bend_delta=9000000ns ref_delta=4785000ns bendA=19000000ns
binary_heap.from_list medium calibrate count=600000 reps=1 bend_delta=75000000ns ref_delta=48259000ns bendA=176000000ns
binary_heap.from_list medium calibrate count=1200000 reps=1 bend_delta=262000000ns ref_delta=109024000ns bendA=461000000ns
binary_heap.from_list medium count=1200000 reps=1 sample=0 order=ABC bendA=508000000 bendB=212000000 bendC=0 refA=252419000 refB=237651000 refC=167000 bend_chk=['1833518984', '665100936', '882995336'] ref_chk=['1833518984', '665100936', '882995336']
binary_heap.from_list medium count=1200000 reps=1 sample=1 order=CBA bendA=375000000 bendB=189000000 bendC=1000000 refA=212430000 refB=108784000 refC=182000 bend_chk=['1833518984', '665100936', '882995336'] ref_chk=['1833518984', '665100936', '882995336']
binary_heap.from_list medium count=1200000 reps=1 sample=2 order=ABC bendA=325000000 bendB=157000000 bendC=1000000 refA=186537000 refB=255099000 refC=138000 bend_chk=['1833518984', '665100936', '882995336'] ref_chk=['1833518984', '665100936', '882995336']
binary_heap.from_list large calibrate count=20000 reps=1 bend_delta=4000000ns ref_delta=2896000ns bendA=29000000ns
binary_heap.from_list large calibrate count=520000 reps=1 bend_delta=97000000ns ref_delta=33080000ns bendA=216000000ns
binary_heap.from_list large calibrate count=1040000 reps=1 bend_delta=111000000ns ref_delta=-71743000ns bendA=283000000ns
binary_heap.to_sorted_list small calibrate count=2000 reps=1 bend_delta=1000000ns ref_delta=1478000ns bendA=4000000ns
binary_heap.to_sorted_list small calibrate count=128000 reps=1 bend_delta=166000000ns ref_delta=100607000ns bendA=314000000ns
binary_heap.to_sorted_list small count=128000 reps=1 sample=0 order=ABC bendA=290000000 bendB=143000000 bendC=0 refA=189067000 refB=95406000 refC=1000 bend_chk=['1499556536', '2095083192', '161444536'] ref_chk=['1499556536', '2095083192', '161444536']
binary_heap.to_sorted_list small count=128000 reps=1 sample=1 order=CBA bendA=292000000 bendB=156000000 bendC=1000000 refA=179395000 refB=94320000 refC=5000 bend_chk=['1499556536', '2095083192', '161444536'] ref_chk=['1499556536', '2095083192', '161444536']
binary_heap.to_sorted_list small count=128000 reps=1 sample=2 order=ABC bendA=294000000 bendB=174000000 bendC=0 refA=190476000 refB=91789000 refC=2000 bend_chk=['1499556536', '2095083192', '161444536'] ref_chk=['1499556536', '2095083192', '161444536']
binary_heap.to_sorted_list small count=128000 reps=1 sample=3 order=CBA bendA=295000000 bendB=147000000 bendC=0 refA=171084000 refB=89987000 refC=6000 bend_chk=['1499556536', '2095083192', '161444536'] ref_chk=['1499556536', '2095083192', '161444536']
binary_heap.to_sorted_list small count=128000 reps=1 sample=4 order=ABC bendA=253000000 bendB=121000000 bendC=0 refA=150481000 refB=73200000 refC=0 bend_chk=['1499556536', '2095083192', '161444536'] ref_chk=['1499556536', '2095083192', '161444536']
binary_heap.to_sorted_list small count=128000 reps=1 sample=5 order=CBA bendA=230000000 bendB=114000000 bendC=0 refA=144776000 refB=73642000 refC=4000 bend_chk=['1499556536', '2095083192', '161444536'] ref_chk=['1499556536', '2095083192', '161444536']
binary_heap.to_sorted_list medium calibrate count=100 reps=1 bend_delta=13000000ns ref_delta=6332000ns bendA=28000000ns
binary_heap.to_sorted_list medium calibrate count=800 reps=1 bend_delta=107000000ns ref_delta=51334000ns bendA=219000000ns
binary_heap.to_sorted_list medium count=800 reps=1 sample=0 order=ABC bendA=206000000 bendB=103000000 bendC=0 refA=98582000 refB=49316000 refC=77000 bend_chk=['1184802665', '4292707977', '2413786537'] ref_chk=['1184802665', '4292707977', '2413786537']
binary_heap.to_sorted_list medium count=800 reps=1 sample=1 order=CBA bendA=211000000 bendB=103000000 bendC=0 refA=104068000 refB=54288000 refC=113000 bend_chk=['1184802665', '4292707977', '2413786537'] ref_chk=['1184802665', '4292707977', '2413786537']
binary_heap.to_sorted_list medium count=800 reps=1 sample=2 order=ABC bendA=205000000 bendB=113000000 bendC=0 refA=99066000 refB=49278000 refC=85000 bend_chk=['1184802665', '4292707977', '2413786537'] ref_chk=['1184802665', '4292707977', '2413786537']
binary_heap.to_sorted_list medium count=800 reps=1 sample=3 order=CBA bendA=208000000 bendB=104000000 bendC=0 refA=98226000 refB=49122000 refC=114000 bend_chk=['1184802665', '4292707977', '2413786537'] ref_chk=['1184802665', '4292707977', '2413786537']
binary_heap.to_sorted_list medium count=800 reps=1 sample=4 order=ABC bendA=199000000 bendB=98000000 bendC=0 refA=92831000 refB=47642000 refC=75000 bend_chk=['1184802665', '4292707977', '2413786537'] ref_chk=['1184802665', '4292707977', '2413786537']
binary_heap.to_sorted_list medium count=800 reps=1 sample=5 order=CBA bendA=194000000 bendB=100000000 bendC=0 refA=99154000 refB=46047000 refC=106000 bend_chk=['1184802665', '4292707977', '2413786537'] ref_chk=['1184802665', '4292707977', '2413786537']
binary_heap.to_sorted_list large calibrate count=5 reps=1 bend_delta=43000000ns ref_delta=18291000ns bendA=93000000ns
binary_heap.to_sorted_list large calibrate count=15 reps=1 bend_delta=108000000ns ref_delta=50793000ns bendA=232000000ns
binary_heap.to_sorted_list large count=15 reps=1 sample=0 order=ABC bendA=225000000 bendB=117000000 bendC=9000000 refA=112692000 refB=59216000 refC=4702000 bend_chk=['3188394364', '804040545', '3507073754'] ref_chk=['3188394364', '804040545', '3507073754']
binary_heap.to_sorted_list large count=15 reps=1 sample=1 order=CBA bendA=226000000 bendB=119000000 bendC=10000000 refA=109123000 refB=57255000 refC=4734000 bend_chk=['3188394364', '804040545', '3507073754'] ref_chk=['3188394364', '804040545', '3507073754']
binary_heap.to_sorted_list large count=15 reps=1 sample=2 order=ABC bendA=226000000 bendB=117000000 bendC=9000000 refA=109675000 refB=57886000 refC=4613000 bend_chk=['3188394364', '804040545', '3507073754'] ref_chk=['3188394364', '804040545', '3507073754']
binary_heap.to_sorted_list large count=15 reps=1 sample=3 order=CBA bendA=227000000 bendB=118000000 bendC=10000000 refA=110459000 refB=57677000 refC=4719000 bend_chk=['3188394364', '804040545', '3507073754'] ref_chk=['3188394364', '804040545', '3507073754']
binary_heap.to_sorted_list large count=15 reps=1 sample=4 order=ABC bendA=233000000 bendB=120000000 bendC=10000000 refA=112053000 refB=59438000 refC=4726000 bend_chk=['3188394364', '804040545', '3507073754'] ref_chk=['3188394364', '804040545', '3507073754']
binary_heap.to_sorted_list large count=15 reps=1 sample=5 order=CBA bendA=232000000 bendB=121000000 bendC=10000000 refA=111017000 refB=56148000 refC=4587000 bend_chk=['3188394364', '804040545', '3507073754'] ref_chk=['3188394364', '804040545', '3507073754']
binary_heap.pop small calibrate count=100000 reps=1 bend_delta=3000000ns ref_delta=1299000ns bendA=7000000ns
binary_heap.pop small calibrate count=3400000 reps=1 bend_delta=119000000ns ref_delta=63827000ns bendA=246000000ns
binary_heap.pop small count=3400000 reps=1 sample=0 order=ABC bendA=256000000 bendB=127000000 bendC=0 refA=99052000 refB=52084000 refC=1000 bend_chk=['2455391041', '3292690015', '3736051309'] ref_chk=['2455391041', '3292690015', '3736051309']
binary_heap.pop small count=3400000 reps=1 sample=1 order=CBA bendA=247000000 bendB=127000000 bendC=0 refA=114781000 refB=53933000 refC=4000 bend_chk=['2455391041', '3292690015', '3736051309'] ref_chk=['2455391041', '3292690015', '3736051309']
binary_heap.pop small count=3400000 reps=1 sample=2 order=ABC bendA=256000000 bendB=126000000 bendC=0 refA=93001000 refB=46564000 refC=0 bend_chk=['2455391041', '3292690015', '3736051309'] ref_chk=['2455391041', '3292690015', '3736051309']
binary_heap.pop small count=3400000 reps=1 sample=3 order=CBA bendA=248000000 bendB=126000000 bendC=0 refA=102769000 refB=49716000 refC=4000 bend_chk=['2455391041', '3292690015', '3736051309'] ref_chk=['2455391041', '3292690015', '3736051309']
binary_heap.pop small count=3400000 reps=1 sample=4 order=ABC bendA=254000000 bendB=127000000 bendC=0 refA=116100000 refB=59477000 refC=1000 bend_chk=['2455391041', '3292690015', '3736051309'] ref_chk=['2455391041', '3292690015', '3736051309']
binary_heap.pop small count=3400000 reps=1 sample=5 order=CBA bendA=260000000 bendB=127000000 bendC=0 refA=114867000 refB=56445000 refC=4000 bend_chk=['2455391041', '3292690015', '3736051309'] ref_chk=['2455391041', '3292690015', '3736051309']
binary_heap.pop medium calibrate count=50000 reps=1 bend_delta=4000000ns ref_delta=1687000ns bendA=8000000ns
binary_heap.pop medium calibrate count=1300000 reps=1 bend_delta=103000000ns ref_delta=42931000ns bendA=206000000ns
binary_heap.pop medium count=1300000 reps=1 sample=0 order=ABC bendA=202000000 bendB=100000000 bendC=0 refA=82755000 refB=41959000 refC=81000 bend_chk=['1851351298', '2707895690', '845739224'] ref_chk=['1851351298', '2707895690', '845739224']
binary_heap.pop medium count=1300000 reps=1 sample=1 order=CBA bendA=197000000 bendB=98000000 bendC=0 refA=85204000 refB=41335000 refC=103000 bend_chk=['1851351298', '2707895690', '845739224'] ref_chk=['1851351298', '2707895690', '845739224']
binary_heap.pop medium count=1300000 reps=1 sample=2 order=ABC bendA=198000000 bendB=98000000 bendC=0 refA=81673000 refB=41389000 refC=77000 bend_chk=['1851351298', '2707895690', '845739224'] ref_chk=['1851351298', '2707895690', '845739224']
binary_heap.pop medium count=1300000 reps=1 sample=3 order=CBA bendA=195000000 bendB=97000000 bendC=0 refA=81434000 refB=41022000 refC=101000 bend_chk=['1851351298', '2707895690', '845739224'] ref_chk=['1851351298', '2707895690', '845739224']
binary_heap.pop medium count=1300000 reps=1 sample=4 order=ABC bendA=195000000 bendB=99000000 bendC=0 refA=82294000 refB=41248000 refC=77000 bend_chk=['1851351298', '2707895690', '845739224'] ref_chk=['1851351298', '2707895690', '845739224']
binary_heap.pop medium count=1300000 reps=1 sample=5 order=CBA bendA=196000000 bendB=97000000 bendC=0 refA=81964000 refB=41075000 refC=101000 bend_chk=['1851351298', '2707895690', '845739224'] ref_chk=['1851351298', '2707895690', '845739224']
binary_heap.pop large calibrate count=20000 reps=1 bend_delta=2000000ns ref_delta=858000ns bendA=13000000ns
binary_heap.pop large calibrate count=1020000 reps=1 bend_delta=121000000ns ref_delta=46707000ns bendA=240000000ns
binary_heap.pop large count=1020000 reps=1 sample=0 order=ABC bendA=244000000 bendB=121000000 bendC=9000000 refA=98311000 refB=51893000 refC=4525000 bend_chk=['849319106', '3177234479', '4221631455'] ref_chk=['849319106', '3177234479', '4221631455']
binary_heap.pop large count=1020000 reps=1 sample=1 order=CBA bendA=237000000 bendB=120000000 bendC=9000000 refA=99269000 refB=51981000 refC=4608000 bend_chk=['849319106', '3177234479', '4221631455'] ref_chk=['849319106', '3177234479', '4221631455']
binary_heap.pop large count=1020000 reps=1 sample=2 order=ABC bendA=244000000 bendB=120000000 bendC=9000000 refA=97374000 refB=51214000 refC=4410000 bend_chk=['849319106', '3177234479', '4221631455'] ref_chk=['849319106', '3177234479', '4221631455']
binary_heap.pop large count=1020000 reps=1 sample=3 order=CBA bendA=237000000 bendB=120000000 bendC=9000000 refA=99234000 refB=51668000 refC=4583000 bend_chk=['849319106', '3177234479', '4221631455'] ref_chk=['849319106', '3177234479', '4221631455']
binary_heap.pop large count=1020000 reps=1 sample=4 order=ABC bendA=244000000 bendB=122000000 bendC=9000000 refA=98133000 refB=51867000 refC=4522000 bend_chk=['849319106', '3177234479', '4221631455'] ref_chk=['849319106', '3177234479', '4221631455']
binary_heap.pop large count=1020000 reps=1 sample=5 order=CBA bendA=237000000 bendB=119000000 bendC=10000000 refA=97739000 refB=51221000 refC=4545000 bend_chk=['849319106', '3177234479', '4221631455'] ref_chk=['849319106', '3177234479', '4221631455']
binary_heap.new small calibrate count=200000 reps=1 bend_delta=1000000ns ref_delta=510000ns bendA=1000000ns
binary_heap.new small calibrate count=12800000 reps=1 bend_delta=46000000ns ref_delta=32295000ns bendA=93000000ns
binary_heap.new small calibrate count=38400000 reps=1 bend_delta=90000000ns ref_delta=97204000ns bendA=204000000ns
binary_heap.new small calibrate count=76800000 reps=1 bend_delta=217000000ns ref_delta=185835000ns bendA=440000000ns
binary_heap.new small count=76800000 reps=1 sample=0 order=ABC bendA=421000000 bendB=230000000 bendC=0 refA=423669000 refB=200296000 refC=2000 bend_chk=['2229419136', '2764233856', '346258560'] ref_chk=['2229419136', '2764233856', '346258560']
binary_heap.new small count=76800000 reps=1 sample=1 order=CBA bendA=600000000 bendB=233000000 bendC=0 refA=406161000 refB=212353000 refC=7000 bend_chk=['2229419136', '2764233856', '346258560'] ref_chk=['2229419136', '2764233856', '346258560']
binary_heap.new small count=76800000 reps=1 sample=2 order=ABC bendA=427000000 bendB=217000000 bendC=0 refA=412906000 refB=200649000 refC=1000 bend_chk=['2229419136', '2764233856', '346258560'] ref_chk=['2229419136', '2764233856', '346258560']
binary_heap.new small count=76800000 reps=1 sample=3 order=CBA bendA=473000000 bendB=229000000 bendC=0 refA=397039000 refB=208977000 refC=7000 bend_chk=['2229419136', '2764233856', '346258560'] ref_chk=['2229419136', '2764233856', '346258560']
binary_heap.new small count=76800000 reps=1 sample=4 order=ABC bendA=422000000 bendB=237000000 bendC=0 refA=417147000 refB=195280000 refC=1000 bend_chk=['2229419136', '2764233856', '346258560'] ref_chk=['2229419136', '2764233856', '346258560']
binary_heap.new small count=76800000 reps=1 sample=5 order=CBA bendA=481000000 bendB=227000000 bendC=0 refA=402369000 refB=212590000 refC=5000 bend_chk=['2229419136', '2764233856', '346258560'] ref_chk=['2229419136', '2764233856', '346258560']
binary_heap.new medium calibrate count=200000 reps=1 bend_delta=0ns ref_delta=524000ns bendA=1000000ns
binary_heap.new medium calibrate count=12800000 reps=1 bend_delta=33000000ns ref_delta=32821000ns bendA=69000000ns
binary_heap.new medium calibrate count=51200000 reps=1 bend_delta=122000000ns ref_delta=146534000ns bendA=280000000ns
binary_heap.new medium count=51200000 reps=1 sample=0 order=ABC bendA=281000000 bendB=200000000 bendC=0 refA=274879000 refB=132374000 refC=100000 bend_chk=['1174150079', '798809023', '1497209791'] ref_chk=['1174150079', '798809023', '1497209791']
binary_heap.new medium count=51200000 reps=1 sample=1 order=CBA bendA=314000000 bendB=144000000 bendC=0 refA=266315000 refB=139631000 refC=112000 bend_chk=['1174150079', '798809023', '1497209791'] ref_chk=['1174150079', '798809023', '1497209791']
binary_heap.new medium count=51200000 reps=1 sample=2 order=ABC bendA=283000000 bendB=201000000 bendC=0 refA=275937000 refB=132736000 refC=76000 bend_chk=['1174150079', '798809023', '1497209791'] ref_chk=['1174150079', '798809023', '1497209791']
binary_heap.new medium count=51200000 reps=1 sample=3 order=CBA bendA=399000000 bendB=152000000 bendC=0 refA=266457000 refB=140021000 refC=111000 bend_chk=['1174150079', '798809023', '1497209791'] ref_chk=['1174150079', '798809023', '1497209791']
binary_heap.new medium count=51200000 reps=1 sample=4 order=ABC bendA=291000000 bendB=154000000 bendC=0 refA=282129000 refB=135350000 refC=77000 bend_chk=['1174150079', '798809023', '1497209791'] ref_chk=['1174150079', '798809023', '1497209791']
binary_heap.new medium count=51200000 reps=1 sample=5 order=CBA bendA=314000000 bendB=155000000 bendC=0 refA=268996000 refB=140016000 refC=112000 bend_chk=['1174150079', '798809023', '1497209791'] ref_chk=['1174150079', '798809023', '1497209791']
binary_heap.new large calibrate count=50000 reps=1 bend_delta=1000000ns ref_delta=210000ns bendA=10000000ns
binary_heap.new large calibrate count=3200000 reps=1 bend_delta=9000000ns ref_delta=7965000ns bendA=26000000ns
binary_heap.new large calibrate count=38400000 reps=1 bend_delta=100000000ns ref_delta=104276000ns bendA=217000000ns
binary_heap.new large count=38400000 reps=1 sample=0 order=ABC bendA=220000000 bendB=117000000 bendC=10000000 refA=212788000 refB=103612000 refC=4500000 bend_chk=['1263746276', '1050152164', '2782715108'] ref_chk=['1263746276', '1050152164', '2782715108']
binary_heap.new large count=38400000 reps=1 sample=1 order=CBA bendA=223000000 bendB=119000000 bendC=10000000 refA=204199000 refB=108400000 refC=5020000 bend_chk=['1263746276', '1050152164', '2782715108'] ref_chk=['1263746276', '1050152164', '2782715108']
binary_heap.new large count=38400000 reps=1 sample=2 order=ABC bendA=255000000 bendB=135000000 bendC=10000000 refA=205567000 refB=102817000 refC=4429000 bend_chk=['1263746276', '1050152164', '2782715108'] ref_chk=['1263746276', '1050152164', '2782715108']
binary_heap.new large count=38400000 reps=1 sample=3 order=CBA bendA=221000000 bendB=111000000 bendC=9000000 refA=204523000 refB=110566000 refC=4987000 bend_chk=['1263746276', '1050152164', '2782715108'] ref_chk=['1263746276', '1050152164', '2782715108']
binary_heap.new large count=38400000 reps=1 sample=4 order=ABC bendA=216000000 bendB=118000000 bendC=10000000 refA=206589000 refB=102218000 refC=4456000 bend_chk=['1263746276', '1050152164', '2782715108'] ref_chk=['1263746276', '1050152164', '2782715108']
binary_heap.new large count=38400000 reps=1 sample=5 order=CBA bendA=244000000 bendB=115000000 bendC=10000000 refA=206595000 refB=110326000 refC=5006000 bend_chk=['1263746276', '1050152164', '2782715108'] ref_chk=['1263746276', '1050152164', '2782715108']
balanced_search_tree.insert small calibrate count=100000 reps=1 bend_delta=4000000ns ref_delta=2649000ns bendA=8000000ns
balanced_search_tree.insert small calibrate count=100000 reps=26 bend_delta=108000000ns ref_delta=70191000ns bendA=211000000ns
balanced_search_tree.insert small count=100000 reps=26 sample=0 order=ABC bendA=235000000 bendB=117000000 bendC=0 refA=145137000 refB=74190000 refC=72000 bend_chk=['2769490636', '782227420', '2568489844'] ref_chk=['2769490636', '782227420', '2568489844']
balanced_search_tree.insert small count=100000 reps=26 sample=1 order=CBA bendA=230000000 bendB=112000000 bendC=0 refA=150096000 refB=75576000 refC=81000 bend_chk=['2769490636', '782227420', '2568489844'] ref_chk=['2769490636', '782227420', '2568489844']
balanced_search_tree.insert small count=100000 reps=26 sample=2 order=ABC bendA=234000000 bendB=118000000 bendC=1000000 refA=150249000 refB=74522000 refC=71000 bend_chk=['2769490636', '782227420', '2568489844'] ref_chk=['2769490636', '782227420', '2568489844']
balanced_search_tree.insert small count=100000 reps=26 sample=3 order=CBA bendA=229000000 bendB=114000000 bendC=0 refA=143817000 refB=74341000 refC=88000 bend_chk=['2769490636', '782227420', '2568489844'] ref_chk=['2769490636', '782227420', '2568489844']
balanced_search_tree.insert small count=100000 reps=26 sample=4 order=ABC bendA=220000000 bendB=111000000 bendC=0 refA=143964000 refB=72387000 refC=74000 bend_chk=['2769490636', '782227420', '2568489844'] ref_chk=['2769490636', '782227420', '2568489844']
balanced_search_tree.insert small count=100000 reps=26 sample=5 order=CBA bendA=224000000 bendB=112000000 bendC=1000000 refA=144197000 refB=72868000 refC=77000 bend_chk=['2769490636', '782227420', '2568489844'] ref_chk=['2769490636', '782227420', '2568489844']
balanced_search_tree.insert medium calibrate count=50000 reps=1 bend_delta=4000000ns ref_delta=3558000ns bendA=9000000ns
balanced_search_tree.insert medium calibrate count=50000 reps=26 bend_delta=98000000ns ref_delta=85665000ns bendA=217000000ns
balanced_search_tree.insert medium calibrate count=50000 reps=52 bend_delta=198000000ns ref_delta=177860000ns bendA=443000000ns
balanced_search_tree.insert medium count=50000 reps=52 sample=0 order=ABC bendA=444000000 bendB=240000000 bendC=31000000 refA=381890000 refB=205594000 refC=16746000 bend_chk=['3716708254', '2264571203', '10276615'] ref_chk=['3716708254', '2264571203', '10276615']
balanced_search_tree.insert medium count=50000 reps=52 sample=1 order=CBA bendA=456000000 bendB=240000000 bendC=31000000 refA=617536000 refB=234600000 refC=17880000 bend_chk=['3716708254', '2264571203', '10276615'] ref_chk=['3716708254', '2264571203', '10276615']
balanced_search_tree.insert medium count=50000 reps=52 sample=2 order=ABC bendA=555000000 bendB=318000000 bendC=47000000 refA=531272000 refB=245644000 refC=19484000 bend_chk=['3716708254', '2264571203', '10276615'] ref_chk=['3716708254', '2264571203', '10276615']
balanced_search_tree.insert medium count=50000 reps=52 sample=3 order=CBA bendA=487000000 bendB=272000000 bendC=35000000 refA=398256000 refB=222814000 refC=18716000 bend_chk=['3716708254', '2264571203', '10276615'] ref_chk=['3716708254', '2264571203', '10276615']
balanced_search_tree.insert medium count=50000 reps=52 sample=4 order=ABC bendA=437000000 bendB=236000000 bendC=31000000 refA=376973000 refB=208080000 refC=17165000 bend_chk=['3716708254', '2264571203', '10276615'] ref_chk=['3716708254', '2264571203', '10276615']
balanced_search_tree.insert medium count=50000 reps=52 sample=5 order=CBA bendA=431000000 bendB=236000000 bendC=31000000 refA=422018000 refB=206471000 refC=17718000 bend_chk=['3716708254', '2264571203', '10276615'] ref_chk=['3716708254', '2264571203', '10276615']
balanced_search_tree.insert large calibrate count=20000 reps=1 bend_delta=6000000ns ref_delta=17883000ns bendA=42000000ns
balanced_search_tree.insert large calibrate count=131072 reps=1 bend_delta=26000000ns ref_delta=23994000ns bendA=106000000ns
balanced_search_tree.insert large calibrate count=131072 reps=4 bend_delta=95000000ns ref_delta=109676000ns bendA=333000000ns
balanced_search_tree.insert large calibrate count=131072 reps=8 bend_delta=200000000ns ref_delta=173300000ns bendA=676000000ns
balanced_search_tree.insert large count=131072 reps=8 sample=0 order=ABC bendA=675000000 bendB=438000000 bendC=266000000 refA=492542000 refB=312735000 refC=151396000 bend_chk=['439411288', '3705733475', '3218025349'] ref_chk=['439411288', '3705733475', '3218025349']
balanced_search_tree.insert large count=131072 reps=8 sample=1 order=CBA bendA=641000000 bendB=439000000 bendC=267000000 refA=496795000 refB=359887000 refC=155251000 bend_chk=['439411288', '3705733475', '3218025349'] ref_chk=['439411288', '3705733475', '3218025349']
balanced_search_tree.insert large count=131072 reps=8 sample=2 order=ABC bendA=669000000 bendB=431000000 bendC=264000000 refA=492788000 refB=318500000 refC=153027000 bend_chk=['439411288', '3705733475', '3218025349'] ref_chk=['439411288', '3705733475', '3218025349']
balanced_search_tree.insert large count=131072 reps=8 sample=3 order=CBA bendA=624000000 bendB=448000000 bendC=273000000 refA=479830000 refB=328713000 refC=155972000 bend_chk=['439411288', '3705733475', '3218025349'] ref_chk=['439411288', '3705733475', '3218025349']
balanced_search_tree.insert large count=131072 reps=8 sample=4 order=ABC bendA=681000000 bendB=449000000 bendC=258000000 refA=498965000 refB=326787000 refC=153835000 bend_chk=['439411288', '3705733475', '3218025349'] ref_chk=['439411288', '3705733475', '3218025349']
balanced_search_tree.insert large count=131072 reps=8 sample=5 order=CBA bendA=631000000 bendB=459000000 bendC=270000000 refA=483886000 refB=321221000 refC=155150000 bend_chk=['439411288', '3705733475', '3218025349'] ref_chk=['439411288', '3705733475', '3218025349']
balanced_search_tree.remove small calibrate count=100000 reps=1 bend_delta=21000000ns ref_delta=5975000ns bendA=43000000ns
balanced_search_tree.remove small calibrate count=500000 reps=1 bend_delta=114000000ns ref_delta=29962000ns bendA=226000000ns
balanced_search_tree.remove small count=500000 reps=1 sample=0 order=ABC bendA=226000000 bendB=113000000 bendC=0 refA=60395000 refB=30095000 refC=3000 bend_chk=['404718811', '2330941284', '2349881160'] ref_chk=['404718811', '2330941284', '2349881160']
balanced_search_tree.remove small count=500000 reps=1 sample=1 order=CBA bendA=227000000 bendB=113000000 bendC=0 refA=60446000 refB=30411000 refC=6000 bend_chk=['404718811', '2330941284', '2349881160'] ref_chk=['404718811', '2330941284', '2349881160']
balanced_search_tree.remove small count=500000 reps=1 sample=2 order=ABC bendA=227000000 bendB=112000000 bendC=0 refA=60309000 refB=30083000 refC=3000 bend_chk=['404718811', '2330941284', '2349881160'] ref_chk=['404718811', '2330941284', '2349881160']
balanced_search_tree.remove small count=500000 reps=1 sample=3 order=CBA bendA=227000000 bendB=113000000 bendC=0 refA=60244000 refB=30289000 refC=7000 bend_chk=['404718811', '2330941284', '2349881160'] ref_chk=['404718811', '2330941284', '2349881160']
balanced_search_tree.remove small count=500000 reps=1 sample=4 order=ABC bendA=226000000 bendB=113000000 bendC=0 refA=60461000 refB=30172000 refC=3000 bend_chk=['404718811', '2330941284', '2349881160'] ref_chk=['404718811', '2330941284', '2349881160']
balanced_search_tree.remove small count=500000 reps=1 sample=5 order=CBA bendA=226000000 bendB=113000000 bendC=0 refA=60228000 refB=30422000 refC=6000 bend_chk=['404718811', '2330941284', '2349881160'] ref_chk=['404718811', '2330941284', '2349881160']
balanced_search_tree.remove medium calibrate count=50000 reps=1 bend_delta=15000000ns ref_delta=6647000ns bendA=32000000ns
balanced_search_tree.remove medium calibrate count=350000 reps=1 bend_delta=111000000ns ref_delta=46097000ns bendA=223000000ns
balanced_search_tree.remove medium count=350000 reps=1 sample=0 order=ABC bendA=226000000 bendB=113000000 bendC=0 refA=92321000 refB=46318000 refC=345000 bend_chk=['1451624436', '2623701941', '1364242581'] ref_chk=['1451624436', '2623701941', '1364242581']
balanced_search_tree.remove medium count=350000 reps=1 sample=1 order=CBA bendA=220000000 bendB=112000000 bendC=0 refA=89143000 refB=45917000 refC=371000 bend_chk=['1451624436', '2623701941', '1364242581'] ref_chk=['1451624436', '2623701941', '1364242581']
balanced_search_tree.remove medium count=350000 reps=1 sample=2 order=ABC bendA=234000000 bendB=112000000 bendC=1000000 refA=92574000 refB=46149000 refC=331000 bend_chk=['1451624436', '2623701941', '1364242581'] ref_chk=['1451624436', '2623701941', '1364242581']
balanced_search_tree.remove medium count=350000 reps=1 sample=3 order=CBA bendA=218000000 bendB=108000000 bendC=0 refA=89123000 refB=44831000 refC=362000 bend_chk=['1451624436', '2623701941', '1364242581'] ref_chk=['1451624436', '2623701941', '1364242581']
balanced_search_tree.remove medium count=350000 reps=1 sample=4 order=ABC bendA=240000000 bendB=124000000 bendC=1000000 refA=98503000 refB=47770000 refC=350000 bend_chk=['1451624436', '2623701941', '1364242581'] ref_chk=['1451624436', '2623701941', '1364242581']
balanced_search_tree.remove medium count=350000 reps=1 sample=5 order=CBA bendA=222000000 bendB=112000000 bendC=1000000 refA=92758000 refB=46616000 refC=364000 bend_chk=['1451624436', '2623701941', '1364242581'] ref_chk=['1451624436', '2623701941', '1364242581']
balanced_search_tree.remove large calibrate count=20000 reps=1 bend_delta=11000000ns ref_delta=5323000ns bendA=52000000ns
balanced_search_tree.remove large calibrate count=200000 reps=1 bend_delta=131000000ns ref_delta=47617000ns bendA=272000000ns
balanced_search_tree.remove large count=200000 reps=1 sample=0 order=ABC bendA=278000000 bendB=132000000 bendC=34000000 refA=131911000 refB=66778000 refC=19319000 bend_chk=['1478148580', '1823511971', '1533360996'] ref_chk=['1478148580', '1823511971', '1533360996']
balanced_search_tree.remove large count=200000 reps=1 sample=1 order=CBA bendA=242000000 bendB=141000000 bendC=35000000 refA=116357000 refB=69274000 refC=19533000 bend_chk=['1478148580', '1823511971', '1533360996'] ref_chk=['1478148580', '1823511971', '1533360996']
balanced_search_tree.remove large count=200000 reps=1 sample=2 order=ABC bendA=240000000 bendB=128000000 bendC=31000000 refA=116540000 refB=79190000 refC=20554000 bend_chk=['1478148580', '1823511971', '1533360996'] ref_chk=['1478148580', '1823511971', '1533360996']
balanced_search_tree.remove large count=200000 reps=1 sample=3 order=CBA bendA=245000000 bendB=143000000 bendC=32000000 refA=118971000 refB=66934000 refC=19514000 bend_chk=['1478148580', '1823511971', '1533360996'] ref_chk=['1478148580', '1823511971', '1533360996']
balanced_search_tree.remove large count=200000 reps=1 sample=4 order=ABC bendA=252000000 bendB=132000000 bendC=29000000 refA=123464000 refB=68669000 refC=19395000 bend_chk=['1478148580', '1823511971', '1533360996'] ref_chk=['1478148580', '1823511971', '1533360996']
balanced_search_tree.remove large count=200000 reps=1 sample=5 order=CBA bendA=229000000 bendB=128000000 bendC=31000000 refA=120916000 refB=69219000 refC=19824000 bend_chk=['1478148580', '1823511971', '1533360996'] ref_chk=['1478148580', '1823511971', '1533360996']
balanced_search_tree.lookup small calibrate count=100000 reps=1 bend_delta=3000000ns ref_delta=1870000ns bendA=7000000ns
balanced_search_tree.lookup small calibrate count=3400000 reps=1 bend_delta=121000000ns ref_delta=60659000ns bendA=240000000ns
balanced_search_tree.lookup small count=3400000 reps=1 sample=0 order=ABC bendA=237000000 bendB=118000000 bendC=0 refA=119774000 refB=58820000 refC=3000 bend_chk=['2488060464', '3783012159', '3090885738'] ref_chk=['2488060464', '3783012159', '3090885738']
balanced_search_tree.lookup small count=3400000 reps=1 sample=1 order=CBA bendA=236000000 bendB=116000000 bendC=0 refA=119151000 refB=61118000 refC=7000 bend_chk=['2488060464', '3783012159', '3090885738'] ref_chk=['2488060464', '3783012159', '3090885738']
balanced_search_tree.lookup small count=3400000 reps=1 sample=2 order=ABC bendA=235000000 bendB=119000000 bendC=0 refA=118821000 refB=59126000 refC=4000 bend_chk=['2488060464', '3783012159', '3090885738'] ref_chk=['2488060464', '3783012159', '3090885738']
balanced_search_tree.lookup small count=3400000 reps=1 sample=3 order=CBA bendA=237000000 bendB=116000000 bendC=0 refA=120586000 refB=63749000 refC=6000 bend_chk=['2488060464', '3783012159', '3090885738'] ref_chk=['2488060464', '3783012159', '3090885738']
balanced_search_tree.lookup small count=3400000 reps=1 sample=4 order=ABC bendA=237000000 bendB=122000000 bendC=0 refA=118878000 refB=58762000 refC=4000 bend_chk=['2488060464', '3783012159', '3090885738'] ref_chk=['2488060464', '3783012159', '3090885738']
balanced_search_tree.lookup small count=3400000 reps=1 sample=5 order=CBA bendA=238000000 bendB=116000000 bendC=0 refA=119596000 refB=60297000 refC=7000 bend_chk=['2488060464', '3783012159', '3090885738'] ref_chk=['2488060464', '3783012159', '3090885738']
balanced_search_tree.lookup medium calibrate count=50000 reps=1 bend_delta=4000000ns ref_delta=2162000ns bendA=8000000ns
balanced_search_tree.lookup medium calibrate count=1300000 reps=1 bend_delta=90000000ns ref_delta=51625000ns bendA=190000000ns
balanced_search_tree.lookup medium calibrate count=2600000 reps=1 bend_delta=181000000ns ref_delta=207349000ns bendA=372000000ns
balanced_search_tree.lookup medium count=2600000 reps=1 sample=0 order=ABC bendA=610000000 bendB=300000000 bendC=1000000 refA=343833000 refB=171269000 refC=530000 bend_chk=['2664953736', '2387801162', '1476481780'] ref_chk=['2664953736', '2387801162', '1476481780']
balanced_search_tree.lookup medium count=2600000 reps=1 sample=1 order=CBA bendA=617000000 bendB=265000000 bendC=1000000 refA=371790000 refB=167861000 refC=548000 bend_chk=['2664953736', '2387801162', '1476481780'] ref_chk=['2664953736', '2387801162', '1476481780']
balanced_search_tree.lookup medium count=2600000 reps=1 sample=2 order=ABC bendA=539000000 bendB=251000000 bendC=0 refA=328959000 refB=158017000 refC=549000 bend_chk=['2664953736', '2387801162', '1476481780'] ref_chk=['2664953736', '2387801162', '1476481780']
balanced_search_tree.lookup medium count=2600000 reps=1 sample=3 order=CBA bendA=491000000 bendB=253000000 bendC=1000000 refA=364252000 refB=148718000 refC=481000 bend_chk=['2664953736', '2387801162', '1476481780'] ref_chk=['2664953736', '2387801162', '1476481780']
balanced_search_tree.lookup medium count=2600000 reps=1 sample=4 order=ABC bendA=495000000 bendB=231000000 bendC=1000000 refA=289276000 refB=148424000 refC=468000 bend_chk=['2664953736', '2387801162', '1476481780'] ref_chk=['2664953736', '2387801162', '1476481780']
balanced_search_tree.lookup medium count=2600000 reps=1 sample=5 order=CBA bendA=496000000 bendB=246000000 bendC=1000000 refA=284618000 refB=141608000 refC=449000 bend_chk=['2664953736', '2387801162', '1476481780'] ref_chk=['2664953736', '2387801162', '1476481780']
balanced_search_tree.lookup large calibrate count=20000 reps=1 bend_delta=8000000ns ref_delta=2508000ns bendA=51000000ns
balanced_search_tree.lookup large calibrate count=260000 reps=1 bend_delta=56000000ns ref_delta=34978000ns bendA=147000000ns
balanced_search_tree.lookup large calibrate count=520000 reps=1 bend_delta=133000000ns ref_delta=87724000ns bendA=347000000ns
balanced_search_tree.lookup large count=520000 reps=1 sample=0 order=ABC bendA=362000000 bendB=215000000 bendC=53000000 refA=165638000 refB=91491000 refC=25190000 bend_chk=['2214228233', '1697732939', '2942194806'] ref_chk=['2214228233', '1697732939', '2942194806']
balanced_search_tree.lookup large count=520000 reps=1 sample=1 order=CBA bendA=242000000 bendB=156000000 bendC=44000000 refA=167245000 refB=90535000 refC=28422000 bend_chk=['2214228233', '1697732939', '2942194806'] ref_chk=['2214228233', '1697732939', '2942194806']
balanced_search_tree.lookup large count=520000 reps=1 sample=2 order=ABC bendA=287000000 bendB=159000000 bendC=52000000 refA=148018000 refB=76606000 refC=20736000 bend_chk=['2214228233', '1697732939', '2942194806'] ref_chk=['2214228233', '1697732939', '2942194806']
balanced_search_tree.lookup large count=520000 reps=1 sample=3 order=CBA bendA=198000000 bendB=111000000 bendC=35000000 refA=120220000 refB=75864000 refC=21652000 bend_chk=['2214228233', '1697732939', '2942194806'] ref_chk=['2214228233', '1697732939', '2942194806']
balanced_search_tree.lookup large count=520000 reps=1 sample=4 order=ABC bendA=194000000 bendB=107000000 bendC=32000000 refA=125181000 refB=69779000 refC=19301000 bend_chk=['2214228233', '1697732939', '2942194806'] ref_chk=['2214228233', '1697732939', '2942194806']
balanced_search_tree.lookup large count=520000 reps=1 sample=5 order=CBA bendA=171000000 bendB=100000000 bendC=32000000 refA=113391000 refB=70438000 refC=19644000 bend_chk=['2214228233', '1697732939', '2942194806'] ref_chk=['2214228233', '1697732939', '2942194806']
balanced_search_tree.contains small calibrate count=100000 reps=1 bend_delta=3000000ns ref_delta=1948000ns bendA=6000000ns
balanced_search_tree.contains small calibrate count=3400000 reps=1 bend_delta=108000000ns ref_delta=63232000ns bendA=212000000ns
balanced_search_tree.contains small count=3400000 reps=1 sample=0 order=ABC bendA=217000000 bendB=115000000 bendC=0 refA=139253000 refB=67419000 refC=4000 bend_chk=['2331701515', '1688673052', '1175663994'] ref_chk=['2331701515', '1688673052', '1175663994']
balanced_search_tree.contains small count=3400000 reps=1 sample=1 order=CBA bendA=236000000 bendB=119000000 bendC=0 refA=134057000 refB=69273000 refC=8000 bend_chk=['2331701515', '1688673052', '1175663994'] ref_chk=['2331701515', '1688673052', '1175663994']
balanced_search_tree.contains small count=3400000 reps=1 sample=2 order=ABC bendA=232000000 bendB=146000000 bendC=0 refA=144792000 refB=72281000 refC=4000 bend_chk=['2331701515', '1688673052', '1175663994'] ref_chk=['2331701515', '1688673052', '1175663994']
balanced_search_tree.contains small count=3400000 reps=1 sample=3 order=CBA bendA=238000000 bendB=120000000 bendC=0 refA=137683000 refB=70031000 refC=7000 bend_chk=['2331701515', '1688673052', '1175663994'] ref_chk=['2331701515', '1688673052', '1175663994']
balanced_search_tree.contains small count=3400000 reps=1 sample=4 order=ABC bendA=232000000 bendB=116000000 bendC=0 refA=138279000 refB=68291000 refC=3000 bend_chk=['2331701515', '1688673052', '1175663994'] ref_chk=['2331701515', '1688673052', '1175663994']
balanced_search_tree.contains small count=3400000 reps=1 sample=5 order=CBA bendA=231000000 bendB=114000000 bendC=0 refA=137945000 refB=71669000 refC=6000 bend_chk=['2331701515', '1688673052', '1175663994'] ref_chk=['2331701515', '1688673052', '1175663994']
balanced_search_tree.contains medium calibrate count=50000 reps=1 bend_delta=4000000ns ref_delta=2211000ns bendA=8000000ns
balanced_search_tree.contains medium calibrate count=1300000 reps=1 bend_delta=87000000ns ref_delta=54256000ns bendA=175000000ns
balanced_search_tree.contains medium calibrate count=2600000 reps=1 bend_delta=168000000ns ref_delta=111060000ns bendA=338000000ns
balanced_search_tree.contains medium count=2600000 reps=1 sample=0 order=ABC bendA=347000000 bendB=170000000 bendC=1000000 refA=214321000 refB=105379000 refC=343000 bend_chk=['824292657', '52629784', '3990104664'] ref_chk=['824292657', '52629784', '3990104664']
balanced_search_tree.contains medium count=2600000 reps=1 sample=1 order=CBA bendA=334000000 bendB=164000000 bendC=0 refA=217720000 refB=110073000 refC=359000 bend_chk=['824292657', '52629784', '3990104664'] ref_chk=['824292657', '52629784', '3990104664']
balanced_search_tree.contains medium count=2600000 reps=1 sample=2 order=ABC bendA=339000000 bendB=171000000 bendC=0 refA=216923000 refB=109199000 refC=372000 bend_chk=['824292657', '52629784', '3990104664'] ref_chk=['824292657', '52629784', '3990104664']
balanced_search_tree.contains medium count=2600000 reps=1 sample=3 order=CBA bendA=338000000 bendB=167000000 bendC=1000000 refA=214737000 refB=108719000 refC=344000 bend_chk=['824292657', '52629784', '3990104664'] ref_chk=['824292657', '52629784', '3990104664']
balanced_search_tree.contains medium count=2600000 reps=1 sample=4 order=ABC bendA=340000000 bendB=171000000 bendC=1000000 refA=216747000 refB=105272000 refC=329000 bend_chk=['824292657', '52629784', '3990104664'] ref_chk=['824292657', '52629784', '3990104664']
balanced_search_tree.contains medium count=2600000 reps=1 sample=5 order=CBA bendA=344000000 bendB=172000000 bendC=1000000 refA=215332000 refB=111028000 refC=361000 bend_chk=['824292657', '52629784', '3990104664'] ref_chk=['824292657', '52629784', '3990104664']
balanced_search_tree.contains large calibrate count=20000 reps=1 bend_delta=7000000ns ref_delta=1545000ns bendA=41000000ns
balanced_search_tree.contains large calibrate count=300000 reps=1 bend_delta=48000000ns ref_delta=28908000ns bendA=119000000ns
balanced_search_tree.contains large calibrate count=900000 reps=1 bend_delta=144000000ns ref_delta=87508000ns bendA=302000000ns
balanced_search_tree.contains large count=900000 reps=1 sample=0 order=ABC bendA=349000000 bendB=173000000 bendC=36000000 refA=205318000 refB=110680000 refC=19086000 bend_chk=['1125456247', '2914030915', '20993913'] ref_chk=['1125456247', '2914030915', '20993913']
balanced_search_tree.contains large count=900000 reps=1 sample=1 order=CBA bendA=286000000 bendB=162000000 bendC=32000000 refA=196919000 refB=111804000 refC=20481000 bend_chk=['1125456247', '2914030915', '20993913'] ref_chk=['1125456247', '2914030915', '20993913']
balanced_search_tree.contains large count=900000 reps=1 sample=2 order=ABC bendA=290000000 bendB=201000000 bendC=32000000 refA=236104000 refB=133926000 refC=20960000 bend_chk=['1125456247', '2914030915', '20993913'] ref_chk=['1125456247', '2914030915', '20993913']
balanced_search_tree.contains large count=900000 reps=1 sample=3 order=CBA bendA=288000000 bendB=203000000 bendC=41000000 refA=190123000 refB=107104000 refC=20231000 bend_chk=['1125456247', '2914030915', '20993913'] ref_chk=['1125456247', '2914030915', '20993913']
balanced_search_tree.contains large count=900000 reps=1 sample=4 order=ABC bendA=291000000 bendB=179000000 bendC=33000000 refA=211766000 refB=112487000 refC=19784000 bend_chk=['1125456247', '2914030915', '20993913'] ref_chk=['1125456247', '2914030915', '20993913']
balanced_search_tree.contains large count=900000 reps=1 sample=5 order=CBA bendA=336000000 bendB=151000000 bendC=33000000 refA=208455000 refB=110519000 refC=22887000 bend_chk=['1125456247', '2914030915', '20993913'] ref_chk=['1125456247', '2914030915', '20993913']
balanced_search_tree.min small calibrate count=200000 reps=1 bend_delta=1000000ns ref_delta=324000ns bendA=1000000ns
balanced_search_tree.min small calibrate count=12800000 reps=1 bend_delta=17000000ns ref_delta=21125000ns bendA=34000000ns
balanced_search_tree.min small calibrate count=76800000 reps=1 bend_delta=106000000ns ref_delta=120313000ns bendA=205000000ns
balanced_search_tree.min small count=76800000 reps=1 sample=0 order=ABC bendA=209000000 bendB=104000000 bendC=0 refA=265826000 refB=136851000 refC=6000 bend_chk=['2191356967', '168891431', '1636086823'] ref_chk=['2191356967', '168891431', '1636086823']
balanced_search_tree.min small count=76800000 reps=1 sample=1 order=CBA bendA=211000000 bendB=108000000 bendC=0 refA=254689000 refB=126434000 refC=7000 bend_chk=['2191356967', '168891431', '1636086823'] ref_chk=['2191356967', '168891431', '1636086823']
balanced_search_tree.min small count=76800000 reps=1 sample=2 order=ABC bendA=205000000 bendB=101000000 bendC=0 refA=245377000 refB=126550000 refC=5000 bend_chk=['2191356967', '168891431', '1636086823'] ref_chk=['2191356967', '168891431', '1636086823']
balanced_search_tree.min small count=76800000 reps=1 sample=3 order=CBA bendA=198000000 bendB=104000000 bendC=0 refA=255265000 refB=118759000 refC=6000 bend_chk=['2191356967', '168891431', '1636086823'] ref_chk=['2191356967', '168891431', '1636086823']
balanced_search_tree.min small count=76800000 reps=1 sample=4 order=ABC bendA=200000000 bendB=97000000 bendC=0 refA=238041000 refB=124302000 refC=4000 bend_chk=['2191356967', '168891431', '1636086823'] ref_chk=['2191356967', '168891431', '1636086823']
balanced_search_tree.min small count=76800000 reps=1 sample=5 order=CBA bendA=198000000 bendB=103000000 bendC=0 refA=246243000 refB=118899000 refC=6000 bend_chk=['2191356967', '168891431', '1636086823'] ref_chk=['2191356967', '168891431', '1636086823']
balanced_search_tree.min medium calibrate count=100000 reps=1 bend_delta=0ns ref_delta=476000ns bendA=1000000ns
balanced_search_tree.min medium calibrate count=6400000 reps=1 bend_delta=8000000ns ref_delta=27154000ns bendA=18000000ns
balanced_search_tree.min medium calibrate count=83200000 reps=1 bend_delta=111000000ns ref_delta=300924000ns bendA=217000000ns
balanced_search_tree.min medium count=83200000 reps=1 sample=0 order=ABC bendA=242000000 bendB=118000000 bendC=0 refA=688393000 refB=387592000 refC=370000 bend_chk=['2044000687', '3997659567', '867821999'] ref_chk=['2044000687', '3997659567', '867821999']
balanced_search_tree.min medium count=83200000 reps=1 sample=1 order=CBA bendA=230000000 bendB=117000000 bendC=1000000 refA=701045000 refB=345662000 refC=387000 bend_chk=['2044000687', '3997659567', '867821999'] ref_chk=['2044000687', '3997659567', '867821999']
balanced_search_tree.min medium count=83200000 reps=1 sample=2 order=ABC bendA=231000000 bendB=114000000 bendC=0 refA=712743000 refB=311888000 refC=323000 bend_chk=['2044000687', '3997659567', '867821999'] ref_chk=['2044000687', '3997659567', '867821999']
balanced_search_tree.min medium count=83200000 reps=1 sample=3 order=CBA bendA=213000000 bendB=110000000 bendC=1000000 refA=604153000 refB=298735000 refC=358000 bend_chk=['2044000687', '3997659567', '867821999'] ref_chk=['2044000687', '3997659567', '867821999']
balanced_search_tree.min medium count=83200000 reps=1 sample=4 order=ABC bendA=213000000 bendB=106000000 bendC=0 refA=594378000 refB=297804000 refC=318000 bend_chk=['2044000687', '3997659567', '867821999'] ref_chk=['2044000687', '3997659567', '867821999']
balanced_search_tree.min medium count=83200000 reps=1 sample=5 order=CBA bendA=211000000 bendB=106000000 bendC=1000000 refA=595498000 refB=329917000 refC=333000 bend_chk=['2044000687', '3997659567', '867821999'] ref_chk=['2044000687', '3997659567', '867821999']
balanced_search_tree.min large calibrate count=50000 reps=1 bend_delta=0ns ref_delta=657000ns bendA=32000000ns
balanced_search_tree.min large calibrate count=3200000 reps=1 bend_delta=2000000ns ref_delta=19910000ns bendA=38000000ns
balanced_search_tree.min large calibrate count=163200000 reps=1 bend_delta=208000000ns ref_delta=894648000ns bendA=447000000ns
balanced_search_tree.min large count=163200000 reps=1 sample=0 order=ABC bendA=442000000 bendB=258000000 bendC=30000000 refA=2088113000 refB=1201498000 refC=21971000 bend_chk=['189451842', '836592194', '1303377474'] ref_chk=['189451842', '836592194', '1303377474']
balanced_search_tree.min large count=163200000 reps=1 sample=1 order=CBA bendA=479000000 bendB=273000000 bendC=43000000 refA=2182635000 refB=1064617000 refC=19277000 bend_chk=['189451842', '836592194', '1303377474'] ref_chk=['189451842', '836592194', '1303377474']
balanced_search_tree.min large count=163200000 reps=1 sample=2 order=ABC bendA=448000000 bendB=229000000 bendC=25000000 refA=2013546000 refB=959354000 refC=19213000 bend_chk=['189451842', '836592194', '1303377474'] ref_chk=['189451842', '836592194', '1303377474']
balanced_search_tree.min large count=163200000 reps=1 sample=3 order=CBA bendA=429000000 bendB=232000000 bendC=32000000 refA=1893666000 refB=1017783000 refC=18088000 bend_chk=['189451842', '836592194', '1303377474'] ref_chk=['189451842', '836592194', '1303377474']
balanced_search_tree.min large count=163200000 reps=1 sample=4 order=ABC bendA=431000000 bendB=228000000 bendC=26000000 refA=1921288000 refB=971237000 refC=17569000 bend_chk=['189451842', '836592194', '1303377474'] ref_chk=['189451842', '836592194', '1303377474']
balanced_search_tree.min large count=163200000 reps=1 sample=5 order=CBA bendA=432000000 bendB=228000000 bendC=25000000 refA=1911116000 refB=950100000 refC=17784000 bend_chk=['189451842', '836592194', '1303377474'] ref_chk=['189451842', '836592194', '1303377474']
balanced_search_tree.max small calibrate count=200000 reps=1 bend_delta=-1000000ns ref_delta=304000ns bendA=0ns
balanced_search_tree.max small calibrate count=12800000 reps=1 bend_delta=15000000ns ref_delta=19040000ns bendA=31000000ns
balanced_search_tree.max small calibrate count=89600000 reps=1 bend_delta=111000000ns ref_delta=133623000ns bendA=223000000ns
balanced_search_tree.max small count=89600000 reps=1 sample=0 order=ABC bendA=221000000 bendB=110000000 bendC=0 refA=401658000 refB=199416000 refC=2000 bend_chk=['2758592719', '3112900815', '1386834127'] ref_chk=['2758592719', '3112900815', '1386834127']
balanced_search_tree.max small count=89600000 reps=1 sample=1 order=CBA bendA=219000000 bendB=112000000 bendC=0 refA=266972000 refB=133822000 refC=5000 bend_chk=['2758592719', '3112900815', '1386834127'] ref_chk=['2758592719', '3112900815', '1386834127']
balanced_search_tree.max small count=89600000 reps=1 sample=2 order=ABC bendA=223000000 bendB=110000000 bendC=0 refA=266507000 refB=133453000 refC=3000 bend_chk=['2758592719', '3112900815', '1386834127'] ref_chk=['2758592719', '3112900815', '1386834127']
balanced_search_tree.max small count=89600000 reps=1 sample=3 order=CBA bendA=219000000 bendB=112000000 bendC=0 refA=266807000 refB=135267000 refC=7000 bend_chk=['2758592719', '3112900815', '1386834127'] ref_chk=['2758592719', '3112900815', '1386834127']
balanced_search_tree.max small count=89600000 reps=1 sample=4 order=ABC bendA=218000000 bendB=110000000 bendC=0 refA=269081000 refB=133846000 refC=2000 bend_chk=['2758592719', '3112900815', '1386834127'] ref_chk=['2758592719', '3112900815', '1386834127']
balanced_search_tree.max small count=89600000 reps=1 sample=5 order=CBA bendA=219000000 bendB=113000000 bendC=0 refA=267047000 refB=133362000 refC=5000 bend_chk=['2758592719', '3112900815', '1386834127'] ref_chk=['2758592719', '3112900815', '1386834127']
balanced_search_tree.max medium calibrate count=100000 reps=1 bend_delta=0ns ref_delta=270000ns bendA=1000000ns
balanced_search_tree.max medium calibrate count=6400000 reps=1 bend_delta=9000000ns ref_delta=12161000ns bendA=17000000ns
balanced_search_tree.max medium calibrate count=76800000 reps=1 bend_delta=94000000ns ref_delta=174976000ns bendA=189000000ns
balanced_search_tree.max medium calibrate count=153600000 reps=1 bend_delta=186000000ns ref_delta=338297000ns bendA=375000000ns
balanced_search_tree.max medium count=153600000 reps=1 sample=0 order=ABC bendA=377000000 bendB=195000000 bendC=1000000 refA=794995000 refB=346619000 refC=319000 bend_chk=['3930095757', '1286062221', '4010737805'] ref_chk=['3930095757', '1286062221', '4010737805']
balanced_search_tree.max medium count=153600000 reps=1 sample=1 order=CBA bendA=383000000 bendB=191000000 bendC=0 refA=701495000 refB=345897000 refC=332000 bend_chk=['3930095757', '1286062221', '4010737805'] ref_chk=['3930095757', '1286062221', '4010737805']
balanced_search_tree.max medium count=153600000 reps=1 sample=2 order=ABC bendA=381000000 bendB=188000000 bendC=1000000 refA=754110000 refB=404414000 refC=335000 bend_chk=['3930095757', '1286062221', '4010737805'] ref_chk=['3930095757', '1286062221', '4010737805']
balanced_search_tree.max medium count=153600000 reps=1 sample=3 order=CBA bendA=406000000 bendB=204000000 bendC=1000000 refA=767824000 refB=379240000 refC=332000 bend_chk=['3930095757', '1286062221', '4010737805'] ref_chk=['3930095757', '1286062221', '4010737805']
balanced_search_tree.max medium count=153600000 reps=1 sample=4 order=ABC bendA=451000000 bendB=222000000 bendC=1000000 refA=897337000 refB=452606000 refC=384000 bend_chk=['3930095757', '1286062221', '4010737805'] ref_chk=['3930095757', '1286062221', '4010737805']
balanced_search_tree.max medium count=153600000 reps=1 sample=5 order=CBA bendA=743000000 bendB=271000000 bendC=0 refA=1541962000 refB=606171000 refC=465000 bend_chk=['3930095757', '1286062221', '4010737805'] ref_chk=['3930095757', '1286062221', '4010737805']
balanced_search_tree.max large calibrate count=50000 reps=1 bend_delta=31000000ns ref_delta=-1812000ns bendA=109000000ns
balanced_search_tree.max large calibrate count=3200000 reps=1 bend_delta=70000000ns ref_delta=91485000ns bendA=152000000ns
balanced_search_tree.max large calibrate count=6400000 reps=1 bend_delta=-89000000ns ref_delta=194087000ns bendA=284000000ns
balanced_search_tree.max large calibrate count=409600000 reps=1 bend_delta=1188000000ns ref_delta=1889453000ns bendA=2066000000ns
balanced_search_tree.max large count=409600000 reps=1 sample=0 order=ABC bendA=1111000000 bendB=553000000 bendC=27000000 refA=5635099000 refB=2714690000 refC=27640000 bend_chk=['4091178882', '2597351298', '1103523714'] ref_chk=['4091178882', '2597351298', '1103523714']
balanced_search_tree.max large count=409600000 reps=1 sample=1 order=CBA bendA=1481000000 bendB=939000000 bendC=58000000 refA=4217603000 refB=2372127000 refC=23199000 bend_chk=['4091178882', '2597351298', '1103523714'] ref_chk=['4091178882', '2597351298', '1103523714']
balanced_search_tree.max large count=409600000 reps=1 sample=2 order=ABC bendA=1145000000 bendB=551000000 bendC=27000000 refA=4009584000 refB=2049569000 refC=18520000 bend_chk=['4091178882', '2597351298', '1103523714'] ref_chk=['4091178882', '2597351298', '1103523714']
balanced_search_tree.max large count=409600000 reps=1 sample=3 order=CBA bendA=1065000000 bendB=539000000 bendC=29000000 refA=4168289000 refB=2097040000 refC=21289000 bend_chk=['4091178882', '2597351298', '1103523714'] ref_chk=['4091178882', '2597351298', '1103523714']
balanced_search_tree.max large count=409600000 reps=1 sample=4 order=ABC bendA=1064000000 bendB=555000000 bendC=26000000 refA=4024509000 refB=2027625000 refC=17917000 bend_chk=['4091178882', '2597351298', '1103523714'] ref_chk=['4091178882', '2597351298', '1103523714']
balanced_search_tree.max large count=409600000 reps=1 sample=5 order=CBA bendA=1071000000 bendB=545000000 bendC=29000000 refA=4047849000 refB=2104236000 refC=18786000 bend_chk=['4091178882', '2597351298', '1103523714'] ref_chk=['4091178882', '2597351298', '1103523714']
balanced_search_tree.lower_bound small calibrate count=100000 reps=1 bend_delta=4000000ns ref_delta=1768000ns bendA=7000000ns
balanced_search_tree.lower_bound small calibrate count=2600000 reps=1 bend_delta=85000000ns ref_delta=44655000ns bendA=170000000ns
balanced_search_tree.lower_bound small calibrate count=5200000 reps=1 bend_delta=172000000ns ref_delta=89399000ns bendA=341000000ns
balanced_search_tree.lower_bound small count=5200000 reps=1 sample=0 order=ABC bendA=338000000 bendB=169000000 bendC=0 refA=177535000 refB=88418000 refC=3000 bend_chk=['1738614762', '382781923', '1074875469'] ref_chk=['1738614762', '382781923', '1074875469']
balanced_search_tree.lower_bound small count=5200000 reps=1 sample=1 order=CBA bendA=340000000 bendB=170000000 bendC=0 refA=178056000 refB=88685000 refC=6000 bend_chk=['1738614762', '382781923', '1074875469'] ref_chk=['1738614762', '382781923', '1074875469']
balanced_search_tree.lower_bound small count=5200000 reps=1 sample=2 order=ABC bendA=338000000 bendB=169000000 bendC=0 refA=180000000 refB=89197000 refC=3000 bend_chk=['1738614762', '382781923', '1074875469'] ref_chk=['1738614762', '382781923', '1074875469']
balanced_search_tree.lower_bound small count=5200000 reps=1 sample=3 order=CBA bendA=340000000 bendB=170000000 bendC=0 refA=177017000 refB=88837000 refC=5000 bend_chk=['1738614762', '382781923', '1074875469'] ref_chk=['1738614762', '382781923', '1074875469']
balanced_search_tree.lower_bound small count=5200000 reps=1 sample=4 order=ABC bendA=339000000 bendB=172000000 bendC=0 refA=177457000 refB=88532000 refC=2000 bend_chk=['1738614762', '382781923', '1074875469'] ref_chk=['1738614762', '382781923', '1074875469']
balanced_search_tree.lower_bound small count=5200000 reps=1 sample=5 order=CBA bendA=339000000 bendB=169000000 bendC=0 refA=177295000 refB=89048000 refC=5000 bend_chk=['1738614762', '382781923', '1074875469'] ref_chk=['1738614762', '382781923', '1074875469']
balanced_search_tree.lower_bound medium calibrate count=50000 reps=1 bend_delta=3000000ns ref_delta=1983000ns bendA=7000000ns
balanced_search_tree.lower_bound medium calibrate count=1700000 reps=1 bend_delta=106000000ns ref_delta=64627000ns bendA=215000000ns
balanced_search_tree.lower_bound medium count=1700000 reps=1 sample=0 order=ABC bendA=214000000 bendB=108000000 bendC=0 refA=128813000 refB=64918000 refC=312000 bend_chk=['358419248', '1398789638', '1430903323'] ref_chk=['358419248', '1398789638', '1430903323']
balanced_search_tree.lower_bound medium count=1700000 reps=1 sample=1 order=CBA bendA=209000000 bendB=106000000 bendC=1000000 refA=129160000 refB=64482000 refC=340000 bend_chk=['358419248', '1398789638', '1430903323'] ref_chk=['358419248', '1398789638', '1430903323']
balanced_search_tree.lower_bound medium count=1700000 reps=1 sample=2 order=ABC bendA=212000000 bendB=108000000 bendC=0 refA=129189000 refB=64361000 refC=312000 bend_chk=['358419248', '1398789638', '1430903323'] ref_chk=['358419248', '1398789638', '1430903323']
balanced_search_tree.lower_bound medium count=1700000 reps=1 sample=3 order=CBA bendA=208000000 bendB=106000000 bendC=0 refA=128283000 refB=64309000 refC=322000 bend_chk=['358419248', '1398789638', '1430903323'] ref_chk=['358419248', '1398789638', '1430903323']
balanced_search_tree.lower_bound medium count=1700000 reps=1 sample=4 order=ABC bendA=210000000 bendB=105000000 bendC=0 refA=129830000 refB=64291000 refC=312000 bend_chk=['358419248', '1398789638', '1430903323'] ref_chk=['358419248', '1398789638', '1430903323']
balanced_search_tree.lower_bound medium count=1700000 reps=1 sample=5 order=CBA bendA=209000000 bendB=106000000 bendC=0 refA=128921000 refB=65383000 refC=330000 bend_chk=['358419248', '1398789638', '1430903323'] ref_chk=['358419248', '1398789638', '1430903323']
balanced_search_tree.lower_bound large calibrate count=20000 reps=1 bend_delta=6000000ns ref_delta=1884000ns bendA=33000000ns
balanced_search_tree.lower_bound large calibrate count=340000 reps=1 bend_delta=44000000ns ref_delta=30840000ns bendA=111000000ns
balanced_search_tree.lower_bound large calibrate count=1020000 reps=1 bend_delta=130000000ns ref_delta=88380000ns bendA=281000000ns
balanced_search_tree.lower_bound large count=1020000 reps=1 sample=0 order=ABC bendA=293000000 bendB=229000000 bendC=26000000 refA=192251000 refB=105822000 refC=17642000 bend_chk=['1955692157', '1722581556', '4221619607'] ref_chk=['1955692157', '1722581556', '4221619607']
balanced_search_tree.lower_bound large count=1020000 reps=1 sample=1 order=CBA bendA=296000000 bendB=161000000 bendC=27000000 refA=207043000 refB=108143000 refC=17807000 bend_chk=['1955692157', '1722581556', '4221619607'] ref_chk=['1955692157', '1722581556', '4221619607']
balanced_search_tree.lower_bound large count=1020000 reps=1 sample=2 order=ABC bendA=279000000 bendB=152000000 bendC=25000000 refA=189780000 refB=112705000 refC=18413000 bend_chk=['1955692157', '1722581556', '4221619607'] ref_chk=['1955692157', '1722581556', '4221619607']
balanced_search_tree.lower_bound large count=1020000 reps=1 sample=3 order=CBA bendA=297000000 bendB=157000000 bendC=25000000 refA=207295000 refB=103798000 refC=17818000 bend_chk=['1955692157', '1722581556', '4221619607'] ref_chk=['1955692157', '1722581556', '4221619607']
balanced_search_tree.lower_bound large count=1020000 reps=1 sample=4 order=ABC bendA=493000000 bendB=223000000 bendC=33000000 refA=213627000 refB=115632000 refC=19252000 bend_chk=['1955692157', '1722581556', '4221619607'] ref_chk=['1955692157', '1722581556', '4221619607']
balanced_search_tree.lower_bound large count=1020000 reps=1 sample=5 order=CBA bendA=390000000 bendB=207000000 bendC=33000000 refA=208336000 refB=138730000 refC=19194000 bend_chk=['1955692157', '1722581556', '4221619607'] ref_chk=['1955692157', '1722581556', '4221619607']
balanced_search_tree.range small calibrate count=2000 reps=1 bend_delta=1000000ns ref_delta=72000ns bendA=1000000ns
balanced_search_tree.range small calibrate count=128000 reps=1 bend_delta=19000000ns ref_delta=3995000ns bendA=37000000ns
balanced_search_tree.range small calibrate count=768000 reps=1 bend_delta=112000000ns ref_delta=24209000ns bendA=224000000ns
balanced_search_tree.range small count=768000 reps=1 sample=0 order=ABC bendA=222000000 bendB=114000000 bendC=0 refA=46809000 refB=23257000 refC=2000 bend_chk=['4213667669', '1577161179', '386872262'] ref_chk=['4213667669', '1577161179', '386872262']
balanced_search_tree.range small count=768000 reps=1 sample=1 order=CBA bendA=223000000 bendB=111000000 bendC=0 refA=48302000 refB=23788000 refC=5000 bend_chk=['4213667669', '1577161179', '386872262'] ref_chk=['4213667669', '1577161179', '386872262']
balanced_search_tree.range small count=768000 reps=1 sample=2 order=ABC bendA=225000000 bendB=113000000 bendC=0 refA=47848000 refB=24102000 refC=3000 bend_chk=['4213667669', '1577161179', '386872262'] ref_chk=['4213667669', '1577161179', '386872262']
balanced_search_tree.range small count=768000 reps=1 sample=3 order=CBA bendA=226000000 bendB=114000000 bendC=0 refA=46372000 refB=23154000 refC=6000 bend_chk=['4213667669', '1577161179', '386872262'] ref_chk=['4213667669', '1577161179', '386872262']
balanced_search_tree.range small count=768000 reps=1 sample=4 order=ABC bendA=222000000 bendB=111000000 bendC=0 refA=46995000 refB=23591000 refC=3000 bend_chk=['4213667669', '1577161179', '386872262'] ref_chk=['4213667669', '1577161179', '386872262']
balanced_search_tree.range small count=768000 reps=1 sample=5 order=CBA bendA=222000000 bendB=111000000 bendC=0 refA=46766000 refB=23126000 refC=5000 bend_chk=['4213667669', '1577161179', '386872262'] ref_chk=['4213667669', '1577161179', '386872262']
balanced_search_tree.range medium calibrate count=300 reps=1 bend_delta=2000000ns ref_delta=303000ns bendA=6000000ns
balanced_search_tree.range medium calibrate count=15300 reps=1 bend_delta=113000000ns ref_delta=12042000ns bendA=238000000ns
balanced_search_tree.range medium count=15300 reps=1 sample=0 order=ABC bendA=244000000 bendB=124000000 bendC=0 refA=24702000 refB=12558000 refC=304000 bend_chk=['302587200', '1866637072', '3506201311'] ref_chk=['302587200', '1866637072', '3506201311']
balanced_search_tree.range medium count=15300 reps=1 sample=1 order=CBA bendA=238000000 bendB=119000000 bendC=1000000 refA=24938000 refB=12905000 refC=324000 bend_chk=['302587200', '1866637072', '3506201311'] ref_chk=['302587200', '1866637072', '3506201311']
balanced_search_tree.range medium count=15300 reps=1 sample=2 order=ABC bendA=247000000 bendB=125000000 bendC=0 refA=25020000 refB=12629000 refC=301000 bend_chk=['302587200', '1866637072', '3506201311'] ref_chk=['302587200', '1866637072', '3506201311']
balanced_search_tree.range medium count=15300 reps=1 sample=3 order=CBA bendA=243000000 bendB=124000000 bendC=0 refA=24736000 refB=12717000 refC=349000 bend_chk=['302587200', '1866637072', '3506201311'] ref_chk=['302587200', '1866637072', '3506201311']
balanced_search_tree.range medium count=15300 reps=1 sample=4 order=ABC bendA=247000000 bendB=124000000 bendC=1000000 refA=25191000 refB=12718000 refC=306000 bend_chk=['302587200', '1866637072', '3506201311'] ref_chk=['302587200', '1866637072', '3506201311']
balanced_search_tree.range medium count=15300 reps=1 sample=5 order=CBA bendA=244000000 bendB=124000000 bendC=0 refA=24923000 refB=12917000 refC=328000 bend_chk=['302587200', '1866637072', '3506201311'] ref_chk=['302587200', '1866637072', '3506201311']
balanced_search_tree.range large calibrate count=20 reps=1 bend_delta=2000000ns ref_delta=522000ns bendA=32000000ns
balanced_search_tree.range large calibrate count=1020 reps=1 bend_delta=84000000ns ref_delta=7399000ns bendA=193000000ns
balanced_search_tree.range large calibrate count=2040 reps=1 bend_delta=148000000ns ref_delta=14950000ns bendA=345000000ns
balanced_search_tree.range large count=2040 reps=1 sample=0 order=ABC bendA=356000000 bendB=197000000 bendC=25000000 refA=47617000 refB=32508000 refC=17580000 bend_chk=['3779479947', '1899702370', '1285867493'] ref_chk=['3779479947', '1899702370', '1285867493']
balanced_search_tree.range large count=2040 reps=1 sample=1 order=CBA bendA=354000000 bendB=193000000 bendC=29000000 refA=46806000 refB=32463000 refC=17761000 bend_chk=['3779479947', '1899702370', '1285867493'] ref_chk=['3779479947', '1899702370', '1285867493']
balanced_search_tree.range large count=2040 reps=1 sample=2 order=ABC bendA=361000000 bendB=212000000 bendC=27000000 refA=51266000 refB=33832000 refC=17787000 bend_chk=['3779479947', '1899702370', '1285867493'] ref_chk=['3779479947', '1899702370', '1285867493']
balanced_search_tree.range large count=2040 reps=1 sample=3 order=CBA bendA=336000000 bendB=184000000 bendC=26000000 refA=46636000 refB=32818000 refC=18364000 bend_chk=['3779479947', '1899702370', '1285867493'] ref_chk=['3779479947', '1899702370', '1285867493']
balanced_search_tree.range large count=2040 reps=1 sample=4 order=ABC bendA=351000000 bendB=187000000 bendC=30000000 refA=53193000 refB=35546000 refC=18652000 bend_chk=['3779479947', '1899702370', '1285867493'] ref_chk=['3779479947', '1899702370', '1285867493']
balanced_search_tree.range large count=2040 reps=1 sample=5 order=CBA bendA=357000000 bendB=196000000 bendC=30000000 refA=46633000 refB=32918000 refC=17741000 bend_chk=['3779479947', '1899702370', '1285867493'] ref_chk=['3779479947', '1899702370', '1285867493']
balanced_search_tree.to_list small calibrate count=2000 reps=1 bend_delta=2000000ns ref_delta=91000ns bendA=3000000ns
balanced_search_tree.to_list small calibrate count=102000 reps=1 bend_delta=64000000ns ref_delta=4473000ns bendA=127000000ns
balanced_search_tree.to_list small calibrate count=204000 reps=1 bend_delta=126000000ns ref_delta=9791000ns bendA=252000000ns
balanced_search_tree.to_list small count=204000 reps=1 sample=0 order=ABC bendA=254000000 bendB=125000000 bendC=0 refA=17645000 refB=8779000 refC=2000 bend_chk=['1562557484', '1663480908', '848526444'] ref_chk=['1562557484', '1663480908', '848526444']
balanced_search_tree.to_list small count=204000 reps=1 sample=1 order=CBA bendA=261000000 bendB=151000000 bendC=0 refA=19317000 refB=10017000 refC=6000 bend_chk=['1562557484', '1663480908', '848526444'] ref_chk=['1562557484', '1663480908', '848526444']
balanced_search_tree.to_list small count=204000 reps=1 sample=2 order=ABC bendA=273000000 bendB=136000000 bendC=0 refA=19501000 refB=9781000 refC=3000 bend_chk=['1562557484', '1663480908', '848526444'] ref_chk=['1562557484', '1663480908', '848526444']
balanced_search_tree.to_list small count=204000 reps=1 sample=3 order=CBA bendA=255000000 bendB=127000000 bendC=1000000 refA=17454000 refB=8947000 refC=6000 bend_chk=['1562557484', '1663480908', '848526444'] ref_chk=['1562557484', '1663480908', '848526444']
balanced_search_tree.to_list small count=204000 reps=1 sample=4 order=ABC bendA=301000000 bendB=130000000 bendC=0 refA=19633000 refB=9969000 refC=4000 bend_chk=['1562557484', '1663480908', '848526444'] ref_chk=['1562557484', '1663480908', '848526444']
balanced_search_tree.to_list small count=204000 reps=1 sample=5 order=CBA bendA=255000000 bendB=128000000 bendC=0 refA=20407000 refB=9004000 refC=6000 bend_chk=['1562557484', '1663480908', '848526444'] ref_chk=['1562557484', '1663480908', '848526444']
balanced_search_tree.to_list medium calibrate count=100 reps=1 bend_delta=5000000ns ref_delta=1819000ns bendA=11000000ns
balanced_search_tree.to_list medium calibrate count=2100 reps=1 bend_delta=110000000ns ref_delta=6917000ns bendA=218000000ns
balanced_search_tree.to_list medium count=2100 reps=1 sample=0 order=ABC bendA=211000000 bendB=104000000 bendC=0 refA=13676000 refB=7130000 refC=340000 bend_chk=['4267051865', '2283757481', '1090859577'] ref_chk=['4267051865', '2283757481', '1090859577']
balanced_search_tree.to_list medium count=2100 reps=1 sample=1 order=CBA bendA=210000000 bendB=105000000 bendC=1000000 refA=13525000 refB=6948000 refC=332000 bend_chk=['4267051865', '2283757481', '1090859577'] ref_chk=['4267051865', '2283757481', '1090859577']
balanced_search_tree.to_list medium count=2100 reps=1 sample=2 order=ABC bendA=203000000 bendB=102000000 bendC=1000000 refA=13783000 refB=7074000 refC=313000 bend_chk=['4267051865', '2283757481', '1090859577'] ref_chk=['4267051865', '2283757481', '1090859577']
balanced_search_tree.to_list medium count=2100 reps=1 sample=3 order=CBA bendA=210000000 bendB=106000000 bendC=1000000 refA=13731000 refB=6880000 refC=390000 bend_chk=['4267051865', '2283757481', '1090859577'] ref_chk=['4267051865', '2283757481', '1090859577']
balanced_search_tree.to_list medium count=2100 reps=1 sample=4 order=ABC bendA=209000000 bendB=106000000 bendC=0 refA=13426000 refB=6773000 refC=299000 bend_chk=['4267051865', '2283757481', '1090859577'] ref_chk=['4267051865', '2283757481', '1090859577']
balanced_search_tree.to_list medium count=2100 reps=1 sample=5 order=CBA bendA=210000000 bendB=138000000 bendC=0 refA=13154000 refB=6719000 refC=323000 bend_chk=['4267051865', '2283757481', '1090859577'] ref_chk=['4267051865', '2283757481', '1090859577']
balanced_search_tree.to_list large calibrate count=5 reps=1 bend_delta=11000000ns ref_delta=1533000ns bendA=48000000ns
balanced_search_tree.to_list large calibrate count=50 reps=1 bend_delta=104000000ns ref_delta=8764000ns bendA=233000000ns
balanced_search_tree.to_list large count=50 reps=1 sample=0 order=ABC bendA=239000000 bendB=128000000 bendC=25000000 refA=41535000 refB=29380000 refC=17682000 bend_chk=['362920415', '1015764205', '1940032715'] ref_chk=['362920415', '1015764205', '1940032715']
balanced_search_tree.to_list large count=50 reps=1 sample=1 order=CBA bendA=220000000 bendB=123000000 bendC=26000000 refA=37850000 refB=29617000 refC=18951000 bend_chk=['362920415', '1015764205', '1940032715'] ref_chk=['362920415', '1015764205', '1940032715']
balanced_search_tree.to_list large count=50 reps=1 sample=2 order=ABC bendA=294000000 bendB=130000000 bendC=26000000 refA=38153000 refB=27741000 refC=17673000 bend_chk=['362920415', '1015764205', '1940032715'] ref_chk=['362920415', '1015764205', '1940032715']
balanced_search_tree.to_list large count=50 reps=1 sample=3 order=CBA bendA=231000000 bendB=146000000 bendC=27000000 refA=37850000 refB=33954000 refC=18587000 bend_chk=['362920415', '1015764205', '1940032715'] ref_chk=['362920415', '1015764205', '1940032715']
balanced_search_tree.to_list large count=50 reps=1 sample=4 order=ABC bendA=223000000 bendB=147000000 bendC=28000000 refA=40299000 refB=32107000 refC=18567000 bend_chk=['362920415', '1015764205', '1940032715'] ref_chk=['362920415', '1015764205', '1940032715']
balanced_search_tree.to_list large count=50 reps=1 sample=5 order=CBA bendA=256000000 bendB=128000000 bendC=27000000 refA=40009000 refB=29331000 refC=17995000 bend_chk=['362920415', '1015764205', '1940032715'] ref_chk=['362920415', '1015764205', '1940032715']
balanced_search_tree.length small calibrate count=200000 reps=1 bend_delta=0ns ref_delta=590000ns bendA=0ns
balanced_search_tree.length small calibrate count=12800000 reps=1 bend_delta=13000000ns ref_delta=37204000ns bendA=26000000ns
balanced_search_tree.length small calibrate count=102400000 reps=1 bend_delta=102000000ns ref_delta=297935000ns bendA=206000000ns
balanced_search_tree.length small count=102400000 reps=1 sample=0 order=ABC bendA=205000000 bendB=103000000 bendC=0 refA=587168000 refB=303593000 refC=4000 bend_chk=['933797990', '3431080038', '1633394790'] ref_chk=['933797990', '3431080038', '1633394790']
balanced_search_tree.length small count=102400000 reps=1 sample=1 order=CBA bendA=235000000 bendB=129000000 bendC=0 refA=590908000 refB=299155000 refC=7000 bend_chk=['933797990', '3431080038', '1633394790'] ref_chk=['933797990', '3431080038', '1633394790']
balanced_search_tree.length small count=102400000 reps=1 sample=2 order=ABC bendA=209000000 bendB=104000000 bendC=0 refA=665056000 refB=296419000 refC=3000 bend_chk=['933797990', '3431080038', '1633394790'] ref_chk=['933797990', '3431080038', '1633394790']
balanced_search_tree.length small count=102400000 reps=1 sample=3 order=CBA bendA=211000000 bendB=105000000 bendC=0 refA=599445000 refB=297887000 refC=6000 bend_chk=['933797990', '3431080038', '1633394790'] ref_chk=['933797990', '3431080038', '1633394790']
balanced_search_tree.length small count=102400000 reps=1 sample=4 order=ABC bendA=207000000 bendB=104000000 bendC=0 refA=599252000 refB=321814000 refC=4000 bend_chk=['933797990', '3431080038', '1633394790'] ref_chk=['933797990', '3431080038', '1633394790']
balanced_search_tree.length small count=102400000 reps=1 sample=5 order=CBA bendA=216000000 bendB=105000000 bendC=0 refA=664220000 refB=305869000 refC=6000 bend_chk=['933797990', '3431080038', '1633394790'] ref_chk=['933797990', '3431080038', '1633394790']
balanced_search_tree.length medium calibrate count=100000 reps=1 bend_delta=0ns ref_delta=321000ns bendA=1000000ns
balanced_search_tree.length medium calibrate count=6400000 reps=1 bend_delta=6000000ns ref_delta=19321000ns bendA=14000000ns
balanced_search_tree.length medium calibrate count=108800000 reps=1 bend_delta=117000000ns ref_delta=336094000ns bendA=231000000ns
balanced_search_tree.length medium count=108800000 reps=1 sample=0 order=ABC bendA=222000000 bendB=111000000 bendC=0 refA=636910000 refB=318049000 refC=342000 bend_chk=['3735453627', '3252680635', '169439163'] ref_chk=['3735453627', '3252680635', '169439163']
balanced_search_tree.length medium count=108800000 reps=1 sample=1 order=CBA bendA=222000000 bendB=111000000 bendC=0 refA=633583000 refB=319183000 refC=348000 bend_chk=['3735453627', '3252680635', '169439163'] ref_chk=['3735453627', '3252680635', '169439163']
balanced_search_tree.length medium count=108800000 reps=1 sample=2 order=ABC bendA=222000000 bendB=111000000 bendC=1000000 refA=670484000 refB=318389000 refC=317000 bend_chk=['3735453627', '3252680635', '169439163'] ref_chk=['3735453627', '3252680635', '169439163']
balanced_search_tree.length medium count=108800000 reps=1 sample=3 order=CBA bendA=222000000 bendB=111000000 bendC=1000000 refA=633188000 refB=317520000 refC=325000 bend_chk=['3735453627', '3252680635', '169439163'] ref_chk=['3735453627', '3252680635', '169439163']
balanced_search_tree.length medium count=108800000 reps=1 sample=4 order=ABC bendA=223000000 bendB=111000000 bendC=1000000 refA=671287000 refB=359316000 refC=336000 bend_chk=['3735453627', '3252680635', '169439163'] ref_chk=['3735453627', '3252680635', '169439163']
balanced_search_tree.length medium count=108800000 reps=1 sample=5 order=CBA bendA=251000000 bendB=109000000 bendC=1000000 refA=696243000 refB=350347000 refC=376000 bend_chk=['3735453627', '3252680635', '169439163'] ref_chk=['3735453627', '3252680635', '169439163']
balanced_search_tree.length large calibrate count=50000 reps=1 bend_delta=1000000ns ref_delta=6000ns bendA=29000000ns
balanced_search_tree.length large calibrate count=3200000 reps=1 bend_delta=5000000ns ref_delta=9252000ns bendA=32000000ns
balanced_search_tree.length large calibrate count=67200000 reps=1 bend_delta=67000000ns ref_delta=192922000ns bendA=160000000ns
balanced_search_tree.length large calibrate count=134400000 reps=1 bend_delta=136000000ns ref_delta=395869000ns bendA=296000000ns
balanced_search_tree.length large count=134400000 reps=1 sample=0 order=ABC bendA=306000000 bendB=197000000 bendC=30000000 refA=814820000 refB=403482000 refC=17658000 bend_chk=['3036728899', '3029337667', '1428110915'] ref_chk=['3036728899', '3029337667', '1428110915']
balanced_search_tree.length large count=134400000 reps=1 sample=1 order=CBA bendA=298000000 bendB=161000000 bendC=28000000 refA=793002000 refB=405834000 refC=18719000 bend_chk=['3036728899', '3029337667', '1428110915'] ref_chk=['3036728899', '3029337667', '1428110915']
balanced_search_tree.length large count=134400000 reps=1 sample=2 order=ABC bendA=294000000 bendB=159000000 bendC=26000000 refA=790118000 refB=403777000 refC=18315000 bend_chk=['3036728899', '3029337667', '1428110915'] ref_chk=['3036728899', '3029337667', '1428110915']
balanced_search_tree.length large count=134400000 reps=1 sample=3 order=CBA bendA=295000000 bendB=158000000 bendC=26000000 refA=787425000 refB=402863000 refC=18020000 bend_chk=['3036728899', '3029337667', '1428110915'] ref_chk=['3036728899', '3029337667', '1428110915']
balanced_search_tree.length large count=134400000 reps=1 sample=4 order=ABC bendA=297000000 bendB=162000000 bendC=26000000 refA=792063000 refB=402373000 refC=18615000 bend_chk=['3036728899', '3029337667', '1428110915'] ref_chk=['3036728899', '3029337667', '1428110915']
balanced_search_tree.length large count=134400000 reps=1 sample=5 order=CBA bendA=294000000 bendB=159000000 bendC=30000000 refA=786977000 refB=402404000 refC=18955000 bend_chk=['3036728899', '3029337667', '1428110915'] ref_chk=['3036728899', '3029337667', '1428110915']
balanced_search_tree.new small calibrate count=200000 reps=1 bend_delta=4000000ns ref_delta=504000ns bendA=6000000ns
balanced_search_tree.new small calibrate count=5200000 reps=1 bend_delta=67000000ns ref_delta=12957000ns bendA=135000000ns
balanced_search_tree.new small calibrate count=10400000 reps=1 bend_delta=136000000ns ref_delta=25864000ns bendA=270000000ns
balanced_search_tree.new small count=10400000 reps=1 sample=0 order=ABC bendA=270000000 bendB=136000000 bendC=0 refA=51753000 refB=27284000 refC=2000 bend_chk=['815589703', '1284265031', '13614919'] ref_chk=['815589703', '1284265031', '13614919']
balanced_search_tree.new small count=10400000 reps=1 sample=1 order=CBA bendA=296000000 bendB=135000000 bendC=0 refA=51666000 refB=25888000 refC=8000 bend_chk=['815589703', '1284265031', '13614919'] ref_chk=['815589703', '1284265031', '13614919']
balanced_search_tree.new small count=10400000 reps=1 sample=2 order=ABC bendA=269000000 bendB=136000000 bendC=0 refA=52701000 refB=25976000 refC=3000 bend_chk=['815589703', '1284265031', '13614919'] ref_chk=['815589703', '1284265031', '13614919']
balanced_search_tree.new small count=10400000 reps=1 sample=3 order=CBA bendA=271000000 bendB=136000000 bendC=0 refA=52014000 refB=25990000 refC=6000 bend_chk=['815589703', '1284265031', '13614919'] ref_chk=['815589703', '1284265031', '13614919']
balanced_search_tree.new small count=10400000 reps=1 sample=4 order=ABC bendA=270000000 bendB=135000000 bendC=0 refA=51914000 refB=26261000 refC=2000 bend_chk=['815589703', '1284265031', '13614919'] ref_chk=['815589703', '1284265031', '13614919']
balanced_search_tree.new small count=10400000 reps=1 sample=5 order=CBA bendA=270000000 bendB=135000000 bendC=0 refA=51699000 refB=25770000 refC=6000 bend_chk=['815589703', '1284265031', '13614919'] ref_chk=['815589703', '1284265031', '13614919']
balanced_search_tree.new medium calibrate count=200000 reps=1 bend_delta=3000000ns ref_delta=550000ns bendA=6000000ns
balanced_search_tree.new medium calibrate count=6800000 reps=1 bend_delta=87000000ns ref_delta=16924000ns bendA=176000000ns
balanced_search_tree.new medium calibrate count=13600000 reps=1 bend_delta=179000000ns ref_delta=34162000ns bendA=355000000ns
balanced_search_tree.new medium count=13600000 reps=1 sample=0 order=ABC bendA=353000000 bendB=177000000 bendC=1000000 refA=68295000 refB=34253000 refC=305000 bend_chk=['1253224984', '3023578392', '1174509592'] ref_chk=['1253224984', '3023578392', '1174509592']
balanced_search_tree.new medium count=13600000 reps=1 sample=1 order=CBA bendA=355000000 bendB=179000000 bendC=1000000 refA=68317000 refB=34109000 refC=335000 bend_chk=['1253224984', '3023578392', '1174509592'] ref_chk=['1253224984', '3023578392', '1174509592']
balanced_search_tree.new medium count=13600000 reps=1 sample=2 order=ABC bendA=352000000 bendB=177000000 bendC=0 refA=68867000 refB=34602000 refC=325000 bend_chk=['1253224984', '3023578392', '1174509592'] ref_chk=['1253224984', '3023578392', '1174509592']
balanced_search_tree.new medium count=13600000 reps=1 sample=3 order=CBA bendA=353000000 bendB=177000000 bendC=0 refA=67936000 refB=34107000 refC=345000 bend_chk=['1253224984', '3023578392', '1174509592'] ref_chk=['1253224984', '3023578392', '1174509592']
balanced_search_tree.new medium count=13600000 reps=1 sample=4 order=ABC bendA=353000000 bendB=179000000 bendC=1000000 refA=68154000 refB=34164000 refC=310000 bend_chk=['1253224984', '3023578392', '1174509592'] ref_chk=['1253224984', '3023578392', '1174509592']
balanced_search_tree.new medium count=13600000 reps=1 sample=5 order=CBA bendA=355000000 bendB=176000000 bendC=1000000 refA=68319000 refB=34291000 refC=318000 bend_chk=['1253224984', '3023578392', '1174509592'] ref_chk=['1253224984', '3023578392', '1174509592']
balanced_search_tree.new large calibrate count=50000 reps=1 bend_delta=2000000ns ref_delta=470000ns bendA=28000000ns
balanced_search_tree.new large calibrate count=2550000 reps=1 bend_delta=36000000ns ref_delta=6426000ns bendA=99000000ns
balanced_search_tree.new large calibrate count=7650000 reps=1 bend_delta=96000000ns ref_delta=19790000ns bendA=226000000ns
balanced_search_tree.new large calibrate count=15300000 reps=1 bend_delta=202000000ns ref_delta=40180000ns bendA=435000000ns
balanced_search_tree.new large count=15300000 reps=1 sample=0 order=ABC bendA=426000000 bendB=223000000 bendC=24000000 refA=95007000 refB=56745000 refC=18078000 bend_chk=['158941286', '2645666630', '3079300646'] ref_chk=['158941286', '2645666630', '3079300646']
balanced_search_tree.new large count=15300000 reps=1 sample=1 order=CBA bendA=421000000 bendB=224000000 bendC=27000000 refA=93687000 refB=55684000 refC=17757000 bend_chk=['158941286', '2645666630', '3079300646'] ref_chk=['158941286', '2645666630', '3079300646']
balanced_search_tree.new large count=15300000 reps=1 sample=2 order=ABC bendA=425000000 bendB=225000000 bendC=26000000 refA=93747000 refB=55645000 refC=17475000 bend_chk=['158941286', '2645666630', '3079300646'] ref_chk=['158941286', '2645666630', '3079300646']
balanced_search_tree.new large count=15300000 reps=1 sample=3 order=CBA bendA=427000000 bendB=224000000 bendC=25000000 refA=95370000 refB=56734000 refC=18085000 bend_chk=['158941286', '2645666630', '3079300646'] ref_chk=['158941286', '2645666630', '3079300646']
balanced_search_tree.new large count=15300000 reps=1 sample=4 order=ABC bendA=423000000 bendB=228000000 bendC=25000000 refA=95411000 refB=57936000 refC=18646000 bend_chk=['158941286', '2645666630', '3079300646'] ref_chk=['158941286', '2645666630', '3079300646']
balanced_search_tree.new large count=15300000 reps=1 sample=5 order=CBA bendA=428000000 bendB=227000000 bendC=28000000 refA=93594000 refB=55613000 refC=17788000 bend_chk=['158941286', '2645666630', '3079300646'] ref_chk=['158941286', '2645666630', '3079300646']
bitset.set small calibrate count=200000 reps=1 bend_delta=1000000ns ref_delta=260000ns bendA=1000000ns
bitset.set small calibrate count=12800000 reps=1 bend_delta=19000000ns ref_delta=16406000ns bendA=37000000ns
bitset.set small calibrate count=76800000 reps=1 bend_delta=118000000ns ref_delta=98483000ns bendA=230000000ns
bitset.set small count=76800000 reps=1 sample=0 order=ABC bendA=219000000 bendB=109000000 bendC=0 refA=196227000 refB=98741000 refC=7000 bend_chk=['961481543', '738252797', '1990380856'] ref_chk=['961481543', '738252797', '1990380856']
bitset.set small count=76800000 reps=1 sample=1 order=CBA bendA=220000000 bendB=110000000 bendC=0 refA=196234000 refB=98337000 refC=0 bend_chk=['961481543', '738252797', '1990380856'] ref_chk=['961481543', '738252797', '1990380856']
bitset.set small count=76800000 reps=1 sample=2 order=ABC bendA=219000000 bendB=110000000 bendC=0 refA=198206000 refB=98468000 refC=0 bend_chk=['961481543', '738252797', '1990380856'] ref_chk=['961481543', '738252797', '1990380856']
bitset.set small count=76800000 reps=1 sample=3 order=CBA bendA=219000000 bendB=109000000 bendC=0 refA=197042000 refB=98287000 refC=1000 bend_chk=['961481543', '738252797', '1990380856'] ref_chk=['961481543', '738252797', '1990380856']
bitset.set small count=76800000 reps=1 sample=4 order=ABC bendA=223000000 bendB=112000000 bendC=0 refA=200369000 refB=109851000 refC=2000 bend_chk=['961481543', '738252797', '1990380856'] ref_chk=['961481543', '738252797', '1990380856']
bitset.set small count=76800000 reps=1 sample=5 order=CBA bendA=227000000 bendB=116000000 bendC=0 refA=199719000 refB=101376000 refC=1000 bend_chk=['961481543', '738252797', '1990380856'] ref_chk=['961481543', '738252797', '1990380856']
bitset.set medium calibrate count=100000 reps=1 bend_delta=0ns ref_delta=117000ns bendA=0ns
bitset.set medium calibrate count=6400000 reps=1 bend_delta=9000000ns ref_delta=7649000ns bendA=17000000ns
bitset.set medium calibrate count=76800000 reps=1 bend_delta=102000000ns ref_delta=89505000ns bendA=203000000ns
bitset.set medium count=76800000 reps=1 sample=0 order=ABC bendA=208000000 bendB=103000000 bendC=0 refA=179371000 refB=110419000 refC=20000 bend_chk=['4041315553', '2422105481', '3165776055'] ref_chk=['4041315553', '2422105481', '3165776055']
bitset.set medium count=76800000 reps=1 sample=1 order=CBA bendA=199000000 bendB=101000000 bendC=0 refA=179631000 refB=88579000 refC=10000 bend_chk=['4041315553', '2422105481', '3165776055'] ref_chk=['4041315553', '2422105481', '3165776055']
bitset.set medium count=76800000 reps=1 sample=2 order=ABC bendA=215000000 bendB=115000000 bendC=0 refA=194109000 refB=98167000 refC=21000 bend_chk=['4041315553', '2422105481', '3165776055'] ref_chk=['4041315553', '2422105481', '3165776055']
bitset.set medium count=76800000 reps=1 sample=3 order=CBA bendA=212000000 bendB=105000000 bendC=0 refA=191283000 refB=93398000 refC=19000 bend_chk=['4041315553', '2422105481', '3165776055'] ref_chk=['4041315553', '2422105481', '3165776055']
bitset.set medium count=76800000 reps=1 sample=4 order=ABC bendA=205000000 bendB=110000000 bendC=0 refA=253143000 refB=127196000 refC=19000 bend_chk=['4041315553', '2422105481', '3165776055'] ref_chk=['4041315553', '2422105481', '3165776055']
bitset.set medium count=76800000 reps=1 sample=5 order=CBA bendA=484000000 bendB=167000000 bendC=0 refA=498740000 refB=225648000 refC=14000 bend_chk=['4041315553', '2422105481', '3165776055'] ref_chk=['4041315553', '2422105481', '3165776055']
bitset.set large calibrate count=50000 reps=1 bend_delta=1000000ns ref_delta=631000ns bendA=2000000ns
bitset.set large calibrate count=3200000 reps=1 bend_delta=10000000ns ref_delta=4348000ns bendA=24000000ns
bitset.set large calibrate count=35200000 reps=1 bend_delta=115000000ns ref_delta=62089000ns bendA=188000000ns
bitset.set large count=35200000 reps=1 sample=0 order=ABC bendA=156000000 bendB=216000000 bendC=2000000 refA=169184000 refB=65992000 refC=1256000 bend_chk=['2240924850', '1574373318', '2209361264'] ref_chk=['2240924850', '1574373318', '2209361264']
bitset.clear small calibrate count=200000 reps=1 bend_delta=-1000000ns ref_delta=355000ns bendA=0ns
bitset.clear small calibrate count=12800000 reps=1 bend_delta=44000000ns ref_delta=24778000ns bendA=76000000ns
bitset.clear small calibrate count=38400000 reps=1 bend_delta=86000000ns ref_delta=60098000ns bendA=164000000ns
bitset.clear small calibrate count=76800000 reps=1 bend_delta=121000000ns ref_delta=161325000ns bendA=376000000ns
bitset.clear small count=76800000 reps=1 sample=0 order=ABC bendA=413000000 bendB=149000000 bendC=0 refA=271315000 refB=152945000 refC=5000 bend_chk=['1717587488', '1627108344', '3909083673'] ref_chk=['1717587488', '1627108344', '3909083673']
bitset.clear small count=76800000 reps=1 sample=1 order=CBA bendA=373000000 bendB=172000000 bendC=0 refA=263768000 refB=131076000 refC=1000 bend_chk=['1717587488', '1627108344', '3909083673'] ref_chk=['1717587488', '1627108344', '3909083673']
bitset.clear small count=76800000 reps=1 sample=2 order=ABC bendA=313000000 bendB=258000000 bendC=0 refA=447828000 refB=244789000 refC=13000 bend_chk=['1717587488', '1627108344', '3909083673'] ref_chk=['1717587488', '1627108344', '3909083673']
bitset.clear small count=76800000 reps=1 sample=3 order=CBA bendA=460000000 bendB=266000000 bendC=0 refA=332583000 refB=152055000 refC=5000 bend_chk=['1717587488', '1627108344', '3909083673'] ref_chk=['1717587488', '1627108344', '3909083673']
bitset.clear small count=76800000 reps=1 sample=4 order=ABC bendA=319000000 bendB=142000000 bendC=0 refA=503332000 refB=230295000 refC=1000 bend_chk=['1717587488', '1627108344', '3909083673'] ref_chk=['1717587488', '1627108344', '3909083673']
bitset.clear small count=76800000 reps=1 sample=5 order=CBA bendA=343000000 bendB=230000000 bendC=0 refA=331865000 refB=161956000 refC=1000 bend_chk=['1717587488', '1627108344', '3909083673'] ref_chk=['1717587488', '1627108344', '3909083673']
bitset.clear medium calibrate count=100000 reps=1 bend_delta=0ns ref_delta=149000ns bendA=0ns
bitset.clear medium calibrate count=6400000 reps=1 bend_delta=10000000ns ref_delta=19985000ns bendA=22000000ns
bitset.clear medium calibrate count=70400000 reps=1 bend_delta=153000000ns ref_delta=165217000ns bendA=305000000ns
bitset.clear medium count=70400000 reps=1 sample=0 order=ABC bendA=253000000 bendB=118000000 bendC=0 refA=210704000 refB=145224000 refC=31000 bend_chk=['625239526', '1861389404', '141819098'] ref_chk=['625239526', '1861389404', '141819098']
bitset.clear medium count=70400000 reps=1 sample=1 order=CBA bendA=402000000 bendB=185000000 bendC=0 refA=326189000 refB=172358000 refC=18000 bend_chk=['625239526', '1861389404', '141819098'] ref_chk=['625239526', '1861389404', '141819098']
bitset.clear medium count=70400000 reps=1 sample=2 order=ABC bendA=256000000 bendB=130000000 bendC=0 refA=337309000 refB=122147000 refC=63000 bend_chk=['625239526', '1861389404', '141819098'] ref_chk=['625239526', '1861389404', '141819098']
bitset.clear medium count=70400000 reps=1 sample=3 order=CBA bendA=389000000 bendB=162000000 bendC=0 refA=232254000 refB=140196000 refC=42000 bend_chk=['625239526', '1861389404', '141819098'] ref_chk=['625239526', '1861389404', '141819098']
bitset.clear medium count=70400000 reps=1 sample=4 order=ABC bendA=226000000 bendB=129000000 bendC=0 refA=206031000 refB=94450000 refC=21000 bend_chk=['625239526', '1861389404', '141819098'] ref_chk=['625239526', '1861389404', '141819098']
bitset.clear medium count=70400000 reps=1 sample=5 order=CBA bendA=203000000 bendB=107000000 bendC=0 refA=198287000 refB=131305000 refC=13000 bend_chk=['625239526', '1861389404', '141819098'] ref_chk=['625239526', '1861389404', '141819098']
bitset.clear large calibrate count=50000 reps=1 bend_delta=1000000ns ref_delta=117000ns bendA=1000000ns
bitset.clear large calibrate count=3200000 reps=1 bend_delta=6000000ns ref_delta=4718000ns bendA=11000000ns
bitset.clear large calibrate count=54400000 reps=1 bend_delta=76000000ns ref_delta=73526000ns bendA=164000000ns
bitset.clear large calibrate count=108800000 reps=1 bend_delta=153000000ns ref_delta=130612000ns bendA=315000000ns
bitset.clear large count=108800000 reps=1 sample=0 order=ABC bendA=521000000 bendB=196000000 bendC=0 refA=310751000 refB=151764000 refC=698000 bend_chk=['3443188929', '3913666207', '1175739735'] ref_chk=['3443188929', '3913666207', '1175739735']
bitset.clear large count=108800000 reps=1 sample=1 order=CBA bendA=388000000 bendB=167000000 bendC=0 refA=278912000 refB=139886000 refC=808000 bend_chk=['3443188929', '3913666207', '1175739735'] ref_chk=['3443188929', '3913666207', '1175739735']
bitset.clear large count=108800000 reps=1 sample=2 order=ABC bendA=321000000 bendB=159000000 bendC=1000000 refA=281910000 refB=139641000 refC=679000 bend_chk=['3443188929', '3913666207', '1175739735'] ref_chk=['3443188929', '3913666207', '1175739735']
bitset.clear large count=108800000 reps=1 sample=3 order=CBA bendA=297000000 bendB=152000000 bendC=0 refA=278192000 refB=134613000 refC=627000 bend_chk=['3443188929', '3913666207', '1175739735'] ref_chk=['3443188929', '3913666207', '1175739735']
bitset.clear large count=108800000 reps=1 sample=4 order=ABC bendA=303000000 bendB=153000000 bendC=1000000 refA=302082000 refB=166965000 refC=1159000 bend_chk=['3443188929', '3913666207', '1175739735'] ref_chk=['3443188929', '3913666207', '1175739735']
bitset.clear large count=108800000 reps=1 sample=5 order=CBA bendA=318000000 bendB=177000000 bendC=2000000 refA=278315000 refB=139525000 refC=677000 bend_chk=['3443188929', '3913666207', '1175739735'] ref_chk=['3443188929', '3913666207', '1175739735']
bitset.get small calibrate count=200000 reps=1 bend_delta=1000000ns ref_delta=293000ns bendA=1000000ns
bitset.get small calibrate count=12800000 reps=1 bend_delta=22000000ns ref_delta=20133000ns bendA=46000000ns
bitset.get small calibrate count=64000000 reps=1 bend_delta=198000000ns ref_delta=141951000ns bendA=361000000ns
bitset.get small count=64000000 reps=1 sample=0 order=ABC bendA=334000000 bendB=179000000 bendC=0 refA=289809000 refB=114881000 refC=1000 bend_chk=['2335257435', '3492105406', '1600712108'] ref_chk=['2335257435', '3492105406', '1600712108']
bitset.get small count=64000000 reps=1 sample=1 order=CBA bendA=269000000 bendB=138000000 bendC=0 refA=358034000 refB=148875000 refC=3000 bend_chk=['2335257435', '3492105406', '1600712108'] ref_chk=['2335257435', '3492105406', '1600712108']
bitset.get small count=64000000 reps=1 sample=2 order=ABC bendA=323000000 bendB=183000000 bendC=0 refA=236611000 refB=112892000 refC=1000 bend_chk=['2335257435', '3492105406', '1600712108'] ref_chk=['2335257435', '3492105406', '1600712108']
bitset.get small count=64000000 reps=1 sample=3 order=CBA bendA=297000000 bendB=149000000 bendC=0 refA=254087000 refB=109337000 refC=3000 bend_chk=['2335257435', '3492105406', '1600712108'] ref_chk=['2335257435', '3492105406', '1600712108']
bitset.get small count=64000000 reps=1 sample=4 order=ABC bendA=376000000 bendB=164000000 bendC=0 refA=231753000 refB=139328000 refC=5000 bend_chk=['2335257435', '3492105406', '1600712108'] ref_chk=['2335257435', '3492105406', '1600712108']
bitset.get small count=64000000 reps=1 sample=5 order=CBA bendA=349000000 bendB=148000000 bendC=0 refA=286194000 refB=178988000 refC=16000 bend_chk=['2335257435', '3492105406', '1600712108'] ref_chk=['2335257435', '3492105406', '1600712108']
bitset.get medium calibrate count=100000 reps=1 bend_delta=0ns ref_delta=154000ns bendA=0ns
bitset.get medium calibrate count=6400000 reps=1 bend_delta=13000000ns ref_delta=27515000ns bendA=25000000ns
bitset.get medium calibrate count=51200000 reps=1 bend_delta=130000000ns ref_delta=27095000ns bendA=231000000ns
bitset.get medium count=51200000 reps=1 sample=0 order=ABC bendA=274000000 bendB=139000000 bendC=0 refA=191990000 refB=100801000 refC=27000 bend_chk=['482188247', '2593319570', '3317512081'] ref_chk=['482188247', '2593319570', '3317512081']
bitset.get medium count=51200000 reps=1 sample=1 order=CBA bendA=189000000 bendB=99000000 bendC=0 refA=153842000 refB=70571000 refC=13000 bend_chk=['482188247', '2593319570', '3317512081'] ref_chk=['482188247', '2593319570', '3317512081']
bitset.get medium count=51200000 reps=1 sample=2 order=ABC bendA=237000000 bendB=145000000 bendC=0 refA=249467000 refB=89070000 refC=25000 bend_chk=['482188247', '2593319570', '3317512081'] ref_chk=['482188247', '2593319570', '3317512081']
bitset.get medium count=51200000 reps=1 sample=3 order=CBA bendA=200000000 bendB=102000000 bendC=1000000 refA=151065000 refB=95445000 refC=18000 bend_chk=['482188247', '2593319570', '3317512081'] ref_chk=['482188247', '2593319570', '3317512081']
bitset.get medium count=51200000 reps=1 sample=4 order=ABC bendA=204000000 bendB=120000000 bendC=0 refA=190498000 refB=93218000 refC=22000 bend_chk=['482188247', '2593319570', '3317512081'] ref_chk=['482188247', '2593319570', '3317512081']
bitset.get medium count=51200000 reps=1 sample=5 order=CBA bendA=215000000 bendB=122000000 bendC=0 refA=170764000 refB=103301000 refC=26000 bend_chk=['482188247', '2593319570', '3317512081'] ref_chk=['482188247', '2593319570', '3317512081']
bitset.get large calibrate count=50000 reps=1 bend_delta=-1000000ns ref_delta=-34000ns bendA=0ns
bitset.get large calibrate count=3200000 reps=1 bend_delta=4000000ns ref_delta=5538000ns bendA=16000000ns
bitset.get large calibrate count=83200000 reps=1 bend_delta=282000000ns ref_delta=138183000ns bendA=453000000ns
bitset.get large count=83200000 reps=1 sample=0 order=ABC bendA=280000000 bendB=130000000 bendC=0 refA=200222000 refB=103718000 refC=696000 bend_chk=['1672515958', '1630725589', '1257411830'] ref_chk=['1672515958', '1630725589', '1257411830']
bitset.get large count=83200000 reps=1 sample=1 order=CBA bendA=250000000 bendB=127000000 bendC=0 refA=198277000 refB=99548000 refC=618000 bend_chk=['1672515958', '1630725589', '1257411830'] ref_chk=['1672515958', '1630725589', '1257411830']
bitset.get large count=83200000 reps=1 sample=2 order=ABC bendA=251000000 bendB=124000000 bendC=1000000 refA=202452000 refB=101056000 refC=608000 bend_chk=['1672515958', '1630725589', '1257411830'] ref_chk=['1672515958', '1630725589', '1257411830']
bitset.get large count=83200000 reps=1 sample=3 order=CBA bendA=254000000 bendB=167000000 bendC=0 refA=204852000 refB=102424000 refC=609000 bend_chk=['1672515958', '1630725589', '1257411830'] ref_chk=['1672515958', '1630725589', '1257411830']
bitset.get large count=83200000 reps=1 sample=4 order=ABC bendA=258000000 bendB=129000000 bendC=0 refA=218168000 refB=100279000 refC=608000 bend_chk=['1672515958', '1630725589', '1257411830'] ref_chk=['1672515958', '1630725589', '1257411830']
bitset.get large count=83200000 reps=1 sample=5 order=CBA bendA=257000000 bendB=126000000 bendC=0 refA=201220000 refB=100135000 refC=604000 bend_chk=['1672515958', '1630725589', '1257411830'] ref_chk=['1672515958', '1630725589', '1257411830']
bitset.count small calibrate count=50000 reps=1 bend_delta=2000000ns ref_delta=196000ns bendA=2000000ns
bitset.count small calibrate count=2550000 reps=1 bend_delta=29000000ns ref_delta=9981000ns bendA=59000000ns
bitset.count small calibrate count=10200000 reps=1 bend_delta=118000000ns ref_delta=40228000ns bendA=237000000ns
bitset.count small count=10200000 reps=1 sample=0 order=ABC bendA=244000000 bendB=120000000 bendC=0 refA=80632000 refB=51136000 refC=5000 bend_chk=['2394580295', '2126262535', '679066823'] ref_chk=['2394580295', '2126262535', '679066823']
bitset.count small count=10200000 reps=1 sample=1 order=CBA bendA=250000000 bendB=125000000 bendC=0 refA=81633000 refB=41318000 refC=2000 bend_chk=['2394580295', '2126262535', '679066823'] ref_chk=['2394580295', '2126262535', '679066823']
bitset.count small count=10200000 reps=1 sample=2 order=ABC bendA=251000000 bendB=120000000 bendC=0 refA=82883000 refB=40561000 refC=4000 bend_chk=['2394580295', '2126262535', '679066823'] ref_chk=['2394580295', '2126262535', '679066823']
bitset.count small count=10200000 reps=1 sample=3 order=CBA bendA=246000000 bendB=127000000 bendC=0 refA=83230000 refB=70133000 refC=1000 bend_chk=['2394580295', '2126262535', '679066823'] ref_chk=['2394580295', '2126262535', '679066823']
bitset.count small count=10200000 reps=1 sample=4 order=ABC bendA=241000000 bendB=122000000 bendC=0 refA=82370000 refB=41570000 refC=5000 bend_chk=['2394580295', '2126262535', '679066823'] ref_chk=['2394580295', '2126262535', '679066823']
bitset.count small count=10200000 reps=1 sample=5 order=CBA bendA=239000000 bendB=123000000 bendC=0 refA=80304000 refB=39762000 refC=0 bend_chk=['2394580295', '2126262535', '679066823'] ref_chk=['2394580295', '2126262535', '679066823']
bitset.count medium calibrate count=20000 reps=1 bend_delta=5000000ns ref_delta=4205000ns bendA=11000000ns
bitset.count medium calibrate count=420000 reps=1 bend_delta=123000000ns ref_delta=77952000ns bendA=245000000ns
bitset.count medium count=420000 reps=1 sample=0 order=ABC bendA=246000000 bendB=122000000 bendC=0 refA=155669000 refB=77666000 refC=18000 bend_chk=['3891838152', '2146203624', '4123878152'] ref_chk=['3891838152', '2146203624', '4123878152']
bitset.count medium count=420000 reps=1 sample=1 order=CBA bendA=234000000 bendB=102000000 bendC=0 refA=155881000 refB=78259000 refC=11000 bend_chk=['3891838152', '2146203624', '4123878152'] ref_chk=['3891838152', '2146203624', '4123878152']
bitset.count medium count=420000 reps=1 sample=2 order=ABC bendA=246000000 bendB=122000000 bendC=0 refA=157478000 refB=78584000 refC=9000 bend_chk=['3891838152', '2146203624', '4123878152'] ref_chk=['3891838152', '2146203624', '4123878152']
bitset.count medium count=420000 reps=1 sample=3 order=CBA bendA=244000000 bendB=101000000 bendC=0 refA=156830000 refB=77919000 refC=10000 bend_chk=['3891838152', '2146203624', '4123878152'] ref_chk=['3891838152', '2146203624', '4123878152']
bitset.count medium count=420000 reps=1 sample=4 order=ABC bendA=244000000 bendB=123000000 bendC=0 refA=156869000 refB=78166000 refC=9000 bend_chk=['3891838152', '2146203624', '4123878152'] ref_chk=['3891838152', '2146203624', '4123878152']
bitset.count medium count=420000 reps=1 sample=5 order=CBA bendA=245000000 bendB=122000000 bendC=0 refA=158203000 refB=78848000 refC=10000 bend_chk=['3891838152', '2146203624', '4123878152'] ref_chk=['3891838152', '2146203624', '4123878152']
bitset.count large calibrate count=500 reps=1 bend_delta=8000000ns ref_delta=6099000ns bendA=16000000ns
bitset.count large calibrate count=6500 reps=1 bend_delta=100000000ns ref_delta=76651000ns bendA=199000000ns
bitset.count large count=6500 reps=1 sample=0 order=ABC bendA=212000000 bendB=107000000 bendC=0 refA=158852000 refB=78284000 refC=608000 bend_chk=['1157224229', '2327310281', '1041852973'] ref_chk=['1157224229', '2327310281', '1041852973']
bitset.count large count=6500 reps=1 sample=1 order=CBA bendA=199000000 bendB=100000000 bendC=0 refA=159370000 refB=84149000 refC=600000 bend_chk=['1157224229', '2327310281', '1041852973'] ref_chk=['1157224229', '2327310281', '1041852973']
bitset.count large count=6500 reps=1 sample=2 order=ABC bendA=190000000 bendB=95000000 bendC=1000000 refA=157306000 refB=78236000 refC=603000 bend_chk=['1157224229', '2327310281', '1041852973'] ref_chk=['1157224229', '2327310281', '1041852973']
bitset.count large count=6500 reps=1 sample=3 order=CBA bendA=194000000 bendB=97000000 bendC=1000000 refA=162342000 refB=78243000 refC=651000 bend_chk=['1157224229', '2327310281', '1041852973'] ref_chk=['1157224229', '2327310281', '1041852973']
bitset.count large count=6500 reps=1 sample=4 order=ABC bendA=191000000 bendB=96000000 bendC=0 refA=156717000 refB=78559000 refC=637000 bend_chk=['1157224229', '2327310281', '1041852973'] ref_chk=['1157224229', '2327310281', '1041852973']
bitset.count large count=6500 reps=1 sample=5 order=CBA bendA=200000000 bendB=100000000 bendC=1000000 refA=154683000 refB=77608000 refC=601000 bend_chk=['1157224229', '2327310281', '1041852973'] ref_chk=['1157224229', '2327310281', '1041852973']
bitset.length small calibrate count=200000 reps=1 bend_delta=1000000ns ref_delta=569000ns bendA=1000000ns
bitset.length small calibrate count=12800000 reps=1 bend_delta=12000000ns ref_delta=36740000ns bendA=25000000ns
bitset.length small calibrate count=115200000 reps=1 bend_delta=112000000ns ref_delta=331042000ns bendA=229000000ns
bitset.length small count=115200000 reps=1 sample=0 order=ABC bendA=234000000 bendB=115000000 bendC=0 refA=661175000 refB=332028000 refC=0 bend_chk=['893384054', '2225833334', '1075254646'] ref_chk=['893384054', '2225833334', '1075254646']
bitset.length small count=115200000 reps=1 sample=1 order=CBA bendA=230000000 bendB=115000000 bendC=0 refA=672881000 refB=329726000 refC=0 bend_chk=['893384054', '2225833334', '1075254646'] ref_chk=['893384054', '2225833334', '1075254646']
bitset.length small count=115200000 reps=1 sample=2 order=ABC bendA=230000000 bendB=114000000 bendC=0 refA=662866000 refB=329920000 refC=4000 bend_chk=['893384054', '2225833334', '1075254646'] ref_chk=['893384054', '2225833334', '1075254646']
bitset.length small count=115200000 reps=1 sample=3 order=CBA bendA=233000000 bendB=115000000 bendC=0 refA=661098000 refB=332850000 refC=1000 bend_chk=['893384054', '2225833334', '1075254646'] ref_chk=['893384054', '2225833334', '1075254646']
bitset.length small count=115200000 reps=1 sample=4 order=ABC bendA=230000000 bendB=115000000 bendC=0 refA=659494000 refB=327500000 refC=5000 bend_chk=['893384054', '2225833334', '1075254646'] ref_chk=['893384054', '2225833334', '1075254646']
bitset.length small count=115200000 reps=1 sample=5 order=CBA bendA=237000000 bendB=116000000 bendC=0 refA=701954000 refB=329964000 refC=1000 bend_chk=['893384054', '2225833334', '1075254646'] ref_chk=['893384054', '2225833334', '1075254646']
bitset.length medium calibrate count=100000 reps=1 bend_delta=1000000ns ref_delta=293000ns bendA=1000000ns
bitset.length medium calibrate count=6400000 reps=1 bend_delta=7000000ns ref_delta=18274000ns bendA=13000000ns
bitset.length medium calibrate count=96000000 reps=1 bend_delta=100000000ns ref_delta=273302000ns bendA=196000000ns
bitset.length medium count=96000000 reps=1 sample=0 order=ABC bendA=191000000 bendB=95000000 bendC=0 refA=549252000 refB=275993000 refC=15000 bend_chk=['2831732721', '2864523249', '2477883377'] ref_chk=['2831732721', '2864523249', '2477883377']
bitset.length medium count=96000000 reps=1 sample=1 order=CBA bendA=192000000 bendB=97000000 bendC=0 refA=552421000 refB=274952000 refC=10000 bend_chk=['2831732721', '2864523249', '2477883377'] ref_chk=['2831732721', '2864523249', '2477883377']
bitset.length medium count=96000000 reps=1 sample=2 order=ABC bendA=261000000 bendB=104000000 bendC=0 refA=614438000 refB=278386000 refC=20000 bend_chk=['2831732721', '2864523249', '2477883377'] ref_chk=['2831732721', '2864523249', '2477883377']
bitset.length medium count=96000000 reps=1 sample=3 order=CBA bendA=193000000 bendB=97000000 bendC=0 refA=562068000 refB=274363000 refC=11000 bend_chk=['2831732721', '2864523249', '2477883377'] ref_chk=['2831732721', '2864523249', '2477883377']
bitset.length medium count=96000000 reps=1 sample=4 order=ABC bendA=197000000 bendB=128000000 bendC=0 refA=574584000 refB=279263000 refC=12000 bend_chk=['2831732721', '2864523249', '2477883377'] ref_chk=['2831732721', '2864523249', '2477883377']
bitset.length medium count=96000000 reps=1 sample=5 order=CBA bendA=199000000 bendB=98000000 bendC=0 refA=570465000 refB=279332000 refC=14000 bend_chk=['2831732721', '2864523249', '2477883377'] ref_chk=['2831732721', '2864523249', '2477883377']
bitset.length large calibrate count=50000 reps=1 bend_delta=-1000000ns ref_delta=142000ns bendA=0ns
bitset.length large calibrate count=3200000 reps=1 bend_delta=4000000ns ref_delta=9152000ns bendA=7000000ns
bitset.length large calibrate count=83200000 reps=1 bend_delta=77000000ns ref_delta=247967000ns bendA=167000000ns
bitset.length large calibrate count=166400000 reps=1 bend_delta=165000000ns ref_delta=489200000ns bendA=332000000ns
bitset.length large count=166400000 reps=1 sample=0 order=ABC bendA=334000000 bendB=166000000 bendC=0 refA=986660000 refB=479906000 refC=599000 bend_chk=['3909092674', '3522581826', '653043010'] ref_chk=['3909092674', '3522581826', '653043010']
bitset.length large count=166400000 reps=1 sample=1 order=CBA bendA=339000000 bendB=167000000 bendC=0 refA=952651000 refB=478120000 refC=619000 bend_chk=['3909092674', '3522581826', '653043010'] ref_chk=['3909092674', '3522581826', '653043010']
bitset.length large count=166400000 reps=1 sample=2 order=ABC bendA=332000000 bendB=165000000 bendC=1000000 refA=948401000 refB=480794000 refC=704000 bend_chk=['3909092674', '3522581826', '653043010'] ref_chk=['3909092674', '3522581826', '653043010']
bitset.length large count=166400000 reps=1 sample=3 order=CBA bendA=333000000 bendB=166000000 bendC=1000000 refA=964677000 refB=521798000 refC=617000 bend_chk=['3909092674', '3522581826', '653043010'] ref_chk=['3909092674', '3522581826', '653043010']
bitset.length large count=166400000 reps=1 sample=4 order=ABC bendA=334000000 bendB=167000000 bendC=1000000 refA=952464000 refB=475407000 refC=595000 bend_chk=['3909092674', '3522581826', '653043010'] ref_chk=['3909092674', '3522581826', '653043010']
bitset.length large count=166400000 reps=1 sample=5 order=CBA bendA=333000000 bendB=167000000 bendC=0 refA=941678000 refB=472368000 refC=610000 bend_chk=['3909092674', '3522581826', '653043010'] ref_chk=['3909092674', '3522581826', '653043010']
bitset.to_list small calibrate count=20000 reps=1 bend_delta=3000000ns ref_delta=1299000ns bendA=6000000ns
bitset.to_list small calibrate count=680000 reps=1 bend_delta=103000000ns ref_delta=44063000ns bendA=206000000ns
bitset.to_list small count=680000 reps=1 sample=0 order=ABC bendA=206000000 bendB=105000000 bendC=0 refA=88498000 refB=43960000 refC=1000 bend_chk=['1152426765', '3781918029', '2993952653'] ref_chk=['1152426765', '3781918029', '2993952653']
bitset.to_list small count=680000 reps=1 sample=1 order=CBA bendA=207000000 bendB=103000000 bendC=0 refA=87983000 refB=44088000 refC=0 bend_chk=['1152426765', '3781918029', '2993952653'] ref_chk=['1152426765', '3781918029', '2993952653']
bitset.to_list small count=680000 reps=1 sample=2 order=ABC bendA=207000000 bendB=104000000 bendC=0 refA=88126000 refB=44423000 refC=1000 bend_chk=['1152426765', '3781918029', '2993952653'] ref_chk=['1152426765', '3781918029', '2993952653']
bitset.to_list small count=680000 reps=1 sample=3 order=CBA bendA=207000000 bendB=105000000 bendC=0 refA=88747000 refB=44210000 refC=1000 bend_chk=['1152426765', '3781918029', '2993952653'] ref_chk=['1152426765', '3781918029', '2993952653']
bitset.to_list small count=680000 reps=1 sample=4 order=ABC bendA=208000000 bendB=103000000 bendC=0 refA=89102000 refB=44466000 refC=1000 bend_chk=['1152426765', '3781918029', '2993952653'] ref_chk=['1152426765', '3781918029', '2993952653']
bitset.to_list small count=680000 reps=1 sample=5 order=CBA bendA=209000000 bendB=104000000 bendC=0 refA=88681000 refB=44415000 refC=1000 bend_chk=['1152426765', '3781918029', '2993952653'] ref_chk=['1152426765', '3781918029', '2993952653']
bitset.to_list medium calibrate count=2000 reps=1 bend_delta=16000000ns ref_delta=8187000ns bendA=34000000ns
bitset.to_list medium calibrate count=14000 reps=1 bend_delta=117000000ns ref_delta=56522000ns bendA=233000000ns
bitset.to_list medium count=14000 reps=1 sample=0 order=ABC bendA=235000000 bendB=119000000 bendC=0 refA=113622000 refB=56893000 refC=10000 bend_chk=['3440803212', '1807389532', '781489452'] ref_chk=['3440803212', '1807389532', '781489452']
bitset.to_list medium count=14000 reps=1 sample=1 order=CBA bendA=234000000 bendB=116000000 bendC=0 refA=113116000 refB=56743000 refC=12000 bend_chk=['3440803212', '1807389532', '781489452'] ref_chk=['3440803212', '1807389532', '781489452']
bitset.to_list medium count=14000 reps=1 sample=2 order=ABC bendA=233000000 bendB=118000000 bendC=0 refA=114296000 refB=56621000 refC=10000 bend_chk=['3440803212', '1807389532', '781489452'] ref_chk=['3440803212', '1807389532', '781489452']
bitset.to_list medium count=14000 reps=1 sample=3 order=CBA bendA=234000000 bendB=117000000 bendC=0 refA=112890000 refB=56599000 refC=11000 bend_chk=['3440803212', '1807389532', '781489452'] ref_chk=['3440803212', '1807389532', '781489452']
bitset.to_list medium count=14000 reps=1 sample=4 order=ABC bendA=234000000 bendB=117000000 bendC=0 refA=114443000 refB=56865000 refC=10000 bend_chk=['3440803212', '1807389532', '781489452'] ref_chk=['3440803212', '1807389532', '781489452']
bitset.to_list medium count=14000 reps=1 sample=5 order=CBA bendA=233000000 bendB=116000000 bendC=0 refA=113284000 refB=56416000 refC=10000 bend_chk=['3440803212', '1807389532', '781489452'] ref_chk=['3440803212', '1807389532', '781489452']
bitset.to_list large calibrate count=50 reps=1 bend_delta=41000000ns ref_delta=12960000ns bendA=81000000ns
bitset.to_list large calibrate count=150 reps=1 bend_delta=112000000ns ref_delta=38809000ns bendA=235000000ns
bitset.to_list large count=150 reps=1 sample=0 order=ABC bendA=258000000 bendB=128000000 bendC=0 refA=78145000 refB=39324000 refC=609000 bend_chk=['3082457197', '1360007121', '263808805'] ref_chk=['3082457197', '1360007121', '263808805']
bitset.to_list large count=150 reps=1 sample=1 order=CBA bendA=235000000 bendB=122000000 bendC=0 refA=78523000 refB=39913000 refC=704000 bend_chk=['3082457197', '1360007121', '263808805'] ref_chk=['3082457197', '1360007121', '263808805']
bitset.to_list large count=150 reps=1 sample=2 order=ABC bendA=240000000 bendB=118000000 bendC=1000000 refA=78297000 refB=39352000 refC=598000 bend_chk=['3082457197', '1360007121', '263808805'] ref_chk=['3082457197', '1360007121', '263808805']
bitset.to_list large count=150 reps=1 sample=3 order=CBA bendA=243000000 bendB=123000000 bendC=0 refA=80218000 refB=43804000 refC=616000 bend_chk=['3082457197', '1360007121', '263808805'] ref_chk=['3082457197', '1360007121', '263808805']
bitset.to_list large count=150 reps=1 sample=4 order=ABC bendA=244000000 bendB=119000000 bendC=1000000 refA=78105000 refB=39506000 refC=600000 bend_chk=['3082457197', '1360007121', '263808805'] ref_chk=['3082457197', '1360007121', '263808805']
bitset.to_list large count=150 reps=1 sample=5 order=CBA bendA=236000000 bendB=132000000 bendC=0 refA=78570000 refB=39746000 refC=604000 bend_chk=['3082457197', '1360007121', '263808805'] ref_chk=['3082457197', '1360007121', '263808805']
bitset.union small calibrate count=50000 reps=1 bend_delta=-1000000ns ref_delta=57000ns bendA=0ns
bitset.union small calibrate count=3200000 reps=1 bend_delta=4000000ns ref_delta=3254000ns bendA=8000000ns
bitset.union small calibrate count=83200000 reps=1 bend_delta=108000000ns ref_delta=82387000ns bendA=212000000ns
bitset.union small count=83200000 reps=1 sample=0 order=ABC bendA=208000000 bendB=103000000 bendC=0 refA=169997000 refB=85615000 refC=1000 bend_chk=['1225780972', '3596752620', '2931048172'] ref_chk=['1225780972', '3596752620', '2931048172']
bitset.union small count=83200000 reps=1 sample=1 order=CBA bendA=207000000 bendB=106000000 bendC=0 refA=177365000 refB=97036000 refC=0 bend_chk=['1225780972', '3596752620', '2931048172'] ref_chk=['1225780972', '3596752620', '2931048172']
bitset.union small count=83200000 reps=1 sample=2 order=ABC bendA=355000000 bendB=104000000 bendC=0 refA=173264000 refB=85366000 refC=1000 bend_chk=['1225780972', '3596752620', '2931048172'] ref_chk=['1225780972', '3596752620', '2931048172']
bitset.union small count=83200000 reps=1 sample=3 order=CBA bendA=245000000 bendB=179000000 bendC=0 refA=194742000 refB=97242000 refC=1000 bend_chk=['1225780972', '3596752620', '2931048172'] ref_chk=['1225780972', '3596752620', '2931048172']
bitset.union small count=83200000 reps=1 sample=4 order=ABC bendA=209000000 bendB=105000000 bendC=0 refA=202190000 refB=105156000 refC=8000 bend_chk=['1225780972', '3596752620', '2931048172'] ref_chk=['1225780972', '3596752620', '2931048172']
bitset.union small count=83200000 reps=1 sample=5 order=CBA bendA=239000000 bendB=160000000 bendC=0 refA=173265000 refB=85886000 refC=2000 bend_chk=['1225780972', '3596752620', '2931048172'] ref_chk=['1225780972', '3596752620', '2931048172']
bitset.union medium calibrate count=20000 reps=1 bend_delta=1000000ns ref_delta=995000ns bendA=2000000ns
bitset.union medium calibrate count=1280000 reps=1 bend_delta=63000000ns ref_delta=66443000ns bendA=126000000ns
bitset.union medium calibrate count=2560000 reps=1 bend_delta=126000000ns ref_delta=124817000ns bendA=250000000ns
bitset.union medium count=2560000 reps=1 sample=0 order=ABC bendA=253000000 bendB=125000000 bendC=0 refA=250960000 refB=127375000 refC=12000 bend_chk=['2445732975', '2905963631', '3835956335'] ref_chk=['2445732975', '2905963631', '3835956335']
bitset.union medium count=2560000 reps=1 sample=1 order=CBA bendA=249000000 bendB=127000000 bendC=0 refA=253000000 refB=127396000 refC=11000 bend_chk=['2445732975', '2905963631', '3835956335'] ref_chk=['2445732975', '2905963631', '3835956335']
bitset.union medium count=2560000 reps=1 sample=2 order=ABC bendA=246000000 bendB=123000000 bendC=0 refA=256180000 refB=128563000 refC=12000 bend_chk=['2445732975', '2905963631', '3835956335'] ref_chk=['2445732975', '2905963631', '3835956335']
bitset.union medium count=2560000 reps=1 sample=3 order=CBA bendA=248000000 bendB=125000000 bendC=0 refA=253117000 refB=126852000 refC=11000 bend_chk=['2445732975', '2905963631', '3835956335'] ref_chk=['2445732975', '2905963631', '3835956335']
bitset.union medium count=2560000 reps=1 sample=4 order=ABC bendA=264000000 bendB=193000000 bendC=0 refA=254266000 refB=127040000 refC=16000 bend_chk=['2445732975', '2905963631', '3835956335'] ref_chk=['2445732975', '2905963631', '3835956335']
bitset.union medium count=2560000 reps=1 sample=5 order=CBA bendA=250000000 bendB=123000000 bendC=0 refA=256341000 refB=127268000 refC=11000 bend_chk=['2445732975', '2905963631', '3835956335'] ref_chk=['2445732975', '2905963631', '3835956335']
bitset.union large calibrate count=500 reps=1 bend_delta=1000000ns ref_delta=1501000ns bendA=3000000ns
bitset.union large calibrate count=32000 reps=1 bend_delta=88000000ns ref_delta=94242000ns bendA=176000000ns
bitset.union large calibrate count=64000 reps=1 bend_delta=172000000ns ref_delta=185955000ns bendA=348000000ns
bitset.union large count=64000 reps=1 sample=0 order=ABC bendA=351000000 bendB=177000000 bendC=0 refA=370845000 refB=185738000 refC=618000 bend_chk=['4237190404', '391853828', '3050834180'] ref_chk=['4237190404', '391853828', '3050834180']
bitset.union large count=64000 reps=1 sample=1 order=CBA bendA=360000000 bendB=176000000 bendC=0 refA=372059000 refB=188535000 refC=687000 bend_chk=['4237190404', '391853828', '3050834180'] ref_chk=['4237190404', '391853828', '3050834180']
bitset.union large count=64000 reps=1 sample=2 order=ABC bendA=350000000 bendB=175000000 bendC=0 refA=371256000 refB=185754000 refC=611000 bend_chk=['4237190404', '391853828', '3050834180'] ref_chk=['4237190404', '391853828', '3050834180']
bitset.union large count=64000 reps=1 sample=3 order=CBA bendA=353000000 bendB=175000000 bendC=1000000 refA=370796000 refB=186367000 refC=710000 bend_chk=['4237190404', '391853828', '3050834180'] ref_chk=['4237190404', '391853828', '3050834180']
bitset.union large count=64000 reps=1 sample=4 order=ABC bendA=353000000 bendB=174000000 bendC=1000000 refA=373003000 refB=185371000 refC=597000 bend_chk=['4237190404', '391853828', '3050834180'] ref_chk=['4237190404', '391853828', '3050834180']
bitset.union large count=64000 reps=1 sample=5 order=CBA bendA=347000000 bendB=176000000 bendC=0 refA=372366000 refB=186910000 refC=610000 bend_chk=['4237190404', '391853828', '3050834180'] ref_chk=['4237190404', '391853828', '3050834180']
bitset.intersection small calibrate count=50000 reps=1 bend_delta=0ns ref_delta=60000ns bendA=0ns
bitset.intersection small calibrate count=3200000 reps=1 bend_delta=1000000ns ref_delta=3590000ns bendA=8000000ns
bitset.intersection small calibrate count=204800000 reps=1 bend_delta=459000000ns ref_delta=222613000ns bendA=714000000ns
bitset.intersection small count=204800000 reps=1 sample=0 order=ABC bendA=515000000 bendB=255000000 bendC=0 refA=425176000 refB=213174000 refC=1000 bend_chk=['2181689991', '3885953671', '1295250055'] ref_chk=['2181689991', '3885953671', '1295250055']
bitset.intersection small count=204800000 reps=1 sample=1 order=CBA bendA=509000000 bendB=255000000 bendC=0 refA=427279000 refB=214653000 refC=1000 bend_chk=['2181689991', '3885953671', '1295250055'] ref_chk=['2181689991', '3885953671', '1295250055']
bitset.intersection small count=204800000 reps=1 sample=2 order=ABC bendA=509000000 bendB=257000000 bendC=0 refA=459779000 refB=214175000 refC=0 bend_chk=['2181689991', '3885953671', '1295250055'] ref_chk=['2181689991', '3885953671', '1295250055']
bitset.intersection small count=204800000 reps=1 sample=3 order=CBA bendA=574000000 bendB=254000000 bendC=0 refA=428664000 refB=213676000 refC=1000 bend_chk=['2181689991', '3885953671', '1295250055'] ref_chk=['2181689991', '3885953671', '1295250055']
bitset.intersection small count=204800000 reps=1 sample=4 order=ABC bendA=511000000 bendB=254000000 bendC=0 refA=430091000 refB=212545000 refC=4000 bend_chk=['2181689991', '3885953671', '1295250055'] ref_chk=['2181689991', '3885953671', '1295250055']
bitset.intersection small count=204800000 reps=1 sample=5 order=CBA bendA=508000000 bendB=291000000 bendC=0 refA=425632000 refB=221561000 refC=0 bend_chk=['2181689991', '3885953671', '1295250055'] ref_chk=['2181689991', '3885953671', '1295250055']
bitset.intersection medium calibrate count=20000 reps=1 bend_delta=1000000ns ref_delta=955000ns bendA=2000000ns
bitset.intersection medium calibrate count=1280000 reps=1 bend_delta=61000000ns ref_delta=63290000ns bendA=123000000ns
bitset.intersection medium calibrate count=2560000 reps=1 bend_delta=123000000ns ref_delta=123331000ns bendA=248000000ns
bitset.intersection medium count=2560000 reps=1 sample=0 order=ABC bendA=248000000 bendB=123000000 bendC=0 refA=254072000 refB=126907000 refC=10000 bend_chk=['725180464', '4044271664', '2732851248'] ref_chk=['725180464', '4044271664', '2732851248']
bitset.intersection medium count=2560000 reps=1 sample=1 order=CBA bendA=252000000 bendB=124000000 bendC=0 refA=251092000 refB=125290000 refC=11000 bend_chk=['725180464', '4044271664', '2732851248'] ref_chk=['725180464', '4044271664', '2732851248']
bitset.intersection medium count=2560000 reps=1 sample=2 order=ABC bendA=248000000 bendB=123000000 bendC=0 refA=250814000 refB=126013000 refC=9000 bend_chk=['725180464', '4044271664', '2732851248'] ref_chk=['725180464', '4044271664', '2732851248']
bitset.intersection medium count=2560000 reps=1 sample=3 order=CBA bendA=247000000 bendB=123000000 bendC=0 refA=251401000 refB=126738000 refC=11000 bend_chk=['725180464', '4044271664', '2732851248'] ref_chk=['725180464', '4044271664', '2732851248']
bitset.intersection medium count=2560000 reps=1 sample=4 order=ABC bendA=247000000 bendB=124000000 bendC=0 refA=251745000 refB=126470000 refC=10000 bend_chk=['725180464', '4044271664', '2732851248'] ref_chk=['725180464', '4044271664', '2732851248']
bitset.intersection medium count=2560000 reps=1 sample=5 order=CBA bendA=246000000 bendB=125000000 bendC=0 refA=251604000 refB=125644000 refC=10000 bend_chk=['725180464', '4044271664', '2732851248'] ref_chk=['725180464', '4044271664', '2732851248']
bitset.intersection large calibrate count=500 reps=1 bend_delta=3000000ns ref_delta=1438000ns bendA=4000000ns
bitset.intersection large calibrate count=17000 reps=1 bend_delta=46000000ns ref_delta=49060000ns bendA=93000000ns
bitset.intersection large calibrate count=51000 reps=1 bend_delta=142000000ns ref_delta=147022000ns bendA=282000000ns
bitset.intersection large count=51000 reps=1 sample=0 order=ABC bendA=280000000 bendB=141000000 bendC=0 refA=296689000 refB=148608000 refC=601000 bend_chk=['1202167747', '1345433403', '3780773299'] ref_chk=['1202167747', '1345433403', '3780773299']
bitset.intersection large count=51000 reps=1 sample=1 order=CBA bendA=280000000 bendB=141000000 bendC=0 refA=305249000 refB=150173000 refC=605000 bend_chk=['1202167747', '1345433403', '3780773299'] ref_chk=['1202167747', '1345433403', '3780773299']
bitset.intersection large count=51000 reps=1 sample=2 order=ABC bendA=281000000 bendB=140000000 bendC=0 refA=297128000 refB=150179000 refC=626000 bend_chk=['1202167747', '1345433403', '3780773299'] ref_chk=['1202167747', '1345433403', '3780773299']
bitset.intersection large count=51000 reps=1 sample=3 order=CBA bendA=280000000 bendB=139000000 bendC=1000000 refA=294992000 refB=148881000 refC=698000 bend_chk=['1202167747', '1345433403', '3780773299'] ref_chk=['1202167747', '1345433403', '3780773299']
bitset.intersection large count=51000 reps=1 sample=4 order=ABC bendA=285000000 bendB=140000000 bendC=1000000 refA=295122000 refB=147957000 refC=621000 bend_chk=['1202167747', '1345433403', '3780773299'] ref_chk=['1202167747', '1345433403', '3780773299']
bitset.intersection large count=51000 reps=1 sample=5 order=CBA bendA=277000000 bendB=139000000 bendC=1000000 refA=295400000 refB=149768000 refC=600000 bend_chk=['1202167747', '1345433403', '3780773299'] ref_chk=['1202167747', '1345433403', '3780773299']
bitset.difference small calibrate count=50000 reps=1 bend_delta=0ns ref_delta=58000ns bendA=0ns
bitset.difference small calibrate count=3200000 reps=1 bend_delta=4000000ns ref_delta=3462000ns bendA=8000000ns
bitset.difference small calibrate count=83200000 reps=1 bend_delta=102000000ns ref_delta=87915000ns bendA=206000000ns
bitset.difference small count=83200000 reps=1 sample=0 order=ABC bendA=210000000 bendB=104000000 bendC=0 refA=176742000 refB=87742000 refC=1000 bend_chk=['2577756988', '3088603964', '160121702'] ref_chk=['2577756988', '3088603964', '160121702']
bitset.difference small count=83200000 reps=1 sample=1 order=CBA bendA=210000000 bendB=104000000 bendC=0 refA=179784000 refB=89254000 refC=0 bend_chk=['2577756988', '3088603964', '160121702'] ref_chk=['2577756988', '3088603964', '160121702']
bitset.difference small count=83200000 reps=1 sample=2 order=ABC bendA=213000000 bendB=113000000 bendC=0 refA=178229000 refB=86605000 refC=0 bend_chk=['2577756988', '3088603964', '160121702'] ref_chk=['2577756988', '3088603964', '160121702']
bitset.difference small count=83200000 reps=1 sample=3 order=CBA bendA=207000000 bendB=105000000 bendC=0 refA=173088000 refB=87094000 refC=1000 bend_chk=['2577756988', '3088603964', '160121702'] ref_chk=['2577756988', '3088603964', '160121702']
bitset.difference small count=83200000 reps=1 sample=4 order=ABC bendA=209000000 bendB=103000000 bendC=0 refA=173180000 refB=87736000 refC=1000 bend_chk=['2577756988', '3088603964', '160121702'] ref_chk=['2577756988', '3088603964', '160121702']
bitset.difference small count=83200000 reps=1 sample=5 order=CBA bendA=206000000 bendB=104000000 bendC=0 refA=177329000 refB=87195000 refC=0 bend_chk=['2577756988', '3088603964', '160121702'] ref_chk=['2577756988', '3088603964', '160121702']
bitset.difference medium calibrate count=20000 reps=1 bend_delta=1000000ns ref_delta=990000ns bendA=2000000ns
bitset.difference medium calibrate count=1280000 reps=1 bend_delta=61000000ns ref_delta=63182000ns bendA=123000000ns
bitset.difference medium calibrate count=2560000 reps=1 bend_delta=124000000ns ref_delta=126066000ns bendA=249000000ns
bitset.difference medium count=2560000 reps=1 sample=0 order=ABC bendA=249000000 bendB=124000000 bendC=0 refA=250470000 refB=126341000 refC=18000 bend_chk=['2228581972', '1773766228', '178102391'] ref_chk=['2228581972', '1773766228', '178102391']
bitset.difference medium count=2560000 reps=1 sample=1 order=CBA bendA=253000000 bendB=126000000 bendC=0 refA=252515000 refB=126265000 refC=12000 bend_chk=['2228581972', '1773766228', '178102391'] ref_chk=['2228581972', '1773766228', '178102391']
bitset.difference medium count=2560000 reps=1 sample=2 order=ABC bendA=250000000 bendB=125000000 bendC=0 refA=251578000 refB=125769000 refC=10000 bend_chk=['2228581972', '1773766228', '178102391'] ref_chk=['2228581972', '1773766228', '178102391']
bitset.difference medium count=2560000 reps=1 sample=3 order=CBA bendA=249000000 bendB=125000000 bendC=0 refA=251553000 refB=125798000 refC=10000 bend_chk=['2228581972', '1773766228', '178102391'] ref_chk=['2228581972', '1773766228', '178102391']
bitset.difference medium count=2560000 reps=1 sample=4 order=ABC bendA=249000000 bendB=124000000 bendC=0 refA=249680000 refB=125915000 refC=9000 bend_chk=['2228581972', '1773766228', '178102391'] ref_chk=['2228581972', '1773766228', '178102391']
bitset.difference medium count=2560000 reps=1 sample=5 order=CBA bendA=249000000 bendB=127000000 bendC=0 refA=253822000 refB=126637000 refC=10000 bend_chk=['2228581972', '1773766228', '178102391'] ref_chk=['2228581972', '1773766228', '178102391']
bitset.difference large calibrate count=500 reps=1 bend_delta=2000000ns ref_delta=1446000ns bendA=3000000ns
bitset.difference large calibrate count=25500 reps=1 bend_delta=71000000ns ref_delta=73584000ns bendA=141000000ns
bitset.difference large calibrate count=51000 reps=1 bend_delta=138000000ns ref_delta=147093000ns bendA=281000000ns
bitset.difference large count=51000 reps=1 sample=0 order=ABC bendA=283000000 bendB=141000000 bendC=1000000 refA=296854000 refB=147987000 refC=604000 bend_chk=['951031532', '2188363012', '2328360610'] ref_chk=['951031532', '2188363012', '2328360610']
bitset.difference large count=51000 reps=1 sample=1 order=CBA bendA=284000000 bendB=143000000 bendC=1000000 refA=298157000 refB=148398000 refC=608000 bend_chk=['951031532', '2188363012', '2328360610'] ref_chk=['951031532', '2188363012', '2328360610']
bitset.difference large count=51000 reps=1 sample=2 order=ABC bendA=284000000 bendB=143000000 bendC=0 refA=294980000 refB=148083000 refC=609000 bend_chk=['951031532', '2188363012', '2328360610'] ref_chk=['951031532', '2188363012', '2328360610']
bitset.difference large count=51000 reps=1 sample=3 order=CBA bendA=285000000 bendB=140000000 bendC=1000000 refA=295057000 refB=147986000 refC=699000 bend_chk=['951031532', '2188363012', '2328360610'] ref_chk=['951031532', '2188363012', '2328360610']
bitset.difference large count=51000 reps=1 sample=4 order=ABC bendA=282000000 bendB=140000000 bendC=1000000 refA=297113000 refB=148080000 refC=597000 bend_chk=['951031532', '2188363012', '2328360610'] ref_chk=['951031532', '2188363012', '2328360610']
bitset.difference large count=51000 reps=1 sample=5 order=CBA bendA=283000000 bendB=141000000 bendC=0 refA=296844000 refB=147474000 refC=609000 bend_chk=['951031532', '2188363012', '2328360610'] ref_chk=['951031532', '2188363012', '2328360610']
bitset.xor small calibrate count=50000 reps=1 bend_delta=0ns ref_delta=49000ns bendA=0ns
bitset.xor small calibrate count=3200000 reps=1 bend_delta=4000000ns ref_delta=3559000ns bendA=8000000ns
bitset.xor small calibrate count=83200000 reps=1 bend_delta=76000000ns ref_delta=88029000ns bendA=208000000ns
bitset.xor small calibrate count=166400000 reps=1 bend_delta=102000000ns ref_delta=169998000ns bendA=417000000ns
bitset.xor small count=166400000 reps=1 sample=0 order=ABC bendA=711000000 bendB=206000000 bendC=0 refA=345342000 refB=173597000 refC=1000 bend_chk=['1772032179', '709861555', '2264936627'] ref_chk=['1772032179', '709861555', '2264936627']
bitset.xor small count=166400000 reps=1 sample=1 order=CBA bendA=413000000 bendB=207000000 bendC=0 refA=340562000 refB=169692000 refC=1000 bend_chk=['1772032179', '709861555', '2264936627'] ref_chk=['1772032179', '709861555', '2264936627']
bitset.xor small count=166400000 reps=1 sample=2 order=ABC bendA=414000000 bendB=207000000 bendC=0 refA=347115000 refB=175642000 refC=0 bend_chk=['1772032179', '709861555', '2264936627'] ref_chk=['1772032179', '709861555', '2264936627']
bitset.xor small count=166400000 reps=1 sample=3 order=CBA bendA=414000000 bendB=227000000 bendC=0 refA=348549000 refB=173050000 refC=0 bend_chk=['1772032179', '709861555', '2264936627'] ref_chk=['1772032179', '709861555', '2264936627']
bitset.xor small count=166400000 reps=1 sample=4 order=ABC bendA=708000000 bendB=207000000 bendC=0 refA=346821000 refB=173541000 refC=1000 bend_chk=['1772032179', '709861555', '2264936627'] ref_chk=['1772032179', '709861555', '2264936627']
bitset.xor small count=166400000 reps=1 sample=5 order=CBA bendA=415000000 bendB=352000000 bendC=0 refA=339800000 refB=170685000 refC=0 bend_chk=['1772032179', '709861555', '2264936627'] ref_chk=['1772032179', '709861555', '2264936627']
bitset.xor medium calibrate count=20000 reps=1 bend_delta=1000000ns ref_delta=997000ns bendA=2000000ns
bitset.xor medium calibrate count=1280000 reps=1 bend_delta=59000000ns ref_delta=60566000ns bendA=126000000ns
bitset.xor medium calibrate count=2560000 reps=1 bend_delta=129000000ns ref_delta=135551000ns bendA=261000000ns
bitset.xor medium count=2560000 reps=1 sample=0 order=ABC bendA=267000000 bendB=128000000 bendC=0 refA=255474000 refB=139090000 refC=11000 bend_chk=['3515637836', '1658007628', '2149187660'] ref_chk=['3515637836', '1658007628', '2149187660']
bitset.xor medium count=2560000 reps=1 sample=1 order=CBA bendA=252000000 bendB=126000000 bendC=0 refA=296056000 refB=127897000 refC=12000 bend_chk=['3515637836', '1658007628', '2149187660'] ref_chk=['3515637836', '1658007628', '2149187660']
bitset.xor medium count=2560000 reps=1 sample=2 order=ABC bendA=258000000 bendB=124000000 bendC=0 refA=270989000 refB=127131000 refC=23000 bend_chk=['3515637836', '1658007628', '2149187660'] ref_chk=['3515637836', '1658007628', '2149187660']
bitset.xor medium count=2560000 reps=1 sample=3 order=CBA bendA=266000000 bendB=126000000 bendC=0 refA=257750000 refB=135393000 refC=12000 bend_chk=['3515637836', '1658007628', '2149187660'] ref_chk=['3515637836', '1658007628', '2149187660']
bitset.xor medium count=2560000 reps=1 sample=4 order=ABC bendA=261000000 bendB=126000000 bendC=0 refA=253180000 refB=135400000 refC=21000 bend_chk=['3515637836', '1658007628', '2149187660'] ref_chk=['3515637836', '1658007628', '2149187660']
bitset.xor medium count=2560000 reps=1 sample=5 order=CBA bendA=306000000 bendB=140000000 bendC=0 refA=455671000 refB=247180000 refC=10000 bend_chk=['3515637836', '1658007628', '2149187660'] ref_chk=['3515637836', '1658007628', '2149187660']
bitset.xor large calibrate count=500 reps=1 bend_delta=-1000000ns ref_delta=5487000ns bendA=5000000ns
bitset.xor large calibrate count=32000 reps=1 bend_delta=65000000ns ref_delta=102963000ns bendA=187000000ns
bitset.xor large calibrate count=64000 reps=1 bend_delta=194000000ns ref_delta=200963000ns bendA=386000000ns
bitset.xor large count=64000 reps=1 sample=0 order=ABC bendA=364000000 bendB=184000000 bendC=1000000 refA=379441000 refB=192564000 refC=624000 bend_chk=['603450225', '2881643889', '3002916721'] ref_chk=['603450225', '2881643889', '3002916721']
bitset.xor large count=64000 reps=1 sample=1 order=CBA bendA=371000000 bendB=185000000 bendC=1000000 refA=388171000 refB=189474000 refC=709000 bend_chk=['603450225', '2881643889', '3002916721'] ref_chk=['603450225', '2881643889', '3002916721']
bitset.xor large count=64000 reps=1 sample=2 order=ABC bendA=390000000 bendB=189000000 bendC=1000000 refA=387227000 refB=194731000 refC=667000 bend_chk=['603450225', '2881643889', '3002916721'] ref_chk=['603450225', '2881643889', '3002916721']
bitset.xor large count=64000 reps=1 sample=3 order=CBA bendA=373000000 bendB=181000000 bendC=1000000 refA=385096000 refB=193426000 refC=625000 bend_chk=['603450225', '2881643889', '3002916721'] ref_chk=['603450225', '2881643889', '3002916721']
bitset.xor large count=64000 reps=1 sample=4 order=ABC bendA=369000000 bendB=187000000 bendC=0 refA=383502000 refB=193928000 refC=679000 bend_chk=['603450225', '2881643889', '3002916721'] ref_chk=['603450225', '2881643889', '3002916721']
bitset.xor large count=64000 reps=1 sample=5 order=CBA bendA=370000000 bendB=183000000 bendC=0 refA=390628000 refB=190018000 refC=615000 bend_chk=['603450225', '2881643889', '3002916721'] ref_chk=['603450225', '2881643889', '3002916721']
bitset.new small calibrate count=200000 reps=1 bend_delta=1000000ns ref_delta=1985000ns bendA=1000000ns
bitset.new small calibrate count=12800000 reps=1 bend_delta=37000000ns ref_delta=126640000ns bendA=71000000ns
bitset.new small calibrate count=38400000 reps=1 bend_delta=104000000ns ref_delta=384552000ns bendA=219000000ns
bitset.new small count=38400000 reps=1 sample=0 order=ABC bendA=259000000 bendB=132000000 bendC=0 refA=778203000 refB=392241000 refC=0 bend_chk=['1721351524', '3822087524', '1292311908'] ref_chk=['1721351524', '3822087524', '1292311908']
bitset.new small count=38400000 reps=1 sample=1 order=CBA bendA=271000000 bendB=117000000 bendC=0 refA=842828000 refB=380596000 refC=1000 bend_chk=['1721351524', '3822087524', '1292311908'] ref_chk=['1721351524', '3822087524', '1292311908']
bitset.new small count=38400000 reps=1 sample=2 order=ABC bendA=237000000 bendB=127000000 bendC=0 refA=835046000 refB=384546000 refC=0 bend_chk=['1721351524', '3822087524', '1292311908'] ref_chk=['1721351524', '3822087524', '1292311908']
bitset.new small count=38400000 reps=1 sample=3 order=CBA bendA=277000000 bendB=118000000 bendC=0 refA=756044000 refB=409691000 refC=1000 bend_chk=['1721351524', '3822087524', '1292311908'] ref_chk=['1721351524', '3822087524', '1292311908']
bitset.new small count=38400000 reps=1 sample=4 order=ABC bendA=213000000 bendB=107000000 bendC=0 refA=710538000 refB=356698000 refC=0 bend_chk=['1721351524', '3822087524', '1292311908'] ref_chk=['1721351524', '3822087524', '1292311908']
bitset.new small count=38400000 reps=1 sample=5 order=CBA bendA=206000000 bendB=100000000 bendC=0 refA=708653000 refB=343957000 refC=1000 bend_chk=['1721351524', '3822087524', '1292311908'] ref_chk=['1721351524', '3822087524', '1292311908']
bitset.new medium calibrate count=200000 reps=1 bend_delta=0ns ref_delta=1831000ns bendA=1000000ns
bitset.new medium calibrate count=12800000 reps=1 bend_delta=35000000ns ref_delta=119237000ns bendA=67000000ns
bitset.new medium calibrate count=38400000 reps=1 bend_delta=101000000ns ref_delta=474814000ns bendA=202000000ns
bitset.new medium count=38400000 reps=1 sample=0 order=ABC bendA=194000000 bendB=98000000 bendC=0 refA=710948000 refB=353048000 refC=10000 bend_chk=['98863883', '316865291', '4225854219'] ref_chk=['98863883', '316865291', '4225854219']
bitset.new medium count=38400000 reps=1 sample=1 order=CBA bendA=199000000 bendB=95000000 bendC=0 refA=706105000 refB=354409000 refC=10000 bend_chk=['98863883', '316865291', '4225854219'] ref_chk=['98863883', '316865291', '4225854219']
bitset.new medium count=38400000 reps=1 sample=2 order=ABC bendA=197000000 bendB=100000000 bendC=0 refA=722021000 refB=362686000 refC=10000 bend_chk=['98863883', '316865291', '4225854219'] ref_chk=['98863883', '316865291', '4225854219']
bitset.new medium count=38400000 reps=1 sample=3 order=CBA bendA=194000000 bendB=95000000 bendC=0 refA=693270000 refB=346854000 refC=10000 bend_chk=['98863883', '316865291', '4225854219'] ref_chk=['98863883', '316865291', '4225854219']
bitset.new medium count=38400000 reps=1 sample=4 order=ABC bendA=194000000 bendB=98000000 bendC=0 refA=691904000 refB=345670000 refC=10000 bend_chk=['98863883', '316865291', '4225854219'] ref_chk=['98863883', '316865291', '4225854219']
bitset.new medium count=38400000 reps=1 sample=5 order=CBA bendA=193000000 bendB=96000000 bendC=0 refA=688168000 refB=361381000 refC=10000 bend_chk=['98863883', '316865291', '4225854219'] ref_chk=['98863883', '316865291', '4225854219']
bitset.new large calibrate count=50000 reps=1 bend_delta=-1000000ns ref_delta=650000ns bendA=0ns
bitset.new large calibrate count=3200000 reps=1 bend_delta=9000000ns ref_delta=28311000ns bendA=17000000ns
bitset.new large calibrate count=38400000 reps=1 bend_delta=91000000ns ref_delta=357166000ns bendA=193000000ns
bitset.new large calibrate count=76800000 reps=1 bend_delta=207000000ns ref_delta=697256000ns bendA=408000000ns
bitset.new large count=76800000 reps=1 sample=0 order=ABC bendA=386000000 bendB=197000000 bendC=0 refA=1489680000 refB=667062000 refC=598000 bend_chk=['2527429836', '2168054988', '2613986508'] ref_chk=['2527429836', '2168054988', '2613986508']
bitset.new large count=76800000 reps=1 sample=1 order=CBA bendA=403000000 bendB=193000000 bendC=0 refA=1417488000 refB=698908000 refC=601000 bend_chk=['2527429836', '2168054988', '2613986508'] ref_chk=['2527429836', '2168054988', '2613986508']
bitset.new large count=76800000 reps=1 sample=2 order=ABC bendA=385000000 bendB=195000000 bendC=0 refA=1415660000 refB=708741000 refC=605000 bend_chk=['2527429836', '2168054988', '2613986508'] ref_chk=['2527429836', '2168054988', '2613986508']
bitset.new large count=76800000 reps=1 sample=3 order=CBA bendA=388000000 bendB=192000000 bendC=0 refA=1377394000 refB=714177000 refC=711000 bend_chk=['2527429836', '2168054988', '2613986508'] ref_chk=['2527429836', '2168054988', '2613986508']
bitset.new large count=76800000 reps=1 sample=4 order=ABC bendA=384000000 bendB=191000000 bendC=1000000 refA=1388794000 refB=696126000 refC=600000 bend_chk=['2527429836', '2168054988', '2613986508'] ref_chk=['2527429836', '2168054988', '2613986508']
bitset.new large count=76800000 reps=1 sample=5 order=CBA bendA=382000000 bendB=191000000 bendC=0 refA=1415282000 refB=715999000 refC=632000 bend_chk=['2527429836', '2168054988', '2613986508'] ref_chk=['2527429836', '2168054988', '2613986508']
lru.add small calibrate count=100000 reps=1 bend_delta=15000000ns ref_delta=932000ns bendA=27000000ns
lru.add small calibrate count=700000 reps=1 bend_delta=93000000ns ref_delta=6526000ns bendA=181000000ns
lru.add small calibrate count=1400000 reps=1 bend_delta=178000000ns ref_delta=12770000ns bendA=357000000ns
lru.add small count=1400000 reps=1 sample=0 order=ABC bendA=363000000 bendB=188000000 bendC=0 refA=25847000 refB=13012000 refC=1000 bend_chk=['4274742812', '322661299', '2125761260'] ref_chk=['4274742812', '322661299', '2125761260']
lru.add small count=1400000 reps=1 sample=1 order=CBA bendA=356000000 bendB=178000000 bendC=0 refA=25540000 refB=12575000 refC=4000 bend_chk=['4274742812', '322661299', '2125761260'] ref_chk=['4274742812', '322661299', '2125761260']
lru.add small count=1400000 reps=1 sample=2 order=ABC bendA=355000000 bendB=181000000 bendC=0 refA=26400000 refB=12986000 refC=1000 bend_chk=['4274742812', '322661299', '2125761260'] ref_chk=['4274742812', '322661299', '2125761260']
lru.add small count=1400000 reps=1 sample=3 order=CBA bendA=355000000 bendB=178000000 bendC=0 refA=25702000 refB=12734000 refC=4000 bend_chk=['4274742812', '322661299', '2125761260'] ref_chk=['4274742812', '322661299', '2125761260']
lru.add small count=1400000 reps=1 sample=4 order=ABC bendA=357000000 bendB=180000000 bendC=0 refA=25657000 refB=12787000 refC=1000 bend_chk=['4274742812', '322661299', '2125761260'] ref_chk=['4274742812', '322661299', '2125761260']
lru.add small count=1400000 reps=1 sample=5 order=CBA bendA=354000000 bendB=178000000 bendC=0 refA=25654000 refB=12700000 refC=4000 bend_chk=['4274742812', '322661299', '2125761260'] ref_chk=['4274742812', '322661299', '2125761260']
lru.add medium calibrate count=50000 reps=1 bend_delta=12000000ns ref_delta=484000ns bendA=26000000ns
lru.add medium calibrate count=450000 reps=1 bend_delta=115000000ns ref_delta=4487000ns bendA=227000000ns
lru.add medium count=450000 reps=1 sample=0 order=ABC bendA=224000000 bendB=113000000 bendC=1000000 refA=8861000 refB=4469000 refC=43000 bend_chk=['1431610052', '3669629440', '937540818'] ref_chk=['1431610052', '3669629440', '937540818']
lru.add medium count=450000 reps=1 sample=1 order=CBA bendA=227000000 bendB=112000000 bendC=2000000 refA=8940000 refB=4482000 refC=65000 bend_chk=['1431610052', '3669629440', '937540818'] ref_chk=['1431610052', '3669629440', '937540818']
lru.add medium count=450000 reps=1 sample=2 order=ABC bendA=224000000 bendB=114000000 bendC=2000000 refA=9300000 refB=4698000 refC=43000 bend_chk=['1431610052', '3669629440', '937540818'] ref_chk=['1431610052', '3669629440', '937540818']
lru.add medium count=450000 reps=1 sample=3 order=CBA bendA=227000000 bendB=115000000 bendC=1000000 refA=8849000 refB=4497000 refC=69000 bend_chk=['1431610052', '3669629440', '937540818'] ref_chk=['1431610052', '3669629440', '937540818']
lru.add medium count=450000 reps=1 sample=4 order=ABC bendA=227000000 bendB=118000000 bendC=1000000 refA=8863000 refB=4482000 refC=41000 bend_chk=['1431610052', '3669629440', '937540818'] ref_chk=['1431610052', '3669629440', '937540818']
lru.add medium count=450000 reps=1 sample=5 order=CBA bendA=228000000 bendB=113000000 bendC=1000000 refA=9024000 refB=4473000 refC=63000 bend_chk=['1431610052', '3669629440', '937540818'] ref_chk=['1431610052', '3669629440', '937540818']
lru.add large calibrate count=20000 reps=1 bend_delta=18000000ns ref_delta=1505000ns bendA=151000000ns
lru.add large calibrate count=120000 reps=1 bend_delta=129000000ns ref_delta=2071000ns bendA=341000000ns
lru.add large count=120000 reps=1 sample=0 order=ABC bendA=340000000 bendB=231000000 bendC=132000000 refA=9496000 refB=6029000 refC=2910000 bend_chk=['2107586515', '1554483771', '328663582'] ref_chk=['2107586515', '1554483771', '328663582']
lru.add large count=120000 reps=1 sample=1 order=CBA bendA=349000000 bendB=221000000 bendC=116000000 refA=8361000 refB=5707000 refC=3781000 bend_chk=['2107586515', '1554483771', '328663582'] ref_chk=['2107586515', '1554483771', '328663582']
lru.add large count=120000 reps=1 sample=2 order=ABC bendA=298000000 bendB=227000000 bendC=127000000 refA=9383000 refB=5755000 refC=2896000 bend_chk=['2107586515', '1554483771', '328663582'] ref_chk=['2107586515', '1554483771', '328663582']
lru.add large count=120000 reps=1 sample=3 order=CBA bendA=322000000 bendB=218000000 bendC=117000000 refA=8383000 refB=5868000 refC=3736000 bend_chk=['2107586515', '1554483771', '328663582'] ref_chk=['2107586515', '1554483771', '328663582']
lru.add large count=120000 reps=1 sample=4 order=ABC bendA=305000000 bendB=223000000 bendC=143000000 refA=9418000 refB=5699000 refC=2892000 bend_chk=['2107586515', '1554483771', '328663582'] ref_chk=['2107586515', '1554483771', '328663582']
lru.add large count=120000 reps=1 sample=5 order=CBA bendA=328000000 bendB=210000000 bendC=116000000 refA=8497000 refB=5912000 refC=3818000 bend_chk=['2107586515', '1554483771', '328663582'] ref_chk=['2107586515', '1554483771', '328663582']
lru.get small calibrate count=100000 reps=1 bend_delta=10000000ns ref_delta=1042000ns bendA=21000000ns
lru.get small calibrate count=1100000 reps=1 bend_delta=113000000ns ref_delta=11580000ns bendA=224000000ns
lru.get small count=1100000 reps=1 sample=0 order=ABC bendA=220000000 bendB=111000000 bendC=0 refA=22869000 refB=11429000 refC=1000 bend_chk=['2587329813', '1231002175', '111570526'] ref_chk=['2587329813', '1231002175', '111570526']
lru.get small count=1100000 reps=1 sample=1 order=CBA bendA=221000000 bendB=110000000 bendC=0 refA=22876000 refB=11450000 refC=4000 bend_chk=['2587329813', '1231002175', '111570526'] ref_chk=['2587329813', '1231002175', '111570526']
lru.get small count=1100000 reps=1 sample=2 order=ABC bendA=222000000 bendB=112000000 bendC=0 refA=22978000 refB=11446000 refC=1000 bend_chk=['2587329813', '1231002175', '111570526'] ref_chk=['2587329813', '1231002175', '111570526']
lru.get small count=1100000 reps=1 sample=3 order=CBA bendA=221000000 bendB=111000000 bendC=0 refA=22844000 refB=11411000 refC=4000 bend_chk=['2587329813', '1231002175', '111570526'] ref_chk=['2587329813', '1231002175', '111570526']
lru.get small count=1100000 reps=1 sample=4 order=ABC bendA=221000000 bendB=111000000 bendC=0 refA=23153000 refB=11542000 refC=0 bend_chk=['2587329813', '1231002175', '111570526'] ref_chk=['2587329813', '1231002175', '111570526']
lru.get small count=1100000 reps=1 sample=5 order=CBA bendA=223000000 bendB=110000000 bendC=0 refA=22847000 refB=11544000 refC=4000 bend_chk=['2587329813', '1231002175', '111570526'] ref_chk=['2587329813', '1231002175', '111570526']
lru.get medium calibrate count=50000 reps=1 bend_delta=11000000ns ref_delta=595000ns bendA=24000000ns
lru.get medium calibrate count=500000 reps=1 bend_delta=116000000ns ref_delta=5881000ns bendA=230000000ns
lru.get medium count=500000 reps=1 sample=0 order=ABC bendA=229000000 bendB=115000000 bendC=1000000 refA=12427000 refB=6037000 refC=41000 bend_chk=['813012322', '3342519828', '3927084727'] ref_chk=['813012322', '3342519828', '3927084727']
lru.get medium count=500000 reps=1 sample=1 order=CBA bendA=233000000 bendB=114000000 bendC=1000000 refA=11788000 refB=5907000 refC=61000 bend_chk=['813012322', '3342519828', '3927084727'] ref_chk=['813012322', '3342519828', '3927084727']
lru.get medium count=500000 reps=1 sample=2 order=ABC bendA=227000000 bendB=115000000 bendC=1000000 refA=12027000 refB=6059000 refC=47000 bend_chk=['813012322', '3342519828', '3927084727'] ref_chk=['813012322', '3342519828', '3927084727']
lru.get medium count=500000 reps=1 sample=3 order=CBA bendA=242000000 bendB=119000000 bendC=2000000 refA=12086000 refB=6046000 refC=70000 bend_chk=['813012322', '3342519828', '3927084727'] ref_chk=['813012322', '3342519828', '3927084727']
lru.get medium count=500000 reps=1 sample=4 order=ABC bendA=231000000 bendB=116000000 bendC=2000000 refA=11985000 refB=5927000 refC=40000 bend_chk=['813012322', '3342519828', '3927084727'] ref_chk=['813012322', '3342519828', '3927084727']
lru.get medium count=500000 reps=1 sample=5 order=CBA bendA=231000000 bendB=115000000 bendC=1000000 refA=11847000 refB=5961000 refC=65000 bend_chk=['813012322', '3342519828', '3927084727'] ref_chk=['813012322', '3342519828', '3927084727']
lru.get large calibrate count=20000 reps=1 bend_delta=14000000ns ref_delta=1870000ns bendA=149000000ns
lru.get large calibrate count=160000 reps=1 bend_delta=131000000ns ref_delta=5724000ns bendA=387000000ns
lru.get large count=160000 reps=1 sample=0 order=ABC bendA=365000000 bendB=271000000 bendC=136000000 refA=20109000 refB=9416000 refC=2939000 bend_chk=['1365115656', '2829540501', '3658332330'] ref_chk=['1365115656', '2829540501', '3658332330']
lru.get large count=160000 reps=1 sample=1 order=CBA bendA=399000000 bendB=242000000 bendC=116000000 refA=15015000 refB=9169000 refC=3800000 bend_chk=['1365115656', '2829540501', '3658332330'] ref_chk=['1365115656', '2829540501', '3658332330']
lru.get large count=160000 reps=1 sample=2 order=ABC bendA=395000000 bendB=252000000 bendC=132000000 refA=15994000 refB=9197000 refC=2909000 bend_chk=['1365115656', '2829540501', '3658332330'] ref_chk=['1365115656', '2829540501', '3658332330']
lru.get large count=160000 reps=1 sample=3 order=CBA bendA=483000000 bendB=240000000 bendC=116000000 refA=16292000 refB=12055000 refC=3865000 bend_chk=['1365115656', '2829540501', '3658332330'] ref_chk=['1365115656', '2829540501', '3658332330']
lru.get large count=160000 reps=1 sample=4 order=ABC bendA=373000000 bendB=253000000 bendC=129000000 refA=16190000 refB=9134000 refC=2953000 bend_chk=['1365115656', '2829540501', '3658332330'] ref_chk=['1365115656', '2829540501', '3658332330']
lru.get large count=160000 reps=1 sample=5 order=CBA bendA=387000000 bendB=246000000 bendC=117000000 refA=14836000 refB=9602000 refC=3953000 bend_chk=['1365115656', '2829540501', '3658332330'] ref_chk=['1365115656', '2829540501', '3658332330']
lru.peek small calibrate count=100000 reps=1 bend_delta=11000000ns ref_delta=978000ns bendA=21000000ns
lru.peek small calibrate count=1000000 reps=1 bend_delta=99000000ns ref_delta=9998000ns bendA=198000000ns
lru.peek small calibrate count=2000000 reps=1 bend_delta=199000000ns ref_delta=19411000ns bendA=396000000ns
lru.peek small count=2000000 reps=1 sample=0 order=ABC bendA=395000000 bendB=200000000 bendC=0 refA=39215000 refB=19572000 refC=1000 bend_chk=['687019328', '3352081326', '1905591089'] ref_chk=['687019328', '3352081326', '1905591089']
lru.peek small count=2000000 reps=1 sample=1 order=CBA bendA=397000000 bendB=198000000 bendC=0 refA=39101000 refB=19515000 refC=4000 bend_chk=['687019328', '3352081326', '1905591089'] ref_chk=['687019328', '3352081326', '1905591089']
lru.peek small count=2000000 reps=1 sample=2 order=ABC bendA=396000000 bendB=197000000 bendC=0 refA=39037000 refB=19491000 refC=1000 bend_chk=['687019328', '3352081326', '1905591089'] ref_chk=['687019328', '3352081326', '1905591089']
lru.peek small count=2000000 reps=1 sample=3 order=CBA bendA=394000000 bendB=198000000 bendC=0 refA=39041000 refB=19593000 refC=4000 bend_chk=['687019328', '3352081326', '1905591089'] ref_chk=['687019328', '3352081326', '1905591089']
lru.peek small count=2000000 reps=1 sample=4 order=ABC bendA=397000000 bendB=198000000 bendC=0 refA=38960000 refB=19549000 refC=1000 bend_chk=['687019328', '3352081326', '1905591089'] ref_chk=['687019328', '3352081326', '1905591089']
lru.peek small count=2000000 reps=1 sample=5 order=CBA bendA=399000000 bendB=199000000 bendC=0 refA=39770000 refB=19857000 refC=5000 bend_chk=['687019328', '3352081326', '1905591089'] ref_chk=['687019328', '3352081326', '1905591089']
lru.peek medium calibrate count=50000 reps=1 bend_delta=10000000ns ref_delta=509000ns bendA=23000000ns
lru.peek medium calibrate count=550000 reps=1 bend_delta=135000000ns ref_delta=5386000ns bendA=264000000ns
lru.peek medium count=550000 reps=1 sample=0 order=ABC bendA=248000000 bendB=123000000 bendC=2000000 refA=10736000 refB=5391000 refC=41000 bend_chk=['1883137955', '1369998311', '2726589282'] ref_chk=['1883137955', '1369998311', '2726589282']
lru.peek medium count=550000 reps=1 sample=1 order=CBA bendA=252000000 bendB=124000000 bendC=1000000 refA=13236000 refB=5503000 refC=64000 bend_chk=['1883137955', '1369998311', '2726589282'] ref_chk=['1883137955', '1369998311', '2726589282']
lru.peek medium count=550000 reps=1 sample=2 order=ABC bendA=271000000 bendB=132000000 bendC=1000000 refA=11084000 refB=5551000 refC=45000 bend_chk=['1883137955', '1369998311', '2726589282'] ref_chk=['1883137955', '1369998311', '2726589282']
lru.peek medium count=550000 reps=1 sample=3 order=CBA bendA=256000000 bendB=127000000 bendC=1000000 refA=11039000 refB=5550000 refC=65000 bend_chk=['1883137955', '1369998311', '2726589282'] ref_chk=['1883137955', '1369998311', '2726589282']
lru.peek medium count=550000 reps=1 sample=4 order=ABC bendA=268000000 bendB=136000000 bendC=1000000 refA=10950000 refB=5483000 refC=43000 bend_chk=['1883137955', '1369998311', '2726589282'] ref_chk=['1883137955', '1369998311', '2726589282']
lru.peek medium count=550000 reps=1 sample=5 order=CBA bendA=261000000 bendB=131000000 bendC=1000000 refA=10930000 refB=5478000 refC=84000 bend_chk=['1883137955', '1369998311', '2726589282'] ref_chk=['1883137955', '1369998311', '2726589282']
lru.peek large calibrate count=20000 reps=1 bend_delta=9000000ns ref_delta=1749000ns bendA=162000000ns
lru.peek large calibrate count=240000 reps=1 bend_delta=175000000ns ref_delta=4018000ns bendA=520000000ns
lru.peek large count=240000 reps=1 sample=0 order=ABC bendA=493000000 bendB=312000000 bendC=135000000 refA=14644000 refB=8328000 refC=2891000 bend_chk=['2425285056', '3438490218', '2307975600'] ref_chk=['2425285056', '3438490218', '2307975600']
lru.peek large count=240000 reps=1 sample=1 order=CBA bendA=500000000 bendB=303000000 bendC=118000000 refA=16439000 refB=14052000 refC=3862000 bend_chk=['2425285056', '3438490218', '2307975600'] ref_chk=['2425285056', '3438490218', '2307975600']
lru.peek large count=240000 reps=1 sample=2 order=ABC bendA=490000000 bendB=310000000 bendC=135000000 refA=14706000 refB=8537000 refC=2890000 bend_chk=['2425285056', '3438490218', '2307975600'] ref_chk=['2425285056', '3438490218', '2307975600']
lru.peek large count=240000 reps=1 sample=3 order=CBA bendA=535000000 bendB=287000000 bendC=116000000 refA=13660000 refB=8428000 refC=3683000 bend_chk=['2425285056', '3438490218', '2307975600'] ref_chk=['2425285056', '3438490218', '2307975600']
lru.peek large count=240000 reps=1 sample=4 order=ABC bendA=459000000 bendB=336000000 bendC=150000000 refA=14627000 refB=8401000 refC=2943000 bend_chk=['2425285056', '3438490218', '2307975600'] ref_chk=['2425285056', '3438490218', '2307975600']
lru.peek large count=240000 reps=1 sample=5 order=CBA bendA=504000000 bendB=291000000 bendC=116000000 refA=13715000 refB=8638000 refC=3760000 bend_chk=['2425285056', '3438490218', '2307975600'] ref_chk=['2425285056', '3438490218', '2307975600']
lru.contains small calibrate count=100000 reps=1 bend_delta=10000000ns ref_delta=145000ns bendA=20000000ns
lru.contains small calibrate count=1100000 reps=1 bend_delta=109000000ns ref_delta=1537000ns bendA=220000000ns
lru.contains small count=1100000 reps=1 sample=0 order=ABC bendA=220000000 bendB=110000000 bendC=0 refA=3138000 refB=1567000 refC=1000 bend_chk=['1827666517', '526770398', '3579445543'] ref_chk=['1827666517', '526770398', '3579445543']
lru.contains small count=1100000 reps=1 sample=1 order=CBA bendA=219000000 bendB=109000000 bendC=0 refA=3138000 refB=1567000 refC=3000 bend_chk=['1827666517', '526770398', '3579445543'] ref_chk=['1827666517', '526770398', '3579445543']
lru.contains small count=1100000 reps=1 sample=2 order=ABC bendA=221000000 bendB=109000000 bendC=0 refA=3106000 refB=1551000 refC=1000 bend_chk=['1827666517', '526770398', '3579445543'] ref_chk=['1827666517', '526770398', '3579445543']
lru.contains small count=1100000 reps=1 sample=3 order=CBA bendA=218000000 bendB=109000000 bendC=0 refA=3156000 refB=1573000 refC=4000 bend_chk=['1827666517', '526770398', '3579445543'] ref_chk=['1827666517', '526770398', '3579445543']
lru.contains small count=1100000 reps=1 sample=4 order=ABC bendA=220000000 bendB=109000000 bendC=0 refA=3146000 refB=1573000 refC=1000 bend_chk=['1827666517', '526770398', '3579445543'] ref_chk=['1827666517', '526770398', '3579445543']
lru.contains small count=1100000 reps=1 sample=5 order=CBA bendA=220000000 bendB=110000000 bendC=0 refA=3097000 refB=1561000 refC=4000 bend_chk=['1827666517', '526770398', '3579445543'] ref_chk=['1827666517', '526770398', '3579445543']
lru.contains medium calibrate count=50000 reps=1 bend_delta=12000000ns ref_delta=93000ns bendA=24000000ns
lru.contains medium calibrate count=450000 reps=1 bend_delta=102000000ns ref_delta=560000ns bendA=204000000ns
lru.contains medium count=450000 reps=1 sample=0 order=ABC bendA=204000000 bendB=102000000 bendC=1000000 refA=1188000 refB=606000 refC=41000 bend_chk=['2074020321', '1127190549', '1775719174'] ref_chk=['2074020321', '1127190549', '1775719174']
lru.contains medium count=450000 reps=1 sample=1 order=CBA bendA=207000000 bendB=102000000 bendC=2000000 refA=1168000 refB=606000 refC=64000 bend_chk=['2074020321', '1127190549', '1775719174'] ref_chk=['2074020321', '1127190549', '1775719174']
lru.contains medium count=450000 reps=1 sample=2 order=ABC bendA=203000000 bendB=102000000 bendC=1000000 refA=1201000 refB=613000 refC=40000 bend_chk=['2074020321', '1127190549', '1775719174'] ref_chk=['2074020321', '1127190549', '1775719174']
lru.contains medium count=450000 reps=1 sample=3 order=CBA bendA=204000000 bendB=102000000 bendC=1000000 refA=1159000 refB=610000 refC=60000 bend_chk=['2074020321', '1127190549', '1775719174'] ref_chk=['2074020321', '1127190549', '1775719174']
lru.contains medium count=450000 reps=1 sample=4 order=ABC bendA=203000000 bendB=101000000 bendC=2000000 refA=1194000 refB=620000 refC=43000 bend_chk=['2074020321', '1127190549', '1775719174'] ref_chk=['2074020321', '1127190549', '1775719174']
lru.contains medium count=450000 reps=1 sample=5 order=CBA bendA=204000000 bendB=103000000 bendC=1000000 refA=1174000 refB=602000 refC=66000 bend_chk=['2074020321', '1127190549', '1775719174'] ref_chk=['2074020321', '1127190549', '1775719174']
lru.contains large calibrate count=20000 reps=1 bend_delta=15000000ns ref_delta=920000ns bendA=148000000ns
lru.contains large calibrate count=140000 reps=1 bend_delta=131000000ns ref_delta=218000ns bendA=355000000ns
lru.contains large count=140000 reps=1 sample=0 order=ABC bendA=322000000 bendB=232000000 bendC=130000000 refA=4432000 refB=3342000 refC=2910000 bend_chk=['817811553', '1561399584', '192986070'] ref_chk=['817811553', '1561399584', '192986070']
lru.contains large count=140000 reps=1 sample=1 order=CBA bendA=349000000 bendB=228000000 bendC=117000000 refA=3500000 refB=3293000 refC=3688000 bend_chk=['817811553', '1561399584', '192986070'] ref_chk=['817811553', '1561399584', '192986070']
lru.contains large count=140000 reps=1 sample=2 order=ABC bendA=332000000 bendB=245000000 bendC=142000000 refA=4385000 refB=3219000 refC=2880000 bend_chk=['817811553', '1561399584', '192986070'] ref_chk=['817811553', '1561399584', '192986070']
lru.contains large count=140000 reps=1 sample=3 order=CBA bendA=345000000 bendB=227000000 bendC=116000000 refA=3496000 refB=3315000 refC=3686000 bend_chk=['817811553', '1561399584', '192986070'] ref_chk=['817811553', '1561399584', '192986070']
lru.contains large count=140000 reps=1 sample=4 order=ABC bendA=338000000 bendB=234000000 bendC=139000000 refA=4428000 refB=3309000 refC=2902000 bend_chk=['817811553', '1561399584', '192986070'] ref_chk=['817811553', '1561399584', '192986070']
lru.contains large count=140000 reps=1 sample=5 order=CBA bendA=344000000 bendB=219000000 bendC=116000000 refA=3684000 refB=3362000 refC=3681000 bend_chk=['817811553', '1561399584', '192986070'] ref_chk=['817811553', '1561399584', '192986070']
lru.remove small calibrate count=100000 reps=1 bend_delta=50000000ns ref_delta=1285000ns bendA=98000000ns
lru.remove small calibrate count=300000 reps=1 bend_delta=141000000ns ref_delta=3769000ns bendA=284000000ns
lru.remove small count=300000 reps=1 sample=0 order=ABC bendA=288000000 bendB=143000000 bendC=0 refA=7559000 refB=3754000 refC=1000 bend_chk=['905220926', '576068397', '435683643'] ref_chk=['905220926', '576068397', '435683643']
lru.remove small count=300000 reps=1 sample=1 order=CBA bendA=285000000 bendB=147000000 bendC=0 refA=7645000 refB=3838000 refC=4000 bend_chk=['905220926', '576068397', '435683643'] ref_chk=['905220926', '576068397', '435683643']
lru.remove small count=300000 reps=1 sample=2 order=ABC bendA=286000000 bendB=142000000 bendC=0 refA=7498000 refB=3775000 refC=1000 bend_chk=['905220926', '576068397', '435683643'] ref_chk=['905220926', '576068397', '435683643']
lru.remove small count=300000 reps=1 sample=3 order=CBA bendA=295000000 bendB=145000000 bendC=0 refA=7736000 refB=3864000 refC=5000 bend_chk=['905220926', '576068397', '435683643'] ref_chk=['905220926', '576068397', '435683643']
lru.remove small count=300000 reps=1 sample=4 order=ABC bendA=282000000 bendB=142000000 bendC=0 refA=7604000 refB=3758000 refC=1000 bend_chk=['905220926', '576068397', '435683643'] ref_chk=['905220926', '576068397', '435683643']
lru.remove small count=300000 reps=1 sample=5 order=CBA bendA=286000000 bendB=143000000 bendC=0 refA=7725000 refB=3854000 refC=4000 bend_chk=['905220926', '576068397', '435683643'] ref_chk=['905220926', '576068397', '435683643']
lru.remove medium calibrate count=50000 reps=1 bend_delta=54000000ns ref_delta=597000ns bendA=109000000ns
lru.remove medium calibrate count=100000 reps=1 bend_delta=107000000ns ref_delta=1130000ns bendA=215000000ns
lru.remove medium count=100000 reps=1 sample=0 order=ABC bendA=214000000 bendB=107000000 bendC=1000000 refA=2347000 refB=1183000 refC=40000 bend_chk=['3430284887', '2821243646', '1594543921'] ref_chk=['3430284887', '2821243646', '1594543921']
lru.remove medium count=100000 reps=1 sample=1 order=CBA bendA=215000000 bendB=108000000 bendC=1000000 refA=2329000 refB=1202000 refC=62000 bend_chk=['3430284887', '2821243646', '1594543921'] ref_chk=['3430284887', '2821243646', '1594543921']
lru.remove medium count=100000 reps=1 sample=2 order=ABC bendA=219000000 bendB=109000000 bendC=1000000 refA=2318000 refB=1156000 refC=41000 bend_chk=['3430284887', '2821243646', '1594543921'] ref_chk=['3430284887', '2821243646', '1594543921']
lru.remove medium count=100000 reps=1 sample=3 order=CBA bendA=214000000 bendB=108000000 bendC=1000000 refA=2300000 refB=1163000 refC=61000 bend_chk=['3430284887', '2821243646', '1594543921'] ref_chk=['3430284887', '2821243646', '1594543921']
lru.remove medium count=100000 reps=1 sample=4 order=ABC bendA=215000000 bendB=108000000 bendC=2000000 refA=2331000 refB=1181000 refC=41000 bend_chk=['3430284887', '2821243646', '1594543921'] ref_chk=['3430284887', '2821243646', '1594543921']
lru.remove medium count=100000 reps=1 sample=5 order=CBA bendA=215000000 bendB=109000000 bendC=1000000 refA=2280000 refB=1170000 refC=70000 bend_chk=['3430284887', '2821243646', '1594543921'] ref_chk=['3430284887', '2821243646', '1594543921']
lru.remove large calibrate count=20000 reps=1 bend_delta=39000000ns ref_delta=1445000ns bendA=206000000ns
lru.remove large calibrate count=60000 reps=1 bend_delta=174000000ns ref_delta=1400000ns bendA=439000000ns
lru.remove large count=60000 reps=1 sample=0 order=ABC bendA=390000000 bendB=271000000 bendC=162000000 refA=6922000 refB=4466000 refC=2889000 bend_chk=['1171550259', '2777194647', '3866890271'] ref_chk=['1171550259', '2777194647', '3866890271']
lru.remove large count=60000 reps=1 sample=1 order=CBA bendA=425000000 bendB=253000000 bendC=116000000 refA=6639000 refB=4603000 refC=3787000 bend_chk=['1171550259', '2777194647', '3866890271'] ref_chk=['1171550259', '2777194647', '3866890271']
lru.remove large count=60000 reps=1 sample=2 order=ABC bendA=409000000 bendB=276000000 bendC=148000000 refA=7228000 refB=4615000 refC=2890000 bend_chk=['1171550259', '2777194647', '3866890271'] ref_chk=['1171550259', '2777194647', '3866890271']
lru.remove large count=60000 reps=1 sample=3 order=CBA bendA=453000000 bendB=259000000 bendC=117000000 refA=5934000 refB=4630000 refC=3790000 bend_chk=['1171550259', '2777194647', '3866890271'] ref_chk=['1171550259', '2777194647', '3866890271']
lru.remove large count=60000 reps=1 sample=4 order=ABC bendA=384000000 bendB=283000000 bendC=158000000 refA=7324000 refB=4598000 refC=2907000 bend_chk=['1171550259', '2777194647', '3866890271'] ref_chk=['1171550259', '2777194647', '3866890271']
lru.remove large count=60000 reps=1 sample=5 order=CBA bendA=430000000 bendB=250000000 bendC=117000000 refA=6105000 refB=4755000 refC=3811000 bend_chk=['1171550259', '2777194647', '3866890271'] ref_chk=['1171550259', '2777194647', '3866890271']
lru.purge small calibrate count=2000 reps=1 bend_delta=26000000ns ref_delta=544000ns bendA=52000000ns
lru.purge small calibrate count=2000 reps=4 bend_delta=105000000ns ref_delta=1769000ns bendA=210000000ns
lru.purge small count=2000 reps=4 sample=0 order=ABC bendA=209000000 bendB=104000000 bendC=0 refA=4402000 refB=1936000 refC=3000 bend_chk=['3479117145', '3673244606', '2526869931'] ref_chk=['3479117145', '3673244606', '2526869931']
lru.purge small count=2000 reps=4 sample=1 order=CBA bendA=217000000 bendB=106000000 bendC=0 refA=3846000 refB=2439000 refC=8000 bend_chk=['3479117145', '3673244606', '2526869931'] ref_chk=['3479117145', '3673244606', '2526869931']
lru.purge small count=2000 reps=4 sample=2 order=ABC bendA=210000000 bendB=106000000 bendC=0 refA=4096000 refB=1961000 refC=3000 bend_chk=['3479117145', '3673244606', '2526869931'] ref_chk=['3479117145', '3673244606', '2526869931']
lru.purge small count=2000 reps=4 sample=3 order=CBA bendA=207000000 bendB=105000000 bendC=0 refA=3880000 refB=2280000 refC=8000 bend_chk=['3479117145', '3673244606', '2526869931'] ref_chk=['3479117145', '3673244606', '2526869931']
lru.purge small count=2000 reps=4 sample=4 order=ABC bendA=208000000 bendB=104000000 bendC=0 refA=4168000 refB=1909000 refC=3000 bend_chk=['3479117145', '3673244606', '2526869931'] ref_chk=['3479117145', '3673244606', '2526869931']
lru.purge small count=2000 reps=4 sample=5 order=CBA bendA=208000000 bendB=104000000 bendC=0 refA=3852000 refB=2360000 refC=7000 bend_chk=['3479117145', '3673244606', '2526869931'] ref_chk=['3479117145', '3673244606', '2526869931']
lru.purge medium calibrate count=40 reps=1 bend_delta=52000000ns ref_delta=953000ns bendA=105000000ns
lru.purge medium calibrate count=80 reps=1 bend_delta=105000000ns ref_delta=1704000ns bendA=209000000ns
lru.purge medium count=80 reps=1 sample=0 order=ABC bendA=208000000 bendB=104000000 bendC=2000000 refA=3263000 refB=1665000 refC=41000 bend_chk=['1285366643', '3385961101', '1281218423'] ref_chk=['1285366643', '3385961101', '1281218423']
lru.purge medium count=80 reps=1 sample=1 order=CBA bendA=209000000 bendB=104000000 bendC=1000000 refA=3372000 refB=1732000 refC=68000 bend_chk=['1285366643', '3385961101', '1281218423'] ref_chk=['1285366643', '3385961101', '1281218423']
lru.purge medium count=80 reps=1 sample=2 order=ABC bendA=209000000 bendB=107000000 bendC=1000000 refA=3350000 refB=1695000 refC=40000 bend_chk=['1285366643', '3385961101', '1281218423'] ref_chk=['1285366643', '3385961101', '1281218423']
lru.purge medium count=80 reps=1 sample=3 order=CBA bendA=208000000 bendB=103000000 bendC=2000000 refA=3305000 refB=1622000 refC=64000 bend_chk=['1285366643', '3385961101', '1281218423'] ref_chk=['1285366643', '3385961101', '1281218423']
lru.purge medium count=80 reps=1 sample=4 order=ABC bendA=206000000 bendB=104000000 bendC=1000000 refA=3240000 refB=1687000 refC=41000 bend_chk=['1285366643', '3385961101', '1281218423'] ref_chk=['1285366643', '3385961101', '1281218423']
lru.purge medium count=80 reps=1 sample=5 order=CBA bendA=208000000 bendB=105000000 bendC=1000000 refA=3326000 refB=1686000 refC=65000 bend_chk=['1285366643', '3385961101', '1281218423'] ref_chk=['1285366643', '3385961101', '1281218423']
lru.purge large calibrate count=2 reps=1 bend_delta=197000000ns ref_delta=3571000ns bendA=558000000ns
lru.purge large count=2 reps=1 sample=0 order=ABC bendA=567000000 bendB=349000000 bendC=132000000 refA=9692000 refB=6336000 refC=2987000 bend_chk=['1756888174', '1448919081', '2062427881'] ref_chk=['1756888174', '1448919081', '2062427881']
lru.purge large count=2 reps=1 sample=1 order=CBA bendA=619000000 bendB=342000000 bendC=119000000 refA=8798000 refB=5932000 refC=3791000 bend_chk=['1756888174', '1448919081', '2062427881'] ref_chk=['1756888174', '1448919081', '2062427881']
lru.purge large count=2 reps=1 sample=2 order=ABC bendA=560000000 bendB=347000000 bendC=125000000 refA=9438000 refB=6140000 refC=2891000 bend_chk=['1756888174', '1448919081', '2062427881'] ref_chk=['1756888174', '1448919081', '2062427881']
lru.purge large count=2 reps=1 sample=3 order=CBA bendA=610000000 bendB=350000000 bendC=118000000 refA=8443000 refB=5795000 refC=3791000 bend_chk=['1756888174', '1448919081', '2062427881'] ref_chk=['1756888174', '1448919081', '2062427881']
lru.purge large count=2 reps=1 sample=4 order=ABC bendA=561000000 bendB=350000000 bendC=125000000 refA=9312000 refB=5910000 refC=2892000 bend_chk=['1756888174', '1448919081', '2062427881'] ref_chk=['1756888174', '1448919081', '2062427881']
lru.purge large count=2 reps=1 sample=5 order=CBA bendA=609000000 bendB=347000000 bendC=117000000 refA=8839000 refB=5729000 refC=3648000 bend_chk=['1756888174', '1448919081', '2062427881'] ref_chk=['1756888174', '1448919081', '2062427881']
lru.resize small calibrate count=4000 reps=1 bend_delta=35000000ns ref_delta=835000ns bendA=68000000ns
lru.resize small calibrate count=4000 reps=3 bend_delta=102000000ns ref_delta=2719000ns bendA=205000000ns
lru.resize small count=4000 reps=3 sample=0 order=ABC bendA=200000000 bendB=101000000 bendC=0 refA=4979000 refB=2473000 refC=3000 bend_chk=['2847962164', '1056110499', '1402622430'] ref_chk=['2847962164', '1056110499', '1402622430']
lru.resize small count=4000 reps=3 sample=1 order=CBA bendA=200000000 bendB=100000000 bendC=0 refA=5043000 refB=2542000 refC=8000 bend_chk=['2847962164', '1056110499', '1402622430'] ref_chk=['2847962164', '1056110499', '1402622430']
lru.resize small count=4000 reps=3 sample=2 order=ABC bendA=201000000 bendB=100000000 bendC=0 refA=4724000 refB=2493000 refC=2000 bend_chk=['2847962164', '1056110499', '1402622430'] ref_chk=['2847962164', '1056110499', '1402622430']
lru.resize small count=4000 reps=3 sample=3 order=CBA bendA=201000000 bendB=102000000 bendC=0 refA=5027000 refB=2500000 refC=5000 bend_chk=['2847962164', '1056110499', '1402622430'] ref_chk=['2847962164', '1056110499', '1402622430']
lru.resize small count=4000 reps=3 sample=4 order=ABC bendA=202000000 bendB=100000000 bendC=1000000 refA=4771000 refB=2563000 refC=2000 bend_chk=['2847962164', '1056110499', '1402622430'] ref_chk=['2847962164', '1056110499', '1402622430']
lru.resize small count=4000 reps=3 sample=5 order=CBA bendA=201000000 bendB=100000000 bendC=1000000 refA=5076000 refB=2450000 refC=5000 bend_chk=['2847962164', '1056110499', '1402622430'] ref_chk=['2847962164', '1056110499', '1402622430']
lru.resize medium calibrate count=80 reps=1 bend_delta=69000000ns ref_delta=1722000ns bendA=142000000ns
lru.resize medium calibrate count=160 reps=1 bend_delta=140000000ns ref_delta=3134000ns bendA=282000000ns
lru.resize medium count=160 reps=1 sample=0 order=ABC bendA=277000000 bendB=144000000 bendC=1000000 refA=6566000 refB=3384000 refC=40000 bend_chk=['2382764897', '558092656', '3597603485'] ref_chk=['2382764897', '558092656', '3597603485']
lru.resize medium count=160 reps=1 sample=1 order=CBA bendA=317000000 bendB=146000000 bendC=1000000 refA=6609000 refB=3446000 refC=62000 bend_chk=['2382764897', '558092656', '3597603485'] ref_chk=['2382764897', '558092656', '3597603485']
lru.resize medium count=160 reps=1 sample=2 order=ABC bendA=307000000 bendB=156000000 bendC=1000000 refA=6748000 refB=3484000 refC=42000 bend_chk=['2382764897', '558092656', '3597603485'] ref_chk=['2382764897', '558092656', '3597603485']
lru.resize medium count=160 reps=1 sample=3 order=CBA bendA=300000000 bendB=149000000 bendC=2000000 refA=6764000 refB=3522000 refC=63000 bend_chk=['2382764897', '558092656', '3597603485'] ref_chk=['2382764897', '558092656', '3597603485']
lru.resize medium count=160 reps=1 sample=4 order=ABC bendA=298000000 bendB=156000000 bendC=2000000 refA=6789000 refB=3483000 refC=42000 bend_chk=['2382764897', '558092656', '3597603485'] ref_chk=['2382764897', '558092656', '3597603485']
lru.resize medium count=160 reps=1 sample=5 order=CBA bendA=310000000 bendB=159000000 bendC=1000000 refA=6585000 refB=3464000 refC=76000 bend_chk=['2382764897', '558092656', '3597603485'] ref_chk=['2382764897', '558092656', '3597603485']
lru.resize large calibrate count=4 reps=1 bend_delta=311000000ns ref_delta=6872000ns bendA=806000000ns
lru.resize large count=4 reps=1 sample=0 order=ABC bendA=803000000 bendB=496000000 bendC=129000000 refA=14638000 refB=8988000 refC=2962000 bend_chk=['4267403453', '4052690922', '4261804686'] ref_chk=['4267403453', '4052690922', '4261804686']
lru.resize large count=4 reps=1 sample=1 order=CBA bendA=890000000 bendB=480000000 bendC=115000000 refA=13293000 refB=9690000 refC=3846000 bend_chk=['4267403453', '4052690922', '4261804686'] ref_chk=['4267403453', '4052690922', '4261804686']
lru.resize large count=4 reps=1 sample=2 order=ABC bendA=810000000 bendB=493000000 bendC=129000000 refA=14097000 refB=8714000 refC=2996000 bend_chk=['4267403453', '4052690922', '4261804686'] ref_chk=['4267403453', '4052690922', '4261804686']
lru.resize large count=4 reps=1 sample=3 order=CBA bendA=886000000 bendB=482000000 bendC=118000000 refA=13172000 refB=8501000 refC=3708000 bend_chk=['4267403453', '4052690922', '4261804686'] ref_chk=['4267403453', '4052690922', '4261804686']
lru.resize large count=4 reps=1 sample=4 order=ABC bendA=806000000 bendB=496000000 bendC=130000000 refA=13905000 refB=8400000 refC=2888000 bend_chk=['4267403453', '4052690922', '4261804686'] ref_chk=['4267403453', '4052690922', '4261804686']
lru.resize large count=4 reps=1 sample=5 order=CBA bendA=882000000 bendB=483000000 bendC=116000000 refA=13256000 refB=9294000 refC=3700000 bend_chk=['4267403453', '4052690922', '4261804686'] ref_chk=['4267403453', '4052690922', '4261804686']
lru.keys small calibrate count=20000 reps=1 bend_delta=9000000ns ref_delta=1707000ns bendA=20000000ns
lru.keys small calibrate count=240000 reps=1 bend_delta=122000000ns ref_delta=20165000ns bendA=250000000ns
lru.keys small count=240000 reps=1 sample=0 order=ABC bendA=254000000 bendB=134000000 bendC=0 refA=40709000 refB=20318000 refC=1000 bend_chk=['1512811310', '2270159972', '164315507'] ref_chk=['1512811310', '2270159972', '164315507']
lru.keys small count=240000 reps=1 sample=1 order=CBA bendA=257000000 bendB=128000000 bendC=0 refA=40585000 refB=20379000 refC=4000 bend_chk=['1512811310', '2270159972', '164315507'] ref_chk=['1512811310', '2270159972', '164315507']
lru.keys small count=240000 reps=1 sample=2 order=ABC bendA=255000000 bendB=135000000 bendC=0 refA=40569000 refB=20286000 refC=1000 bend_chk=['1512811310', '2270159972', '164315507'] ref_chk=['1512811310', '2270159972', '164315507']
lru.keys small count=240000 reps=1 sample=3 order=CBA bendA=251000000 bendB=127000000 bendC=0 refA=40586000 refB=20297000 refC=3000 bend_chk=['1512811310', '2270159972', '164315507'] ref_chk=['1512811310', '2270159972', '164315507']
lru.keys small count=240000 reps=1 sample=4 order=ABC bendA=256000000 bendB=128000000 bendC=0 refA=40581000 refB=20239000 refC=0 bend_chk=['1512811310', '2270159972', '164315507'] ref_chk=['1512811310', '2270159972', '164315507']
lru.keys small count=240000 reps=1 sample=5 order=CBA bendA=256000000 bendB=127000000 bendC=0 refA=40560000 refB=20267000 refC=3000 bend_chk=['1512811310', '2270159972', '164315507'] ref_chk=['1512811310', '2270159972', '164315507']
lru.keys medium calibrate count=500 reps=1 bend_delta=15000000ns ref_delta=5494000ns bendA=34000000ns
lru.keys medium calibrate count=3500 reps=1 bend_delta=137000000ns ref_delta=38177000ns bendA=260000000ns
lru.keys medium count=3500 reps=1 sample=0 order=ABC bendA=245000000 bendB=135000000 bendC=2000000 refA=78834000 refB=39391000 refC=44000 bend_chk=['417700629', '2470388951', '1239673157'] ref_chk=['417700629', '2470388951', '1239673157']
lru.keys medium count=3500 reps=1 sample=1 order=CBA bendA=281000000 bendB=135000000 bendC=1000000 refA=77750000 refB=38906000 refC=74000 bend_chk=['417700629', '2470388951', '1239673157'] ref_chk=['417700629', '2470388951', '1239673157']
lru.keys medium count=3500 reps=1 sample=2 order=ABC bendA=249000000 bendB=138000000 bendC=2000000 refA=78021000 refB=38868000 refC=44000 bend_chk=['417700629', '2470388951', '1239673157'] ref_chk=['417700629', '2470388951', '1239673157']
lru.keys medium count=3500 reps=1 sample=3 order=CBA bendA=274000000 bendB=127000000 bendC=2000000 refA=78237000 refB=39326000 refC=67000 bend_chk=['417700629', '2470388951', '1239673157'] ref_chk=['417700629', '2470388951', '1239673157']
lru.keys medium count=3500 reps=1 sample=4 order=ABC bendA=257000000 bendB=143000000 bendC=1000000 refA=78449000 refB=39220000 refC=48000 bend_chk=['417700629', '2470388951', '1239673157'] ref_chk=['417700629', '2470388951', '1239673157']
lru.keys medium count=3500 reps=1 sample=5 order=CBA bendA=275000000 bendB=129000000 bendC=1000000 refA=78659000 refB=44970000 refC=65000 bend_chk=['417700629', '2470388951', '1239673157'] ref_chk=['417700629', '2470388951', '1239673157']
lru.keys large calibrate count=40 reps=1 bend_delta=10000000ns ref_delta=3683000ns bendA=35000000ns
lru.keys large calibrate count=440 reps=1 bend_delta=145000000ns ref_delta=38563000ns bendA=290000000ns
lru.keys large count=440 reps=1 sample=0 order=ABC bendA=255000000 bendB=142000000 bendC=13000000 refA=77741000 refB=39011000 refC=347000 bend_chk=['3859526471', '1794764228', '1748755790'] ref_chk=['3859526471', '1794764228', '1748755790']
lru.keys large count=440 reps=1 sample=1 order=CBA bendA=266000000 bendB=132000000 bendC=13000000 refA=77740000 refB=38967000 refC=477000 bend_chk=['3859526471', '1794764228', '1748755790'] ref_chk=['3859526471', '1794764228', '1748755790']
lru.keys large count=440 reps=1 sample=2 order=ABC bendA=250000000 bendB=136000000 bendC=13000000 refA=78102000 refB=39357000 refC=354000 bend_chk=['3859526471', '1794764228', '1748755790'] ref_chk=['3859526471', '1794764228', '1748755790']
lru.keys large count=440 reps=1 sample=3 order=CBA bendA=263000000 bendB=131000000 bendC=12000000 refA=77909000 refB=38966000 refC=480000 bend_chk=['3859526471', '1794764228', '1748755790'] ref_chk=['3859526471', '1794764228', '1748755790']
lru.keys large count=440 reps=1 sample=4 order=ABC bendA=244000000 bendB=137000000 bendC=13000000 refA=78848000 refB=39195000 refC=355000 bend_chk=['3859526471', '1794764228', '1748755790'] ref_chk=['3859526471', '1794764228', '1748755790']
lru.keys large count=440 reps=1 sample=5 order=CBA bendA=262000000 bendB=132000000 bendC=13000000 refA=77897000 refB=38932000 refC=467000 bend_chk=['3859526471', '1794764228', '1748755790'] ref_chk=['3859526471', '1794764228', '1748755790']
lru.len small calibrate count=200000 reps=1 bend_delta=1000000ns ref_delta=570000ns bendA=1000000ns
lru.len small calibrate count=12800000 reps=1 bend_delta=13000000ns ref_delta=36324000ns bendA=26000000ns
lru.len small calibrate count=102400000 reps=1 bend_delta=99000000ns ref_delta=293977000ns bendA=203000000ns
lru.len small calibrate count=204800000 reps=1 bend_delta=203000000ns ref_delta=585593000ns bendA=408000000ns
lru.len small count=204800000 reps=1 sample=0 order=ABC bendA=409000000 bendB=203000000 bendC=0 refA=1169002000 refB=586434000 refC=2000 bend_chk=['3446605267', '451339627', '3553689068'] ref_chk=['3446605267', '451339627', '3553689068']
lru.len small count=204800000 reps=1 sample=1 order=CBA bendA=407000000 bendB=204000000 bendC=0 refA=1151685000 refB=579801000 refC=4000 bend_chk=['3446605267', '451339627', '3553689068'] ref_chk=['3446605267', '451339627', '3553689068']
lru.len small count=204800000 reps=1 sample=2 order=ABC bendA=409000000 bendB=203000000 bendC=0 refA=1156087000 refB=574114000 refC=2000 bend_chk=['3446605267', '451339627', '3553689068'] ref_chk=['3446605267', '451339627', '3553689068']
lru.len small count=204800000 reps=1 sample=3 order=CBA bendA=407000000 bendB=204000000 bendC=0 refA=1141231000 refB=572216000 refC=4000 bend_chk=['3446605267', '451339627', '3553689068'] ref_chk=['3446605267', '451339627', '3553689068']
lru.len small count=204800000 reps=1 sample=4 order=ABC bendA=407000000 bendB=203000000 bendC=0 refA=1134936000 refB=568973000 refC=1000 bend_chk=['3446605267', '451339627', '3553689068'] ref_chk=['3446605267', '451339627', '3553689068']
lru.len small count=204800000 reps=1 sample=5 order=CBA bendA=408000000 bendB=204000000 bendC=0 refA=1130840000 refB=564997000 refC=4000 bend_chk=['3446605267', '451339627', '3553689068'] ref_chk=['3446605267', '451339627', '3553689068']
lru.len medium calibrate count=200000 reps=1 bend_delta=0ns ref_delta=669000ns bendA=2000000ns
lru.len medium calibrate count=12800000 reps=1 bend_delta=13000000ns ref_delta=35428000ns bendA=27000000ns
lru.len medium calibrate count=102400000 reps=1 bend_delta=101000000ns ref_delta=286065000ns bendA=205000000ns
lru.len medium count=102400000 reps=1 sample=0 order=ABC bendA=205000000 bendB=105000000 bendC=1000000 refA=563200000 refB=282110000 refC=39000 bend_chk=['1372703124', '2909680912', '2493970639'] ref_chk=['1372703124', '2909680912', '2493970639']
lru.len medium count=102400000 reps=1 sample=1 order=CBA bendA=207000000 bendB=103000000 bendC=2000000 refA=562428000 refB=281596000 refC=62000 bend_chk=['1372703124', '2909680912', '2493970639'] ref_chk=['1372703124', '2909680912', '2493970639']
lru.len medium count=102400000 reps=1 sample=2 order=ABC bendA=205000000 bendB=104000000 bendC=2000000 refA=562017000 refB=280526000 refC=42000 bend_chk=['1372703124', '2909680912', '2493970639'] ref_chk=['1372703124', '2909680912', '2493970639']
lru.len medium count=102400000 reps=1 sample=3 order=CBA bendA=207000000 bendB=103000000 bendC=1000000 refA=562440000 refB=280482000 refC=66000 bend_chk=['1372703124', '2909680912', '2493970639'] ref_chk=['1372703124', '2909680912', '2493970639']
lru.len medium count=102400000 reps=1 sample=4 order=ABC bendA=206000000 bendB=103000000 bendC=2000000 refA=560024000 refB=280520000 refC=40000 bend_chk=['1372703124', '2909680912', '2493970639'] ref_chk=['1372703124', '2909680912', '2493970639']
lru.len medium count=102400000 reps=1 sample=5 order=CBA bendA=211000000 bendB=103000000 bendC=2000000 refA=565534000 refB=281692000 refC=63000 bend_chk=['1372703124', '2909680912', '2493970639'] ref_chk=['1372703124', '2909680912', '2493970639']
lru.len large calibrate count=200000 reps=1 bend_delta=0ns ref_delta=1461000ns bendA=118000000ns
lru.len large calibrate count=12800000 reps=1 bend_delta=19000000ns ref_delta=39899000ns bendA=148000000ns
lru.len large calibrate count=76800000 reps=1 bend_delta=76000000ns ref_delta=219995000ns bendA=270000000ns
lru.len large calibrate count=153600000 reps=1 bend_delta=159000000ns ref_delta=427134000ns bendA=430000000ns
lru.len large count=153600000 reps=1 sample=0 order=ABC bendA=423000000 bendB=268000000 bendC=124000000 refA=852241000 refB=425855000 refC=2969000 bend_chk=['3859127459', '2676103443', '3600999552'] ref_chk=['3859127459', '2676103443', '3600999552']
lru.len large count=153600000 reps=1 sample=1 order=CBA bendA=434000000 bendB=269000000 bendC=114000000 refA=847937000 refB=424810000 refC=3699000 bend_chk=['3859127459', '2676103443', '3600999552'] ref_chk=['3859127459', '2676103443', '3600999552']
lru.len large count=153600000 reps=1 sample=2 order=ABC bendA=424000000 bendB=271000000 bendC=125000000 refA=850338000 refB=432577000 refC=3620000 bend_chk=['3859127459', '2676103443', '3600999552'] ref_chk=['3859127459', '2676103443', '3600999552']
lru.len large count=153600000 reps=1 sample=3 order=CBA bendA=433000000 bendB=269000000 bendC=115000000 refA=847041000 refB=424885000 refC=3866000 bend_chk=['3859127459', '2676103443', '3600999552'] ref_chk=['3859127459', '2676103443', '3600999552']
lru.len large count=153600000 reps=1 sample=4 order=ABC bendA=423000000 bendB=269000000 bendC=122000000 refA=849070000 refB=425912000 refC=2984000 bend_chk=['3859127459', '2676103443', '3600999552'] ref_chk=['3859127459', '2676103443', '3600999552']
lru.len large count=153600000 reps=1 sample=5 order=CBA bendA=430000000 bendB=268000000 bendC=117000000 refA=842644000 refB=426018000 refC=3784000 bend_chk=['3859127459', '2676103443', '3600999552'] ref_chk=['3859127459', '2676103443', '3600999552']
lru.new small calibrate count=200000 reps=1 bend_delta=4000000ns ref_delta=2495000ns bendA=7000000ns
lru.new small calibrate count=5200000 reps=1 bend_delta=80000000ns ref_delta=49250000ns bendA=162000000ns
lru.new small calibrate count=10400000 reps=1 bend_delta=164000000ns ref_delta=99503000ns bendA=326000000ns
lru.new small count=10400000 reps=1 sample=0 order=ABC bendA=325000000 bendB=163000000 bendC=0 refA=193313000 refB=54188000 refC=1000 bend_chk=['991896843', '2389215379', '4033606011'] ref_chk=['991896843', '2389215379', '4033606011']
lru.new small count=10400000 reps=1 sample=1 order=CBA bendA=325000000 bendB=164000000 bendC=0 refA=159526000 refB=77538000 refC=5000 bend_chk=['991896843', '2389215379', '4033606011'] ref_chk=['991896843', '2389215379', '4033606011']
lru.new small count=10400000 reps=1 sample=2 order=ABC bendA=326000000 bendB=164000000 bendC=0 refA=166591000 refB=54726000 refC=1000 bend_chk=['991896843', '2389215379', '4033606011'] ref_chk=['991896843', '2389215379', '4033606011']
lru.new small count=10400000 reps=1 sample=3 order=CBA bendA=325000000 bendB=163000000 bendC=0 refA=144397000 refB=77776000 refC=3000 bend_chk=['991896843', '2389215379', '4033606011'] ref_chk=['991896843', '2389215379', '4033606011']
lru.new small count=10400000 reps=1 sample=4 order=ABC bendA=328000000 bendB=162000000 bendC=0 refA=163289000 refB=53328000 refC=1000 bend_chk=['991896843', '2389215379', '4033606011'] ref_chk=['991896843', '2389215379', '4033606011']
lru.new small count=10400000 reps=1 sample=5 order=CBA bendA=326000000 bendB=162000000 bendC=1000000 refA=138406000 refB=85274000 refC=7000 bend_chk=['991896843', '2389215379', '4033606011'] ref_chk=['991896843', '2389215379', '4033606011']
lru.new medium calibrate count=200000 reps=1 bend_delta=4000000ns ref_delta=2199000ns bendA=8000000ns
lru.new medium calibrate count=5200000 reps=1 bend_delta=81000000ns ref_delta=31217000ns bendA=164000000ns
lru.new medium calibrate count=10400000 reps=1 bend_delta=161000000ns ref_delta=110764000ns bendA=327000000ns
lru.new medium count=10400000 reps=1 sample=0 order=ABC bendA=327000000 bendB=163000000 bendC=2000000 refA=153515000 refB=52378000 refC=45000 bend_chk=['1148732186', '2439567275', '2874332920'] ref_chk=['1148732186', '2439567275', '2874332920']
lru.new medium count=10400000 reps=1 sample=1 order=CBA bendA=326000000 bendB=166000000 bendC=2000000 refA=166184000 refB=83325000 refC=58000 bend_chk=['1148732186', '2439567275', '2874332920'] ref_chk=['1148732186', '2439567275', '2874332920']
lru.new medium count=10400000 reps=1 sample=2 order=ABC bendA=327000000 bendB=166000000 bendC=1000000 refA=180167000 refB=59442000 refC=45000 bend_chk=['1148732186', '2439567275', '2874332920'] ref_chk=['1148732186', '2439567275', '2874332920']
lru.new medium count=10400000 reps=1 sample=3 order=CBA bendA=327000000 bendB=164000000 bendC=1000000 refA=135784000 refB=76963000 refC=60000 bend_chk=['1148732186', '2439567275', '2874332920'] ref_chk=['1148732186', '2439567275', '2874332920']
lru.new medium count=10400000 reps=1 sample=4 order=ABC bendA=328000000 bendB=164000000 bendC=2000000 refA=156007000 refB=53951000 refC=44000 bend_chk=['1148732186', '2439567275', '2874332920'] ref_chk=['1148732186', '2439567275', '2874332920']
lru.new medium count=10400000 reps=1 sample=5 order=CBA bendA=327000000 bendB=164000000 bendC=1000000 refA=168230000 refB=80840000 refC=60000 bend_chk=['1148732186', '2439567275', '2874332920'] ref_chk=['1148732186', '2439567275', '2874332920']
lru.new large calibrate count=50000 reps=1 bend_delta=1000000ns ref_delta=1001000ns bendA=118000000ns
lru.new large calibrate count=3200000 reps=1 bend_delta=72000000ns ref_delta=17362000ns bendA=250000000ns
lru.new large calibrate count=6400000 reps=1 bend_delta=119000000ns ref_delta=62171000ns bendA=359000000ns
lru.new large count=6400000 reps=1 sample=0 order=ABC bendA=359000000 bendB=239000000 bendC=123000000 refA=100545000 refB=36136000 refC=2945000 bend_chk=['3763145614', '4279854842', '126601769'] ref_chk=['3763145614', '4279854842', '126601769']
lru.new large count=6400000 reps=1 sample=1 order=CBA bendA=371000000 bendB=241000000 bendC=114000000 refA=86521000 refB=51476000 refC=3703000 bend_chk=['3763145614', '4279854842', '126601769'] ref_chk=['3763145614', '4279854842', '126601769']
lru.new large count=6400000 reps=1 sample=2 order=ABC bendA=358000000 bendB=242000000 bendC=122000000 refA=99144000 refB=34632000 refC=2961000 bend_chk=['3763145614', '4279854842', '126601769'] ref_chk=['3763145614', '4279854842', '126601769']
lru.new large count=6400000 reps=1 sample=3 order=CBA bendA=367000000 bendB=236000000 bendC=115000000 refA=92073000 refB=54052000 refC=3712000 bend_chk=['3763145614', '4279854842', '126601769'] ref_chk=['3763145614', '4279854842', '126601769']
lru.new large count=6400000 reps=1 sample=4 order=ABC bendA=362000000 bendB=240000000 bendC=122000000 refA=101729000 refB=38093000 refC=2974000 bend_chk=['3763145614', '4279854842', '126601769'] ref_chk=['3763145614', '4279854842', '126601769']
lru.new large count=6400000 reps=1 sample=5 order=CBA bendA=369000000 bendB=240000000 bendC=118000000 refA=92002000 refB=50773000 refC=3711000 bend_chk=['3763145614', '4279854842', '126601769'] ref_chk=['3763145614', '4279854842', '126601769']
lru.capacity small calibrate count=200000 reps=1 bend_delta=0ns ref_delta=574000ns bendA=0ns
lru.capacity small calibrate count=12800000 reps=1 bend_delta=13000000ns ref_delta=36525000ns bendA=26000000ns
lru.capacity small calibrate count=102400000 reps=1 bend_delta=103000000ns ref_delta=290913000ns bendA=205000000ns
lru.capacity small count=102400000 reps=1 sample=0 order=ABC bendA=205000000 bendB=103000000 bendC=0 refA=571301000 refB=285212000 refC=2000 bend_chk=['3365824805', '2611927324', '1270926290'] ref_chk=['3365824805', '2611927324', '1270926290']
lru.capacity small count=102400000 reps=1 sample=1 order=CBA bendA=205000000 bendB=102000000 bendC=0 refA=567972000 refB=283775000 refC=4000 bend_chk=['3365824805', '2611927324', '1270926290'] ref_chk=['3365824805', '2611927324', '1270926290']
lru.capacity small count=102400000 reps=1 sample=2 order=ABC bendA=205000000 bendB=102000000 bendC=0 refA=567837000 refB=283824000 refC=1000 bend_chk=['3365824805', '2611927324', '1270926290'] ref_chk=['3365824805', '2611927324', '1270926290']
lru.capacity small count=102400000 reps=1 sample=3 order=CBA bendA=204000000 bendB=102000000 bendC=0 refA=565114000 refB=280603000 refC=5000 bend_chk=['3365824805', '2611927324', '1270926290'] ref_chk=['3365824805', '2611927324', '1270926290']
lru.capacity small count=102400000 reps=1 sample=4 order=ABC bendA=204000000 bendB=101000000 bendC=0 refA=559839000 refB=290374000 refC=3000 bend_chk=['3365824805', '2611927324', '1270926290'] ref_chk=['3365824805', '2611927324', '1270926290']
lru.capacity small count=102400000 reps=1 sample=5 order=CBA bendA=202000000 bendB=102000000 bendC=0 refA=563502000 refB=280131000 refC=4000 bend_chk=['3365824805', '2611927324', '1270926290'] ref_chk=['3365824805', '2611927324', '1270926290']
lru.capacity medium calibrate count=200000 reps=1 bend_delta=0ns ref_delta=540000ns bendA=2000000ns
lru.capacity medium calibrate count=12800000 reps=1 bend_delta=12000000ns ref_delta=35223000ns bendA=26000000ns
lru.capacity medium calibrate count=115200000 reps=1 bend_delta=113000000ns ref_delta=317171000ns bendA=228000000ns
lru.capacity medium count=115200000 reps=1 sample=0 order=ABC bendA=228000000 bendB=113000000 bendC=2000000 refA=630651000 refB=314967000 refC=43000 bend_chk=['298776756', '2565424073', '1329378749'] ref_chk=['298776756', '2565424073', '1329378749']
lru.capacity medium count=115200000 reps=1 sample=1 order=CBA bendA=228000000 bendB=114000000 bendC=1000000 refA=628189000 refB=314691000 refC=63000 bend_chk=['298776756', '2565424073', '1329378749'] ref_chk=['298776756', '2565424073', '1329378749']
lru.capacity medium count=115200000 reps=1 sample=2 order=ABC bendA=231000000 bendB=117000000 bendC=1000000 refA=627834000 refB=315134000 refC=43000 bend_chk=['298776756', '2565424073', '1329378749'] ref_chk=['298776756', '2565424073', '1329378749']
lru.capacity medium count=115200000 reps=1 sample=3 order=CBA bendA=228000000 bendB=115000000 bendC=1000000 refA=679552000 refB=352132000 refC=67000 bend_chk=['298776756', '2565424073', '1329378749'] ref_chk=['298776756', '2565424073', '1329378749']
lru.capacity medium count=115200000 reps=1 sample=4 order=ABC bendA=225000000 bendB=114000000 bendC=1000000 refA=627870000 refB=314044000 refC=41000 bend_chk=['298776756', '2565424073', '1329378749'] ref_chk=['298776756', '2565424073', '1329378749']
lru.capacity medium count=115200000 reps=1 sample=5 order=CBA bendA=226000000 bendB=113000000 bendC=2000000 refA=628568000 refB=311893000 refC=67000 bend_chk=['298776756', '2565424073', '1329378749'] ref_chk=['298776756', '2565424073', '1329378749']
lru.capacity large calibrate count=200000 reps=1 bend_delta=-1000000ns ref_delta=1210000ns bendA=116000000ns
lru.capacity large calibrate count=12800000 reps=1 bend_delta=21000000ns ref_delta=34833000ns bendA=150000000ns
lru.capacity large calibrate count=64000000 reps=1 bend_delta=65000000ns ref_delta=180405000ns bendA=244000000ns
lru.capacity large calibrate count=128000000 reps=1 bend_delta=132000000ns ref_delta=369128000ns bendA=381000000ns
lru.capacity large count=128000000 reps=1 sample=0 order=ABC bendA=375000000 bendB=244000000 bendC=144000000 refA=735256000 refB=361426000 refC=2958000 bend_chk=['2362743200', '2476413721', '505463282'] ref_chk=['2362743200', '2476413721', '505463282']
lru.capacity large count=128000000 reps=1 sample=1 order=CBA bendA=381000000 bendB=247000000 bendC=117000000 refA=710222000 refB=357525000 refC=3720000 bend_chk=['2362743200', '2476413721', '505463282'] ref_chk=['2362743200', '2476413721', '505463282']
lru.capacity large count=128000000 reps=1 sample=2 order=ABC bendA=373000000 bendB=242000000 bendC=122000000 refA=718273000 refB=357627000 refC=3008000 bend_chk=['2362743200', '2476413721', '505463282'] ref_chk=['2362743200', '2476413721', '505463282']
lru.capacity large count=128000000 reps=1 sample=3 order=CBA bendA=378000000 bendB=243000000 bendC=117000000 refA=705856000 refB=353129000 refC=3748000 bend_chk=['2362743200', '2476413721', '505463282'] ref_chk=['2362743200', '2476413721', '505463282']
lru.capacity large count=128000000 reps=1 sample=4 order=ABC bendA=370000000 bendB=247000000 bendC=122000000 refA=707590000 refB=355055000 refC=3065000 bend_chk=['2362743200', '2476413721', '505463282'] ref_chk=['2362743200', '2476413721', '505463282']
lru.capacity large count=128000000 reps=1 sample=5 order=CBA bendA=377000000 bendB=244000000 bendC=115000000 refA=706383000 refB=355149000 refC=3702000 bend_chk=['2362743200', '2476413721', '505463282'] ref_chk=['2362743200', '2476413721', '505463282']
lru.set_lifetime small calibrate count=200000 reps=1 bend_delta=325000000ns ref_delta=1255000ns bendA=682000000ns
lru.set_lifetime small count=200000 reps=1 sample=0 order=ABC bendA=695000000 bendB=357000000 bendC=0 refA=2553000 refB=1289000 refC=1000 bend_chk=['3455171073', '3438867238', '1993215165'] ref_chk=['3455171073', '3438867238', '1993215165']
lru.set_lifetime small count=200000 reps=1 sample=1 order=CBA bendA=720000000 bendB=355000000 bendC=0 refA=2550000 refB=1289000 refC=4000 bend_chk=['3455171073', '3438867238', '1993215165'] ref_chk=['3455171073', '3438867238', '1993215165']
lru.set_lifetime small count=200000 reps=1 sample=2 order=ABC bendA=696000000 bendB=357000000 bendC=0 refA=2553000 refB=1294000 refC=1000 bend_chk=['3455171073', '3438867238', '1993215165'] ref_chk=['3455171073', '3438867238', '1993215165']
lru.set_lifetime small count=200000 reps=1 sample=3 order=CBA bendA=720000000 bendB=358000000 bendC=0 refA=2595000 refB=1263000 refC=4000 bend_chk=['3455171073', '3438867238', '1993215165'] ref_chk=['3455171073', '3438867238', '1993215165']
lru.set_lifetime small count=200000 reps=1 sample=4 order=ABC bendA=698000000 bendB=360000000 bendC=0 refA=2535000 refB=1263000 refC=1000 bend_chk=['3455171073', '3438867238', '1993215165'] ref_chk=['3455171073', '3438867238', '1993215165']
lru.set_lifetime small count=200000 reps=1 sample=5 order=CBA bendA=720000000 bendB=358000000 bendC=0 refA=2614000 refB=1299000 refC=3000 bend_chk=['3455171073', '3438867238', '1993215165'] ref_chk=['3455171073', '3438867238', '1993215165']
lru.set_lifetime medium calibrate count=200000 reps=1 bend_delta=332000000ns ref_delta=1324000ns bendA=695000000ns
lru.set_lifetime medium count=200000 reps=1 sample=0 order=ABC bendA=701000000 bendB=363000000 bendC=1000000 refA=2637000 refB=1330000 refC=43000 bend_chk=['2725960448', '2783577477', '2974079651'] ref_chk=['2725960448', '2783577477', '2974079651']
lru.set_lifetime medium count=200000 reps=1 sample=1 order=CBA bendA=723000000 bendB=362000000 bendC=1000000 refA=2656000 refB=1353000 refC=63000 bend_chk=['2725960448', '2783577477', '2974079651'] ref_chk=['2725960448', '2783577477', '2974079651']
lru.set_lifetime medium count=200000 reps=1 sample=2 order=ABC bendA=694000000 bendB=364000000 bendC=1000000 refA=2644000 refB=1330000 refC=42000 bend_chk=['2725960448', '2783577477', '2974079651'] ref_chk=['2725960448', '2783577477', '2974079651']
lru.set_lifetime medium count=200000 reps=1 sample=3 order=CBA bendA=720000000 bendB=360000000 bendC=2000000 refA=2684000 refB=1350000 refC=62000 bend_chk=['2725960448', '2783577477', '2974079651'] ref_chk=['2725960448', '2783577477', '2974079651']
lru.set_lifetime medium count=200000 reps=1 sample=4 order=ABC bendA=699000000 bendB=363000000 bendC=1000000 refA=2615000 refB=1327000 refC=42000 bend_chk=['2725960448', '2783577477', '2974079651'] ref_chk=['2725960448', '2783577477', '2974079651']
lru.set_lifetime medium count=200000 reps=1 sample=5 order=CBA bendA=724000000 bendB=361000000 bendC=2000000 refA=2657000 refB=1353000 refC=61000 bend_chk=['2725960448', '2783577477', '2974079651'] ref_chk=['2725960448', '2783577477', '2974079651']
lru.set_lifetime large calibrate count=200000 reps=1 bend_delta=358000000ns ref_delta=2073000ns bendA=861000000ns
lru.set_lifetime large count=200000 reps=1 sample=0 order=ABC bendA=857000000 bendB=503000000 bendC=123000000 refA=6483000 refB=4380000 refC=2925000 bend_chk=['3569698043', '2566534124', '1080427673'] ref_chk=['3569698043', '2566534124', '1080427673']
lru.set_lifetime large count=200000 reps=1 sample=1 order=CBA bendA=899000000 bendB=504000000 bendC=117000000 refA=5622000 refB=4405000 refC=3876000 bend_chk=['3569698043', '2566534124', '1080427673'] ref_chk=['3569698043', '2566534124', '1080427673']
lru.set_lifetime large count=200000 reps=1 sample=2 order=ABC bendA=867000000 bendB=504000000 bendC=124000000 refA=6332000 refB=4378000 refC=3001000 bend_chk=['3569698043', '2566534124', '1080427673'] ref_chk=['3569698043', '2566534124', '1080427673']
lru.set_lifetime large count=200000 reps=1 sample=3 order=CBA bendA=899000000 bendB=504000000 bendC=116000000 refA=5510000 refB=4254000 refC=3815000 bend_chk=['3569698043', '2566534124', '1080427673'] ref_chk=['3569698043', '2566534124', '1080427673']
lru.set_lifetime large count=200000 reps=1 sample=4 order=ABC bendA=863000000 bendB=502000000 bendC=128000000 refA=6460000 refB=4450000 refC=3049000 bend_chk=['3569698043', '2566534124', '1080427673'] ref_chk=['3569698043', '2566534124', '1080427673']
lru.set_lifetime large count=200000 reps=1 sample=5 order=CBA bendA=896000000 bendB=503000000 bendC=115000000 refA=5471000 refB=4334000 refC=3757000 bend_chk=['3569698043', '2566534124', '1080427673'] ref_chk=['3569698043', '2566534124', '1080427673']
lru.metrics small calibrate count=50000 reps=1 bend_delta=664000000ns ref_delta=330000ns bendA=1328000000ns
lru.metrics small count=50000 reps=1 sample=0 order=ABC bendA=1341000000 bendB=679000000 bendC=0 refA=679000 refB=341000 refC=1000 bend_chk=['2407918652', '3767898998', '1418646263'] ref_chk=['2407918652', '3767898998', '1418646263']
lru.metrics small count=50000 reps=1 sample=1 order=CBA bendA=1384000000 bendB=689000000 bendC=0 refA=667000 refB=334000 refC=4000 bend_chk=['2407918652', '3767898998', '1418646263'] ref_chk=['2407918652', '3767898998', '1418646263']
lru.metrics small count=50000 reps=1 sample=2 order=ABC bendA=1352000000 bendB=729000000 bendC=0 refA=758000 refB=365000 refC=1000 bend_chk=['2407918652', '3767898998', '1418646263'] ref_chk=['2407918652', '3767898998', '1418646263']
lru.metrics small count=50000 reps=1 sample=3 order=CBA bendA=1408000000 bendB=683000000 bendC=0 refA=668000 refB=334000 refC=6000 bend_chk=['2407918652', '3767898998', '1418646263'] ref_chk=['2407918652', '3767898998', '1418646263']
lru.metrics small count=50000 reps=1 sample=4 order=ABC bendA=1355000000 bendB=678000000 bendC=0 refA=671000 refB=335000 refC=1000 bend_chk=['2407918652', '3767898998', '1418646263'] ref_chk=['2407918652', '3767898998', '1418646263']
lru.metrics small count=50000 reps=1 sample=5 order=CBA bendA=1369000000 bendB=675000000 bendC=0 refA=668000 refB=334000 refC=4000 bend_chk=['2407918652', '3767898998', '1418646263'] ref_chk=['2407918652', '3767898998', '1418646263']
lru.metrics medium calibrate count=50000 reps=1 bend_delta=669000000ns ref_delta=354000ns bendA=1348000000ns
lru.metrics medium count=50000 reps=1 sample=0 order=ABC bendA=1354000000 bendB=698000000 bendC=1000000 refA=739000 refB=381000 refC=41000 bend_chk=['436219329', '2780255254', '3533835309'] ref_chk=['436219329', '2780255254', '3533835309']
lru.metrics medium count=50000 reps=1 sample=1 order=CBA bendA=1370000000 bendB=680000000 bendC=2000000 refA=709000 refB=375000 refC=61000 bend_chk=['436219329', '2780255254', '3533835309'] ref_chk=['436219329', '2780255254', '3533835309']
lru.metrics medium count=50000 reps=1 sample=2 order=ABC bendA=1359000000 bendB=681000000 bendC=1000000 refA=741000 refB=383000 refC=42000 bend_chk=['436219329', '2780255254', '3533835309'] ref_chk=['436219329', '2780255254', '3533835309']
lru.metrics medium count=50000 reps=1 sample=3 order=CBA bendA=1477000000 bendB=681000000 bendC=1000000 refA=720000 refB=381000 refC=69000 bend_chk=['436219329', '2780255254', '3533835309'] ref_chk=['436219329', '2780255254', '3533835309']
lru.metrics medium count=50000 reps=1 sample=4 order=ABC bendA=1513000000 bendB=759000000 bendC=2000000 refA=803000 refB=415000 refC=48000 bend_chk=['436219329', '2780255254', '3533835309'] ref_chk=['436219329', '2780255254', '3533835309']
lru.metrics medium count=50000 reps=1 sample=5 order=CBA bendA=1538000000 bendB=768000000 bendC=2000000 refA=720000 refB=381000 refC=66000 bend_chk=['436219329', '2780255254', '3533835309'] ref_chk=['436219329', '2780255254', '3533835309']
lru.metrics large calibrate count=50000 reps=1 bend_delta=696000000ns ref_delta=1054000ns bendA=1720000000ns
lru.metrics large count=50000 reps=1 sample=0 order=ABC bendA=1861000000 bendB=1131000000 bendC=202000000 refA=10586000 refB=14170000 refC=5052000 bend_chk=['2900456239', '3162190076', '168663297'] ref_chk=['2900456239', '3162190076', '168663297']
lru.expiry small calibrate count=50000 reps=1 bend_delta=635000000ns ref_delta=700000ns bendA=1208000000ns
lru.expiry small count=50000 reps=1 sample=0 order=ABC bendA=1239000000 bendB=640000000 bendC=0 refA=1666000 refB=831000 refC=1000 bend_chk=['3553988323', '3218938275', '648246666'] ref_chk=['3553988323', '3218938275', '648246666']
lru.expiry small count=50000 reps=1 sample=1 order=CBA bendA=1062000000 bendB=551000000 bendC=1000000 refA=929000 refB=428000 refC=4000 bend_chk=['3553988323', '3218938275', '648246666'] ref_chk=['3553988323', '3218938275', '648246666']
lru.expiry small count=50000 reps=1 sample=2 order=ABC bendA=1073000000 bendB=538000000 bendC=0 refA=972000 refB=489000 refC=1000 bend_chk=['3553988323', '3218938275', '648246666'] ref_chk=['3553988323', '3218938275', '648246666']
lru.expiry small count=50000 reps=1 sample=3 order=CBA bendA=1056000000 bendB=534000000 bendC=0 refA=1041000 refB=496000 refC=4000 bend_chk=['3553988323', '3218938275', '648246666'] ref_chk=['3553988323', '3218938275', '648246666']
lru.expiry small count=50000 reps=1 sample=4 order=ABC bendA=1080000000 bendB=551000000 bendC=0 refA=841000 refB=454000 refC=1000 bend_chk=['3553988323', '3218938275', '648246666'] ref_chk=['3553988323', '3218938275', '648246666']
lru.expiry small count=50000 reps=1 sample=5 order=CBA bendA=1061000000 bendB=530000000 bendC=0 refA=890000 refB=452000 refC=4000 bend_chk=['3553988323', '3218938275', '648246666'] ref_chk=['3553988323', '3218938275', '648246666']
lru.expiry medium calibrate count=50000 reps=1 bend_delta=571000000ns ref_delta=531000ns bendA=1149000000ns
lru.expiry medium count=50000 reps=1 sample=0 order=ABC bendA=1170000000 bendB=616000000 bendC=2000000 refA=1442000 refB=704000 refC=54000 bend_chk=['2032653282', '3645847522', '930956150'] ref_chk=['2032653282', '3645847522', '930956150']
lru.expiry medium count=50000 reps=1 sample=1 order=CBA bendA=1151000000 bendB=578000000 bendC=1000000 refA=1001000 refB=644000 refC=138000 bend_chk=['2032653282', '3645847522', '930956150'] ref_chk=['2032653282', '3645847522', '930956150']
lru.expiry medium count=50000 reps=1 sample=2 order=ABC bendA=1336000000 bendB=621000000 bendC=3000000 refA=1698000 refB=786000 refC=55000 bend_chk=['2032653282', '3645847522', '930956150'] ref_chk=['2032653282', '3645847522', '930956150']
lru.expiry medium count=50000 reps=1 sample=3 order=CBA bendA=1118000000 bendB=645000000 bendC=1000000 refA=976000 refB=537000 refC=68000 bend_chk=['2032653282', '3645847522', '930956150'] ref_chk=['2032653282', '3645847522', '930956150']
lru.expiry medium count=50000 reps=1 sample=4 order=ABC bendA=1176000000 bendB=629000000 bendC=2000000 refA=990000 refB=559000 refC=43000 bend_chk=['2032653282', '3645847522', '930956150'] ref_chk=['2032653282', '3645847522', '930956150']
lru.expiry medium count=50000 reps=1 sample=5 order=CBA bendA=1168000000 bendB=561000000 bendC=2000000 refA=999000 refB=563000 refC=66000 bend_chk=['2032653282', '3645847522', '930956150'] ref_chk=['2032653282', '3645847522', '930956150']
lru.expiry large calibrate count=20000 reps=1 bend_delta=412000000ns ref_delta=2802000ns bendA=848000000ns
lru.expiry large count=20000 reps=1 sample=0 order=ABC bendA=830000000 bendB=490000000 bendC=185000000 refA=11003000 refB=15325000 refC=13454000 bend_chk=['1012051134', '690935240', '3950116427'] ref_chk=['1012051134', '690935240', '3950116427']
lru.remove_seq small calibrate count=32 reps=1 bend_delta=1000000ns ref_delta=5000ns bendA=1000000ns
lru.remove_seq small calibrate count=64 reps=1 bend_delta=1000000ns ref_delta=-1000ns bendA=1000000ns
lru.remove_seq small calibrate count=64 reps=64 bend_delta=-1000000ns ref_delta=8000ns bendA=2000000ns
lru.remove_seq small calibrate count=64 reps=4096 bend_delta=-7000000ns ref_delta=468000ns bendA=178000000ns
lru.remove_seq small calibrate count=64 reps=262144 bend_delta=-275000000ns ref_delta=138485000ns bendA=13229000000ns
lru.remove_seq small calibrate count=64 reps=524288 bend_delta=985000000ns ref_delta=142889000ns bendA=22081000000ns
lru.remove_seq small count=64 reps=524288 sample=0 order=ABC bendA=21857000000 bendB=21204000000 bendC=19948000000 refA=750263000 refB=651005000 refC=431491000 bend_chk=['3003383808', '2399404032', '884566088'] ref_chk=['3003383808', '2399404032', '884566088']
lru.remove_seq small count=64 reps=524288 sample=1 order=CBA bendA=22592000000 bendB=20594000000 bendC=21930000000 refA=1192156000 refB=783845000 refC=565448000 bend_chk=['3003383808', '2399404032', '884566088'] ref_chk=['3003383808', '2399404032', '884566088']
lru.remove_seq small count=64 reps=524288 sample=2 order=ABC bendA=23438000000 bendB=26657000000 bendC=19451000000 refA=733717000 refB=636879000 refC=417412000 bend_chk=['3003383808', '2399404032', '884566088'] ref_chk=['3003383808', '2399404032', '884566088']
lru.remove_seq medium calibrate count=2048 reps=1 bend_delta=0ns ref_delta=45000ns bendA=2000000ns
lru.remove_seq medium calibrate count=4096 reps=1 bend_delta=-1000000ns ref_delta=11000ns bendA=2000000ns
lru.remove_seq medium calibrate count=4096 reps=64 bend_delta=0ns ref_delta=848000ns bendA=148000000ns
lru.remove_seq medium calibrate count=4096 reps=4096 bend_delta=-213000000ns ref_delta=6402000ns bendA=10371000000ns
lru.remove_seq large calibrate count=131072 reps=1 bend_delta=37000000ns ref_delta=4665000ns bendA=228000000ns
lru.remove_seq large calibrate count=262144 reps=1 bend_delta=26000000ns ref_delta=929000ns bendA=238000000ns
lru.remove_seq large calibrate count=262144 reps=4 bend_delta=-397000000ns ref_delta=9694000ns bendA=950000000ns
lru.purge_isolated small calibrate count=200 reps=1 bend_delta=1000000ns ref_delta=127000ns bendA=7000000ns
lru.purge_isolated small calibrate count=200 reps=64 bend_delta=-4000000ns ref_delta=750000ns bendA=464000000ns
lru.purge_isolated small calibrate count=200 reps=2752 bend_delta=-2026000000ns ref_delta=78126000ns bendA=18845000000ns
lru.purge_isolated medium calibrate count=20 reps=1 bend_delta=0ns ref_delta=289000ns bendA=21000000ns
lru.purge_isolated medium calibrate count=1024 reps=1 bend_delta=-15000000ns ref_delta=-1314000ns bendA=974000000ns
lru.purge_isolated medium calibrate count=1024 reps=20 bend_delta=1137000000ns ref_delta=-255213000ns bendA=21128000000ns
lru.purge_isolated large calibrate count=8 reps=1 bend_delta=11000000ns ref_delta=2969000ns bendA=67000000ns
lru.purge_isolated large calibrate count=80 reps=1 bend_delta=32000000ns ref_delta=-2958000ns bendA=506000000ns
lru.purge_isolated large calibrate count=3120 reps=1 bend_delta=7327000000ns ref_delta=74784000ns bendA=19058000000ns
lru.purge_isolated large count=3120 reps=1 sample=0 order=ABC bendA=11866000000 bendB=11340000000 bendC=11752000000 refA=360423000 refB=284528000 refC=255183000 bend_chk=['2331918952', '1328490695', '1651452648'] ref_chk=['2331918952', '1328490695', '1651452648']
lru.purge_isolated large count=3120 reps=1 sample=1 order=CBA bendA=11884000000 bendB=11470000000 bendC=12290000000 refA=291599000 refB=359445000 refC=400564000 bend_chk=['2331918952', '1328490695', '1651452648'] ref_chk=['2331918952', '1328490695', '1651452648']
lru.resize_isolated small calibrate count=200 reps=1 bend_delta=0ns ref_delta=157000ns bendA=8000000ns
lru.resize_isolated small calibrate count=200 reps=64 bend_delta=15000000ns ref_delta=1099000ns bendA=487000000ns
lru.resize_isolated small calibrate count=200 reps=448 bend_delta=146000000ns ref_delta=11193000ns bendA=3197000000ns
lru.resize_isolated small count=200 reps=448 sample=0 order=ABC bendA=3310000000 bendB=3120000000 bendC=3008000000 refA=160236000 refB=146911000 refC=137438000 bend_chk=['694949708', '2513566581', '4166056457'] ref_chk=['694949708', '2513566581', '4166056457']
lru.resize_isolated small count=200 reps=448 sample=1 order=CBA bendA=3405000000 bendB=3259000000 bendC=3153000000 refA=168000000 refB=147479000 refC=139362000 bend_chk=['694949708', '2513566581', '4166056457'] ref_chk=['694949708', '2513566581', '4166056457']
lru.resize_isolated small count=200 reps=448 sample=2 order=ABC bendA=3368000000 bendB=3117000000 bendC=3253000000 refA=157061000 refB=147196000 refC=134954000 bend_chk=['694949708', '2513566581', '4166056457'] ref_chk=['694949708', '2513566581', '4166056457']
lru.resize_isolated small count=200 reps=448 sample=3 order=CBA bendA=3349000000 bendB=3110000000 bendC=3047000000 refA=152542000 refB=140590000 refC=134830000 bend_chk=['694949708', '2513566581', '4166056457'] ref_chk=['694949708', '2513566581', '4166056457']
lru.resize_isolated small count=200 reps=448 sample=4 order=ABC bendA=3203000000 bendB=3145000000 bendC=3201000000 refA=156826000 refB=147074000 refC=136681000 bend_chk=['694949708', '2513566581', '4166056457'] ref_chk=['694949708', '2513566581', '4166056457']
lru.resize_isolated small count=200 reps=448 sample=5 order=CBA bendA=3287000000 bendB=3114000000 bendC=3026000000 refA=148450000 refB=143699000 refC=134442000 bend_chk=['694949708', '2513566581', '4166056457'] ref_chk=['694949708', '2513566581', '4166056457']
lru.resize_isolated medium calibrate count=20 reps=1 bend_delta=2000000ns ref_delta=231000ns bendA=16000000ns
lru.resize_isolated medium calibrate count=1020 reps=1 bend_delta=133000000ns ref_delta=146000ns bendA=871000000ns
lru.resize_isolated medium calibrate count=1024 reps=1 bend_delta=80000000ns ref_delta=11877000ns bendA=920000000ns
lru.resize_isolated medium calibrate count=1024 reps=2 bend_delta=74000000ns ref_delta=4783000ns bendA=1645000000ns
lru.resize_isolated medium calibrate count=1024 reps=4 bend_delta=39000000ns ref_delta=20120000ns bendA=3345000000ns
lru.resize_isolated medium calibrate count=1024 reps=12 bend_delta=858000000ns ref_delta=30723000ns bendA=10569000000ns
lru.resize_isolated medium count=1024 reps=12 sample=0 order=ABC bendA=10240000000 bendB=10056000000 bendC=9823000000 refA=353660000 refB=286383000 refC=252519000 bend_chk=['1198649452', '701547899', '2743185469'] ref_chk=['1198649452', '701547899', '2743185469']
lru.resize_isolated medium count=1024 reps=12 sample=1 order=CBA bendA=10737000000 bendB=10423000000 bendC=9842000000 refA=315907000 refB=290664000 refC=262262000 bend_chk=['1198649452', '701547899', '2743185469'] ref_chk=['1198649452', '701547899', '2743185469']
lru.resize_isolated medium count=1024 reps=12 sample=2 order=ABC bendA=10656000000 bendB=10377000000 bendC=9846000000 refA=288144000 refB=258608000 refC=234825000 bend_chk=['1198649452', '701547899', '2743185469'] ref_chk=['1198649452', '701547899', '2743185469']
lru.resize_isolated medium count=1024 reps=12 sample=3 order=CBA bendA=10056000000 bendB=10217000000 bendC=9559000000 refA=294577000 refB=265247000 refC=244884000 bend_chk=['1198649452', '701547899', '2743185469'] ref_chk=['1198649452', '701547899', '2743185469']
lru.resize_isolated large calibrate count=8 reps=1 bend_delta=2000000ns ref_delta=332000ns bendA=30000000ns
lru.resize_isolated large calibrate count=408 reps=1 bend_delta=68000000ns ref_delta=2041000ns bendA=1457000000ns
lru.resize_isolated large calibrate count=816 reps=1 bend_delta=325000000ns ref_delta=30439000ns bendA=3050000000ns
lru.resize_isolated large count=816 reps=1 sample=0 order=ABC bendA=3125000000 bendB=2935000000 bendC=3111000000 refA=107333000 refB=77328000 refC=71222000 bend_chk=['4206898078', '2983159874', '3760714671'] ref_chk=['4206898078', '2983159874', '3760714671']
lru.resize_isolated large count=816 reps=1 sample=1 order=CBA bendA=2978000000 bendB=3039000000 bendC=3237000000 refA=85221000 refB=76099000 refC=89530000 bend_chk=['4206898078', '2983159874', '3760714671'] ref_chk=['4206898078', '2983159874', '3760714671']
lifo_queue.put small calibrate count=200000 reps=1 bend_delta=3000000ns ref_delta=4222000ns bendA=5000000ns
lifo_queue.put small calibrate count=200000 reps=34 bend_delta=69000000ns ref_delta=149267000ns bendA=137000000ns
lifo_queue.put small calibrate count=200000 reps=68 bend_delta=136000000ns ref_delta=305549000ns bendA=270000000ns
lifo_queue.put small count=200000 reps=68 sample=0 order=ABC bendA=265000000 bendB=137000000 bendC=0 refA=512811000 refB=275460000 refC=77000 bend_chk=['2588093026', '4137009250', '2938787426'] ref_chk=['2588093026', '4137009250', '2938787426']
lifo_queue.put small count=200000 reps=68 sample=1 order=CBA bendA=278000000 bendB=134000000 bendC=0 refA=542010000 refB=260844000 refC=64000 bend_chk=['2588093026', '4137009250', '2938787426'] ref_chk=['2588093026', '4137009250', '2938787426']
lifo_queue.put small count=200000 reps=68 sample=2 order=ABC bendA=274000000 bendB=145000000 bendC=0 refA=582545000 refB=246879000 refC=67000 bend_chk=['2588093026', '4137009250', '2938787426'] ref_chk=['2588093026', '4137009250', '2938787426']
lifo_queue.put small count=200000 reps=68 sample=3 order=CBA bendA=291000000 bendB=138000000 bendC=0 refA=488946000 refB=250767000 refC=68000 bend_chk=['2588093026', '4137009250', '2938787426'] ref_chk=['2588093026', '4137009250', '2938787426']
lifo_queue.put small count=200000 reps=68 sample=4 order=ABC bendA=276000000 bendB=136000000 bendC=0 refA=513682000 refB=283031000 refC=68000 bend_chk=['2588093026', '4137009250', '2938787426'] ref_chk=['2588093026', '4137009250', '2938787426']
lifo_queue.put small count=200000 reps=68 sample=5 order=CBA bendA=286000000 bendB=134000000 bendC=0 refA=516806000 refB=243038000 refC=68000 bend_chk=['2588093026', '4137009250', '2938787426'] ref_chk=['2588093026', '4137009250', '2938787426']
lifo_queue.put medium calibrate count=100000 reps=1 bend_delta=2000000ns ref_delta=2091000ns bendA=3000000ns
lifo_queue.put medium calibrate count=100000 reps=51 bend_delta=54000000ns ref_delta=84276000ns bendA=111000000ns
lifo_queue.put medium calibrate count=100000 reps=102 bend_delta=100000000ns ref_delta=175400000ns bendA=208000000ns
lifo_queue.put medium count=100000 reps=102 sample=0 order=ABC bendA=208000000 bendB=107000000 bendC=8000000 refA=336020000 refB=164228000 refC=6899000 bend_chk=['279869427', '1444665459', '2738485491'] ref_chk=['279869427', '1444665459', '2738485491']
lifo_queue.put medium count=100000 reps=102 sample=1 order=CBA bendA=215000000 bendB=107000000 bendC=8000000 refA=343486000 refB=175938000 refC=6879000 bend_chk=['279869427', '1444665459', '2738485491'] ref_chk=['279869427', '1444665459', '2738485491']
lifo_queue.put medium count=100000 reps=102 sample=2 order=ABC bendA=207000000 bendB=106000000 bendC=8000000 refA=341426000 refB=162536000 refC=6750000 bend_chk=['279869427', '1444665459', '2738485491'] ref_chk=['279869427', '1444665459', '2738485491']
lifo_queue.put medium count=100000 reps=102 sample=3 order=CBA bendA=203000000 bendB=107000000 bendC=8000000 refA=344642000 refB=165271000 refC=6920000 bend_chk=['279869427', '1444665459', '2738485491'] ref_chk=['279869427', '1444665459', '2738485491']
lifo_queue.put medium count=100000 reps=102 sample=4 order=ABC bendA=209000000 bendB=108000000 bendC=7000000 refA=340956000 refB=173673000 refC=7169000 bend_chk=['279869427', '1444665459', '2738485491'] ref_chk=['279869427', '1444665459', '2738485491']
lifo_queue.put medium count=100000 reps=102 sample=5 order=CBA bendA=208000000 bendB=106000000 bendC=7000000 refA=334749000 refB=167464000 refC=7122000 bend_chk=['279869427', '1444665459', '2738485491'] ref_chk=['279869427', '1444665459', '2738485491']
lifo_queue.put large calibrate count=50000 reps=1 bend_delta=1000000ns ref_delta=830000ns bendA=6000000ns
lifo_queue.put large calibrate count=262144 reps=1 bend_delta=2000000ns ref_delta=5412000ns bendA=10000000ns
lifo_queue.put large calibrate count=262144 reps=51 bend_delta=130000000ns ref_delta=248002000ns bendA=500000000ns
lifo_queue.put large count=262144 reps=51 sample=0 order=ABC bendA=516000000 bendB=390000000 bendC=249000000 refA=749535000 refB=487934000 refC=251384000 bend_chk=['3971095086', '2778864174', '1586633262'] ref_chk=['3971095086', '2778864174', '1586633262']
lifo_queue.put large count=262144 reps=51 sample=1 order=CBA bendA=546000000 bendB=410000000 bendC=283000000 refA=786381000 refB=530173000 refC=257773000 bend_chk=['3971095086', '2778864174', '1586633262'] ref_chk=['3971095086', '2778864174', '1586633262']
lifo_queue.put large count=262144 reps=51 sample=2 order=ABC bendA=541000000 bendB=400000000 bendC=263000000 refA=845585000 refB=536548000 refC=268621000 bend_chk=['3971095086', '2778864174', '1586633262'] ref_chk=['3971095086', '2778864174', '1586633262']
lifo_queue.put large count=262144 reps=51 sample=3 order=CBA bendA=577000000 bendB=392000000 bendC=256000000 refA=825715000 refB=556091000 refC=340736000 bend_chk=['3971095086', '2778864174', '1586633262'] ref_chk=['3971095086', '2778864174', '1586633262']
lifo_queue.put large count=262144 reps=51 sample=4 order=ABC bendA=623000000 bendB=424000000 bendC=259000000 refA=791301000 refB=496566000 refC=253537000 bend_chk=['3971095086', '2778864174', '1586633262'] ref_chk=['3971095086', '2778864174', '1586633262']
lifo_queue.put large count=262144 reps=51 sample=5 order=CBA bendA=514000000 bendB=368000000 bendC=240000000 refA=957825000 refB=572519000 refC=266229000 bend_chk=['3971095086', '2778864174', '1586633262'] ref_chk=['3971095086', '2778864174', '1586633262']
lifo_queue.peek small calibrate count=200000 reps=1 bend_delta=1000000ns ref_delta=258000ns bendA=1000000ns
lifo_queue.peek small calibrate count=12800000 reps=1 bend_delta=25000000ns ref_delta=17398000ns bendA=50000000ns
lifo_queue.peek small calibrate count=64000000 reps=1 bend_delta=136000000ns ref_delta=97821000ns bendA=264000000ns
lifo_queue.peek small count=64000000 reps=1 sample=0 order=ABC bendA=243000000 bendB=128000000 bendC=0 refA=172014000 refB=101376000 refC=1000 bend_chk=['3857318118', '4124922086', '1372627174'] ref_chk=['3857318118', '4124922086', '1372627174']
lifo_queue.peek small count=64000000 reps=1 sample=1 order=CBA bendA=265000000 bendB=130000000 bendC=0 refA=189484000 refB=86166000 refC=1000 bend_chk=['3857318118', '4124922086', '1372627174'] ref_chk=['3857318118', '4124922086', '1372627174']
lifo_queue.peek small count=64000000 reps=1 sample=2 order=ABC bendA=283000000 bendB=161000000 bendC=0 refA=187577000 refB=96075000 refC=2000 bend_chk=['3857318118', '4124922086', '1372627174'] ref_chk=['3857318118', '4124922086', '1372627174']
lifo_queue.peek small count=64000000 reps=1 sample=3 order=CBA bendA=246000000 bendB=132000000 bendC=0 refA=179535000 refB=83476000 refC=1000 bend_chk=['3857318118', '4124922086', '1372627174'] ref_chk=['3857318118', '4124922086', '1372627174']
lifo_queue.peek small count=64000000 reps=1 sample=4 order=ABC bendA=247000000 bendB=125000000 bendC=0 refA=166335000 refB=83515000 refC=8000 bend_chk=['3857318118', '4124922086', '1372627174'] ref_chk=['3857318118', '4124922086', '1372627174']
lifo_queue.peek small count=64000000 reps=1 sample=5 order=CBA bendA=233000000 bendB=124000000 bendC=0 refA=157582000 refB=78704000 refC=1000 bend_chk=['3857318118', '4124922086', '1372627174'] ref_chk=['3857318118', '4124922086', '1372627174']
lifo_queue.peek medium calibrate count=100000 reps=1 bend_delta=1000000ns ref_delta=135000ns bendA=1000000ns
lifo_queue.peek medium calibrate count=6400000 reps=1 bend_delta=11000000ns ref_delta=8318000ns bendA=23000000ns
lifo_queue.peek medium calibrate count=64000000 reps=1 bend_delta=114000000ns ref_delta=87814000ns bendA=254000000ns
lifo_queue.peek medium count=64000000 reps=1 sample=0 order=ABC bendA=246000000 bendB=125000000 bendC=0 refA=211620000 refB=98963000 refC=232000 bend_chk=['2083172837', '2436579813', '3796619749'] ref_chk=['2083172837', '2436579813', '3796619749']
lifo_queue.peek medium count=64000000 reps=1 sample=1 order=CBA bendA=239000000 bendB=126000000 bendC=0 refA=158887000 refB=78783000 refC=77000 bend_chk=['2083172837', '2436579813', '3796619749'] ref_chk=['2083172837', '2436579813', '3796619749']
lifo_queue.peek medium count=64000000 reps=1 sample=2 order=ABC bendA=232000000 bendB=113000000 bendC=0 refA=167055000 refB=78463000 refC=69000 bend_chk=['2083172837', '2436579813', '3796619749'] ref_chk=['2083172837', '2436579813', '3796619749']
lifo_queue.peek medium count=64000000 reps=1 sample=3 order=CBA bendA=222000000 bendB=115000000 bendC=1000000 refA=157309000 refB=78456000 refC=78000 bend_chk=['2083172837', '2436579813', '3796619749'] ref_chk=['2083172837', '2436579813', '3796619749']
lifo_queue.peek medium count=64000000 reps=1 sample=4 order=ABC bendA=232000000 bendB=120000000 bendC=0 refA=163478000 refB=84675000 refC=88000 bend_chk=['2083172837', '2436579813', '3796619749'] ref_chk=['2083172837', '2436579813', '3796619749']
lifo_queue.peek medium count=64000000 reps=1 sample=5 order=CBA bendA=227000000 bendB=124000000 bendC=0 refA=156665000 refB=79171000 refC=81000 bend_chk=['2083172837', '2436579813', '3796619749'] ref_chk=['2083172837', '2436579813', '3796619749']
lifo_queue.peek large calibrate count=50000 reps=1 bend_delta=1000000ns ref_delta=-131000ns bendA=6000000ns
lifo_queue.peek large calibrate count=3200000 reps=1 bend_delta=7000000ns ref_delta=4966000ns bendA=18000000ns
lifo_queue.peek large calibrate count=48000000 reps=1 bend_delta=110000000ns ref_delta=75675000ns bendA=209000000ns
lifo_queue.peek large count=48000000 reps=1 sample=0 order=ABC bendA=189000000 bendB=98000000 bendC=5000000 refA=131698000 refB=68210000 refC=5880000 bend_chk=['1080422916', '845434372', '1830988292'] ref_chk=['1080422916', '845434372', '1830988292']
lifo_queue.peek large count=48000000 reps=1 sample=1 order=CBA bendA=191000000 bendB=98000000 bendC=6000000 refA=133587000 refB=66890000 refC=5493000 bend_chk=['1080422916', '845434372', '1830988292'] ref_chk=['1080422916', '845434372', '1830988292']
lifo_queue.peek large count=48000000 reps=1 sample=2 order=ABC bendA=189000000 bendB=92000000 bendC=5000000 refA=124732000 refB=63756000 refC=5560000 bend_chk=['1080422916', '845434372', '1830988292'] ref_chk=['1080422916', '845434372', '1830988292']
lifo_queue.peek large count=48000000 reps=1 sample=3 order=CBA bendA=177000000 bendB=102000000 bendC=17000000 refA=129194000 refB=69010000 refC=6571000 bend_chk=['1080422916', '845434372', '1830988292'] ref_chk=['1080422916', '845434372', '1830988292']
lifo_queue.peek large count=48000000 reps=1 sample=4 order=ABC bendA=183000000 bendB=92000000 bendC=5000000 refA=124507000 refB=64462000 refC=4989000 bend_chk=['1080422916', '845434372', '1830988292'] ref_chk=['1080422916', '845434372', '1830988292']
lifo_queue.peek large count=48000000 reps=1 sample=5 order=CBA bendA=180000000 bendB=92000000 bendC=5000000 refA=124020000 refB=64974000 refC=5194000 bend_chk=['1080422916', '845434372', '1830988292'] ref_chk=['1080422916', '845434372', '1830988292']
lifo_queue.qsize small calibrate count=200000 reps=1 bend_delta=0ns ref_delta=698000ns bendA=0ns
lifo_queue.qsize small calibrate count=12800000 reps=1 bend_delta=15000000ns ref_delta=40762000ns bendA=31000000ns
lifo_queue.qsize small calibrate count=89600000 reps=1 bend_delta=105000000ns ref_delta=284565000ns bendA=207000000ns
lifo_queue.qsize small count=89600000 reps=1 sample=0 order=ABC bendA=198000000 bendB=97000000 bendC=0 refA=561547000 refB=305576000 refC=3000 bend_chk=['17854915', '1139417539', '1120129475'] ref_chk=['17854915', '1139417539', '1120129475']
lifo_queue.qsize small count=89600000 reps=1 sample=1 order=CBA bendA=202000000 bendB=100000000 bendC=0 refA=601522000 refB=289203000 refC=1000 bend_chk=['17854915', '1139417539', '1120129475'] ref_chk=['17854915', '1139417539', '1120129475']
lifo_queue.qsize small count=89600000 reps=1 sample=2 order=ABC bendA=210000000 bendB=111000000 bendC=0 refA=758355000 refB=397936000 refC=1000 bend_chk=['17854915', '1139417539', '1120129475'] ref_chk=['17854915', '1139417539', '1120129475']
lifo_queue.qsize small count=89600000 reps=1 sample=3 order=CBA bendA=297000000 bendB=138000000 bendC=0 refA=782158000 refB=489303000 refC=3000 bend_chk=['17854915', '1139417539', '1120129475'] ref_chk=['17854915', '1139417539', '1120129475']
lifo_queue.qsize small count=89600000 reps=1 sample=4 order=ABC bendA=228000000 bendB=109000000 bendC=0 refA=587766000 refB=291141000 refC=1000 bend_chk=['17854915', '1139417539', '1120129475'] ref_chk=['17854915', '1139417539', '1120129475']
lifo_queue.qsize small count=89600000 reps=1 sample=5 order=CBA bendA=201000000 bendB=105000000 bendC=0 refA=572331000 refB=286584000 refC=1000 bend_chk=['17854915', '1139417539', '1120129475'] ref_chk=['17854915', '1139417539', '1120129475']
lifo_queue.qsize medium calibrate count=100000 reps=1 bend_delta=-1000000ns ref_delta=322000ns bendA=0ns
lifo_queue.qsize medium calibrate count=6400000 reps=1 bend_delta=7000000ns ref_delta=23881000ns bendA=14000000ns
lifo_queue.qsize medium calibrate count=96000000 reps=1 bend_delta=115000000ns ref_delta=298435000ns bendA=215000000ns
lifo_queue.qsize medium count=96000000 reps=1 sample=0 order=ABC bendA=213000000 bendB=106000000 bendC=0 refA=610191000 refB=303311000 refC=68000 bend_chk=['4151640642', '2264824386', '1904734786'] ref_chk=['4151640642', '2264824386', '1904734786']
lifo_queue.qsize medium count=96000000 reps=1 sample=1 order=CBA bendA=208000000 bendB=101000000 bendC=0 refA=659120000 refB=323287000 refC=142000 bend_chk=['4151640642', '2264824386', '1904734786'] ref_chk=['4151640642', '2264824386', '1904734786']
lifo_queue.qsize medium count=96000000 reps=1 sample=2 order=ABC bendA=223000000 bendB=113000000 bendC=0 refA=641132000 refB=315687000 refC=87000 bend_chk=['4151640642', '2264824386', '1904734786'] ref_chk=['4151640642', '2264824386', '1904734786']
lifo_queue.qsize medium count=96000000 reps=1 sample=3 order=CBA bendA=232000000 bendB=112000000 bendC=0 refA=633117000 refB=318347000 refC=74000 bend_chk=['4151640642', '2264824386', '1904734786'] ref_chk=['4151640642', '2264824386', '1904734786']
lifo_queue.qsize medium count=96000000 reps=1 sample=4 order=ABC bendA=222000000 bendB=114000000 bendC=0 refA=653562000 refB=319146000 refC=76000 bend_chk=['4151640642', '2264824386', '1904734786'] ref_chk=['4151640642', '2264824386', '1904734786']
lifo_queue.qsize medium count=96000000 reps=1 sample=5 order=CBA bendA=213000000 bendB=110000000 bendC=0 refA=617070000 refB=304993000 refC=68000 bend_chk=['4151640642', '2264824386', '1904734786'] ref_chk=['4151640642', '2264824386', '1904734786']
lifo_queue.qsize large calibrate count=50000 reps=1 bend_delta=2000000ns ref_delta=5563000ns bendA=6000000ns
lifo_queue.qsize large calibrate count=2550000 reps=1 bend_delta=3000000ns ref_delta=9080000ns bendA=11000000ns
lifo_queue.qsize large calibrate count=86700000 reps=1 bend_delta=99000000ns ref_delta=327535000ns bendA=210000000ns
lifo_queue.qsize large calibrate count=173400000 reps=1 bend_delta=220000000ns ref_delta=506062000ns bendA=426000000ns
lifo_queue.qsize large count=173400000 reps=1 sample=0 order=ABC bendA=389000000 bendB=196000000 bendC=4000000 refA=1073349000 refB=535808000 refC=4554000 bend_chk=['1846528737', '2759023265', '1009429089'] ref_chk=['1846528737', '2759023265', '1009429089']
lifo_queue.qsize large count=173400000 reps=1 sample=1 order=CBA bendA=378000000 bendB=187000000 bendC=4000000 refA=1074264000 refB=535734000 refC=4482000 bend_chk=['1846528737', '2759023265', '1009429089'] ref_chk=['1846528737', '2759023265', '1009429089']
lifo_queue.qsize large count=173400000 reps=1 sample=2 order=ABC bendA=376000000 bendB=196000000 bendC=4000000 refA=1083587000 refB=541325000 refC=4191000 bend_chk=['1846528737', '2759023265', '1009429089'] ref_chk=['1846528737', '2759023265', '1009429089']
lifo_queue.qsize large count=173400000 reps=1 sample=3 order=CBA bendA=378000000 bendB=192000000 bendC=5000000 refA=1314958000 refB=598830000 refC=5241000 bend_chk=['1846528737', '2759023265', '1009429089'] ref_chk=['1846528737', '2759023265', '1009429089']
lifo_queue.qsize large count=173400000 reps=1 sample=4 order=ABC bendA=407000000 bendB=203000000 bendC=4000000 refA=1111096000 refB=537319000 refC=4343000 bend_chk=['1846528737', '2759023265', '1009429089'] ref_chk=['1846528737', '2759023265', '1009429089']
lifo_queue.qsize large count=173400000 reps=1 sample=5 order=CBA bendA=380000000 bendB=190000000 bendC=5000000 refA=1069428000 refB=535665000 refC=4675000 bend_chk=['1846528737', '2759023265', '1009429089'] ref_chk=['1846528737', '2759023265', '1009429089']
lifo_queue.to_list small calibrate count=20000 reps=1 bend_delta=9000000ns ref_delta=470000ns bendA=18000000ns
lifo_queue.to_list small calibrate count=240000 reps=1 bend_delta=108000000ns ref_delta=5551000ns bendA=215000000ns
lifo_queue.to_list small count=240000 reps=1 sample=0 order=ABC bendA=224000000 bendB=115000000 bendC=0 refA=11638000 refB=6099000 refC=2000 bend_chk=['2664129440', '1302311712', '867631776'] ref_chk=['2664129440', '1302311712', '867631776']
lifo_queue.to_list small count=240000 reps=1 sample=1 order=CBA bendA=237000000 bendB=119000000 bendC=0 refA=12177000 refB=6108000 refC=1000 bend_chk=['2664129440', '1302311712', '867631776'] ref_chk=['2664129440', '1302311712', '867631776']
lifo_queue.to_list small count=240000 reps=1 sample=2 order=ABC bendA=236000000 bendB=123000000 bendC=0 refA=13037000 refB=6504000 refC=1000 bend_chk=['2664129440', '1302311712', '867631776'] ref_chk=['2664129440', '1302311712', '867631776']
lifo_queue.to_list small count=240000 reps=1 sample=3 order=CBA bendA=239000000 bendB=118000000 bendC=0 refA=12772000 refB=6118000 refC=1000 bend_chk=['2664129440', '1302311712', '867631776'] ref_chk=['2664129440', '1302311712', '867631776']
lifo_queue.to_list small count=240000 reps=1 sample=4 order=ABC bendA=240000000 bendB=119000000 bendC=0 refA=12240000 refB=6108000 refC=2000 bend_chk=['2664129440', '1302311712', '867631776'] ref_chk=['2664129440', '1302311712', '867631776']
lifo_queue.to_list small count=240000 reps=1 sample=5 order=CBA bendA=251000000 bendB=120000000 bendC=0 refA=13026000 refB=6539000 refC=2000 bend_chk=['2664129440', '1302311712', '867631776'] ref_chk=['2664129440', '1302311712', '867631776']
lifo_queue.to_list medium calibrate count=1000 reps=1 bend_delta=43000000ns ref_delta=3752000ns bendA=68000000ns
lifo_queue.to_list medium calibrate count=3000 reps=1 bend_delta=121000000ns ref_delta=11194000ns bendA=191000000ns
lifo_queue.to_list medium count=3000 reps=1 sample=0 order=ABC bendA=194000000 bendB=87000000 bendC=0 refA=22350000 refB=11367000 refC=70000 bend_chk=['3305791919', '882994855', '12849823'] ref_chk=['3305791919', '882994855', '12849823']
lifo_queue.to_list medium count=3000 reps=1 sample=1 order=CBA bendA=192000000 bendB=71000000 bendC=0 refA=22362000 refB=5754000 refC=78000 bend_chk=['3305791919', '882994855', '12849823'] ref_chk=['3305791919', '882994855', '12849823']
lifo_queue.to_list medium count=3000 reps=1 sample=2 order=ABC bendA=190000000 bendB=70000000 bendC=0 refA=14807000 refB=8247000 refC=65000 bend_chk=['3305791919', '882994855', '12849823'] ref_chk=['3305791919', '882994855', '12849823']
lifo_queue.to_list medium count=3000 reps=1 sample=3 order=CBA bendA=190000000 bendB=69000000 bendC=0 refA=20375000 refB=11214000 refC=78000 bend_chk=['3305791919', '882994855', '12849823'] ref_chk=['3305791919', '882994855', '12849823']
lifo_queue.to_list medium count=3000 reps=1 sample=4 order=ABC bendA=189000000 bendB=64000000 bendC=0 refA=15322000 refB=5951000 refC=68000 bend_chk=['3305791919', '882994855', '12849823'] ref_chk=['3305791919', '882994855', '12849823']
lifo_queue.to_list medium count=3000 reps=1 sample=5 order=CBA bendA=197000000 bendB=65000000 bendC=0 refA=22267000 refB=7120000 refC=74000 bend_chk=['3305791919', '882994855', '12849823'] ref_chk=['3305791919', '882994855', '12849823']
lifo_queue.to_list large calibrate count=50 reps=1 bend_delta=142000000ns ref_delta=20640000ns bendA=214000000ns
lifo_queue.to_list large count=50 reps=1 sample=0 order=ABC bendA=214000000 bendB=105000000 bendC=5000000 refA=32518000 refB=22875000 refC=4687000 bend_chk=['3723657226', '3204279948', '187869886'] ref_chk=['3723657226', '3204279948', '187869886']
lifo_queue.to_list large count=50 reps=1 sample=1 order=CBA bendA=217000000 bendB=71000000 bendC=6000000 refA=43948000 refB=19882000 refC=5502000 bend_chk=['3723657226', '3204279948', '187869886'] ref_chk=['3723657226', '3204279948', '187869886']
lifo_queue.to_list large count=50 reps=1 sample=2 order=ABC bendA=214000000 bendB=73000000 bendC=4000000 refA=43475000 refB=19829000 refC=5044000 bend_chk=['3723657226', '3204279948', '187869886'] ref_chk=['3723657226', '3204279948', '187869886']
lifo_queue.to_list large count=50 reps=1 sample=3 order=CBA bendA=205000000 bendB=71000000 bendC=5000000 refA=32215000 refB=22358000 refC=4761000 bend_chk=['3723657226', '3204279948', '187869886'] ref_chk=['3723657226', '3204279948', '187869886']
lifo_queue.to_list large count=50 reps=1 sample=4 order=ABC bendA=202000000 bendB=68000000 bendC=4000000 refA=42066000 refB=19243000 refC=5005000 bend_chk=['3723657226', '3204279948', '187869886'] ref_chk=['3723657226', '3204279948', '187869886']
lifo_queue.to_list large count=50 reps=1 sample=5 order=CBA bendA=205000000 bendB=70000000 bendC=5000000 refA=39449000 refB=18092000 refC=5110000 bend_chk=['3723657226', '3204279948', '187869886'] ref_chk=['3723657226', '3204279948', '187869886']
lifo_queue.get small calibrate count=200000 reps=1 bend_delta=0ns ref_delta=3236000ns bendA=1000000ns
lifo_queue.get small calibrate count=12800000 reps=1 bend_delta=33000000ns ref_delta=160156000ns bendA=64000000ns
lifo_queue.get small calibrate count=51200000 reps=1 bend_delta=136000000ns ref_delta=709315000ns bendA=276000000ns
lifo_queue.get small count=51200000 reps=1 sample=0 order=ABC bendA=281000000 bendB=138000000 bendC=0 refA=1460856000 refB=715158000 refC=1000 bend_chk=['1013920637', '546091901', '615134077'] ref_chk=['1013920637', '546091901', '615134077']
lifo_queue.get small count=51200000 reps=1 sample=1 order=CBA bendA=282000000 bendB=142000000 bendC=0 refA=1450619000 refB=709362000 refC=1000 bend_chk=['1013920637', '546091901', '615134077'] ref_chk=['1013920637', '546091901', '615134077']
lifo_queue.get small count=51200000 reps=1 sample=2 order=ABC bendA=328000000 bendB=154000000 bendC=0 refA=1426491000 refB=733495000 refC=1000 bend_chk=['1013920637', '546091901', '615134077'] ref_chk=['1013920637', '546091901', '615134077']
lifo_queue.get small count=51200000 reps=1 sample=3 order=CBA bendA=295000000 bendB=151000000 bendC=0 refA=1523083000 refB=805341000 refC=1000 bend_chk=['1013920637', '546091901', '615134077'] ref_chk=['1013920637', '546091901', '615134077']
lifo_queue.get small count=51200000 reps=1 sample=4 order=ABC bendA=294000000 bendB=144000000 bendC=0 refA=1407790000 refB=662345000 refC=1000 bend_chk=['1013920637', '546091901', '615134077'] ref_chk=['1013920637', '546091901', '615134077']
lifo_queue.get small count=51200000 reps=1 sample=5 order=CBA bendA=282000000 bendB=137000000 bendC=0 refA=1420607000 refB=679625000 refC=1000 bend_chk=['1013920637', '546091901', '615134077'] ref_chk=['1013920637', '546091901', '615134077']
lifo_queue.get medium calibrate count=100000 reps=1 bend_delta=1000000ns ref_delta=1394000ns bendA=1000000ns
lifo_queue.get medium calibrate count=6400000 reps=1 bend_delta=18000000ns ref_delta=84801000ns bendA=35000000ns
lifo_queue.get medium calibrate count=38400000 reps=1 bend_delta=103000000ns ref_delta=525476000ns bendA=206000000ns
lifo_queue.get medium count=38400000 reps=1 sample=0 order=ABC bendA=214000000 bendB=104000000 bendC=0 refA=1030307000 refB=519984000 refC=71000 bend_chk=['4071871228', '207225596', '2415932156'] ref_chk=['4071871228', '207225596', '2415932156']
lifo_queue.get medium count=38400000 reps=1 sample=1 order=CBA bendA=207000000 bendB=100000000 bendC=0 refA=1030607000 refB=528959000 refC=83000 bend_chk=['4071871228', '207225596', '2415932156'] ref_chk=['4071871228', '207225596', '2415932156']
lifo_queue.get medium count=38400000 reps=1 sample=2 order=ABC bendA=203000000 bendB=99000000 bendC=0 refA=1049846000 refB=512607000 refC=74000 bend_chk=['4071871228', '207225596', '2415932156'] ref_chk=['4071871228', '207225596', '2415932156']
lifo_queue.get medium count=38400000 reps=1 sample=3 order=CBA bendA=204000000 bendB=102000000 bendC=0 refA=1019874000 refB=510325000 refC=101000 bend_chk=['4071871228', '207225596', '2415932156'] ref_chk=['4071871228', '207225596', '2415932156']
lifo_queue.get medium count=38400000 reps=1 sample=4 order=ABC bendA=201000000 bendB=102000000 bendC=0 refA=1019983000 refB=513287000 refC=67000 bend_chk=['4071871228', '207225596', '2415932156'] ref_chk=['4071871228', '207225596', '2415932156']
lifo_queue.get medium count=38400000 reps=1 sample=5 order=CBA bendA=212000000 bendB=101000000 bendC=0 refA=1046612000 refB=559657000 refC=78000 bend_chk=['4071871228', '207225596', '2415932156'] ref_chk=['4071871228', '207225596', '2415932156']
lifo_queue.get large calibrate count=50000 reps=1 bend_delta=1000000ns ref_delta=1025000ns bendA=6000000ns
lifo_queue.get large calibrate count=3200000 reps=1 bend_delta=8000000ns ref_delta=42493000ns bendA=21000000ns
lifo_queue.get large calibrate count=41600000 reps=1 bend_delta=109000000ns ref_delta=545041000ns bendA=224000000ns
lifo_queue.get large count=41600000 reps=1 sample=0 order=ABC bendA=234000000 bendB=120000000 bendC=5000000 refA=1128044000 refB=557362000 refC=4539000 bend_chk=['2909915931', '4098243355', '3661277979'] ref_chk=['2909915931', '4098243355', '3661277979']
lifo_queue.get large count=41600000 reps=1 sample=1 order=CBA bendA=235000000 bendB=117000000 bendC=5000000 refA=1084020000 refB=547487000 refC=5344000 bend_chk=['2909915931', '4098243355', '3661277979'] ref_chk=['2909915931', '4098243355', '3661277979']
lifo_queue.get large count=41600000 reps=1 sample=2 order=ABC bendA=215000000 bendB=113000000 bendC=5000000 refA=1076453000 refB=570050000 refC=4290000 bend_chk=['2909915931', '4098243355', '3661277979'] ref_chk=['2909915931', '4098243355', '3661277979']
lifo_queue.get large count=41600000 reps=1 sample=3 order=CBA bendA=227000000 bendB=117000000 bendC=5000000 refA=1175999000 refB=573298000 refC=5344000 bend_chk=['2909915931', '4098243355', '3661277979'] ref_chk=['2909915931', '4098243355', '3661277979']
lifo_queue.get large count=41600000 reps=1 sample=4 order=ABC bendA=243000000 bendB=121000000 bendC=5000000 refA=1151014000 refB=584486000 refC=4896000 bend_chk=['2909915931', '4098243355', '3661277979'] ref_chk=['2909915931', '4098243355', '3661277979']
lifo_queue.get large count=41600000 reps=1 sample=5 order=CBA bendA=237000000 bendB=120000000 bendC=6000000 refA=1195948000 refB=579274000 refC=6755000 bend_chk=['2909915931', '4098243355', '3661277979'] ref_chk=['2909915931', '4098243355', '3661277979']
lifo_queue.new small calibrate count=200000 reps=1 bend_delta=-1000000ns ref_delta=259000ns bendA=0ns
lifo_queue.new small calibrate count=12800000 reps=1 bend_delta=16000000ns ref_delta=16807000ns bendA=33000000ns
lifo_queue.new small calibrate count=89600000 reps=1 bend_delta=113000000ns ref_delta=108528000ns bendA=216000000ns
lifo_queue.new small count=89600000 reps=1 sample=0 order=ABC bendA=212000000 bendB=105000000 bendC=0 refA=220745000 refB=118547000 refC=1000 bend_chk=['3329000538', '2550461530', '362636378'] ref_chk=['3329000538', '2550461530', '362636378']
lifo_queue.new small count=89600000 reps=1 sample=1 order=CBA bendA=208000000 bendB=109000000 bendC=0 refA=238328000 refB=111603000 refC=1000 bend_chk=['3329000538', '2550461530', '362636378'] ref_chk=['3329000538', '2550461530', '362636378']
lifo_queue.new small count=89600000 reps=1 sample=2 order=ABC bendA=227000000 bendB=115000000 bendC=0 refA=241906000 refB=127990000 refC=1000 bend_chk=['3329000538', '2550461530', '362636378'] ref_chk=['3329000538', '2550461530', '362636378']
lifo_queue.new small count=89600000 reps=1 sample=3 order=CBA bendA=225000000 bendB=119000000 bendC=0 refA=237507000 refB=111843000 refC=2000 bend_chk=['3329000538', '2550461530', '362636378'] ref_chk=['3329000538', '2550461530', '362636378']
lifo_queue.new small count=89600000 reps=1 sample=4 order=ABC bendA=221000000 bendB=104000000 bendC=0 refA=234185000 refB=137188000 refC=8000 bend_chk=['3329000538', '2550461530', '362636378'] ref_chk=['3329000538', '2550461530', '362636378']
lifo_queue.new small count=89600000 reps=1 sample=5 order=CBA bendA=235000000 bendB=123000000 bendC=0 refA=236579000 refB=118553000 refC=1000 bend_chk=['3329000538', '2550461530', '362636378'] ref_chk=['3329000538', '2550461530', '362636378']
lifo_queue.new medium calibrate count=100000 reps=1 bend_delta=0ns ref_delta=133000ns bendA=0ns
lifo_queue.new medium calibrate count=6400000 reps=1 bend_delta=9000000ns ref_delta=8213000ns bendA=17000000ns
lifo_queue.new medium calibrate count=76800000 reps=1 bend_delta=97000000ns ref_delta=86311000ns bendA=185000000ns
lifo_queue.new medium calibrate count=153600000 reps=1 bend_delta=167000000ns ref_delta=195668000ns bendA=349000000ns
lifo_queue.new medium count=153600000 reps=1 sample=0 order=ABC bendA=352000000 bendB=170000000 bendC=0 refA=352340000 refB=187865000 refC=71000 bend_chk=['2103235417', '3997995865', '524047193'] ref_chk=['2103235417', '3997995865', '524047193']
lifo_queue.new medium count=153600000 reps=1 sample=1 order=CBA bendA=343000000 bendB=180000000 bendC=0 refA=368876000 refB=173057000 refC=64000 bend_chk=['2103235417', '3997995865', '524047193'] ref_chk=['2103235417', '3997995865', '524047193']
lifo_queue.new medium count=153600000 reps=1 sample=2 order=ABC bendA=351000000 bendB=170000000 bendC=0 refA=351814000 refB=186833000 refC=82000 bend_chk=['2103235417', '3997995865', '524047193'] ref_chk=['2103235417', '3997995865', '524047193']
lifo_queue.new medium count=153600000 reps=1 sample=3 order=CBA bendA=342000000 bendB=178000000 bendC=0 refA=367991000 refB=172074000 refC=101000 bend_chk=['2103235417', '3997995865', '524047193'] ref_chk=['2103235417', '3997995865', '524047193']
lifo_queue.new medium count=153600000 reps=1 sample=4 order=ABC bendA=355000000 bendB=170000000 bendC=0 refA=355804000 refB=189371000 refC=76000 bend_chk=['2103235417', '3997995865', '524047193'] ref_chk=['2103235417', '3997995865', '524047193']
lifo_queue.new medium count=153600000 reps=1 sample=5 order=CBA bendA=346000000 bendB=178000000 bendC=0 refA=370956000 refB=175602000 refC=68000 bend_chk=['2103235417', '3997995865', '524047193'] ref_chk=['2103235417', '3997995865', '524047193']
lifo_queue.new large calibrate count=50000 reps=1 bend_delta=0ns ref_delta=369000ns bendA=5000000ns
lifo_queue.new large calibrate count=3200000 reps=1 bend_delta=4000000ns ref_delta=4349000ns bendA=12000000ns
lifo_queue.new large calibrate count=83200000 reps=1 bend_delta=121000000ns ref_delta=89940000ns bendA=228000000ns
lifo_queue.new large count=83200000 reps=1 sample=0 order=ABC bendA=209000000 bendB=100000000 bendC=5000000 refA=201354000 refB=105722000 refC=5367000 bend_chk=['1812552568', '3844473720', '2839718776'] ref_chk=['1812552568', '3844473720', '2839718776']
lifo_queue.new large count=83200000 reps=1 sample=1 order=CBA bendA=196000000 bendB=105000000 bendC=6000000 refA=205035000 refB=102677000 refC=5254000 bend_chk=['1812552568', '3844473720', '2839718776'] ref_chk=['1812552568', '3844473720', '2839718776']
lifo_queue.new large count=83200000 reps=1 sample=2 order=ABC bendA=197000000 bendB=100000000 bendC=5000000 refA=201325000 refB=106180000 refC=5241000 bend_chk=['1812552568', '3844473720', '2839718776'] ref_chk=['1812552568', '3844473720', '2839718776']
lifo_queue.new large count=83200000 reps=1 sample=3 order=CBA bendA=194000000 bendB=103000000 bendC=5000000 refA=198263000 refB=98757000 refC=5345000 bend_chk=['1812552568', '3844473720', '2839718776'] ref_chk=['1812552568', '3844473720', '2839718776']
lifo_queue.new large count=83200000 reps=1 sample=4 order=ABC bendA=197000000 bendB=96000000 bendC=5000000 refA=198842000 refB=106946000 refC=4999000 bend_chk=['1812552568', '3844473720', '2839718776'] ref_chk=['1812552568', '3844473720', '2839718776']
lifo_queue.new large count=83200000 reps=1 sample=5 order=CBA bendA=192000000 bendB=102000000 bendC=5000000 refA=197886000 refB=96728000 refC=4806000 bend_chk=['1812552568', '3844473720', '2839718776'] ref_chk=['1812552568', '3844473720', '2839718776']
simple_queue.put small calibrate count=200000 reps=1 bend_delta=3000000ns ref_delta=1570000ns bendA=5000000ns
simple_queue.put small calibrate count=200000 reps=34 bend_delta=67000000ns ref_delta=76426000ns bendA=129000000ns
simple_queue.put small calibrate count=200000 reps=68 bend_delta=125000000ns ref_delta=183423000ns bendA=255000000ns
simple_queue.put small count=200000 reps=68 sample=0 order=ABC bendA=261000000 bendB=129000000 bendC=0 refA=351760000 refB=170184000 refC=98000 bend_chk=['2129639394', '1130417634', '731112418'] ref_chk=['2129639394', '1130417634', '731112418']
simple_queue.put small count=200000 reps=68 sample=1 order=CBA bendA=269000000 bendB=129000000 bendC=0 refA=347060000 refB=168401000 refC=111000 bend_chk=['2129639394', '1130417634', '731112418'] ref_chk=['2129639394', '1130417634', '731112418']
simple_queue.put small count=200000 reps=68 sample=2 order=ABC bendA=262000000 bendB=130000000 bendC=0 refA=343974000 refB=174693000 refC=99000 bend_chk=['2129639394', '1130417634', '731112418'] ref_chk=['2129639394', '1130417634', '731112418']
simple_queue.put small count=200000 reps=68 sample=3 order=CBA bendA=259000000 bendB=130000000 bendC=1000000 refA=387480000 refB=174824000 refC=111000 bend_chk=['2129639394', '1130417634', '731112418'] ref_chk=['2129639394', '1130417634', '731112418']
simple_queue.put small count=200000 reps=68 sample=4 order=ABC bendA=253000000 bendB=126000000 bendC=0 refA=411533000 refB=183236000 refC=99000 bend_chk=['2129639394', '1130417634', '731112418'] ref_chk=['2129639394', '1130417634', '731112418']
simple_queue.put small count=200000 reps=68 sample=5 order=CBA bendA=261000000 bendB=130000000 bendC=0 refA=344958000 refB=172257000 refC=109000 bend_chk=['2129639394', '1130417634', '731112418'] ref_chk=['2129639394', '1130417634', '731112418']
simple_queue.put medium calibrate count=100000 reps=1 bend_delta=2000000ns ref_delta=1320000ns bendA=3000000ns
simple_queue.put medium calibrate count=100000 reps=51 bend_delta=48000000ns ref_delta=69476000ns bendA=102000000ns
simple_queue.put medium calibrate count=100000 reps=153 bend_delta=147000000ns ref_delta=324875000ns bendA=307000000ns
simple_queue.put medium count=100000 reps=153 sample=0 order=ABC bendA=309000000 bendB=160000000 bendC=14000000 refA=393482000 refB=200832000 refC=15591000 bend_chk=['4155994730', '1696051690', '1212522858'] ref_chk=['4155994730', '1696051690', '1212522858']
simple_queue.put medium count=100000 reps=153 sample=1 order=CBA bendA=297000000 bendB=157000000 bendC=15000000 refA=386798000 refB=207641000 refC=15855000 bend_chk=['4155994730', '1696051690', '1212522858'] ref_chk=['4155994730', '1696051690', '1212522858']
simple_queue.put medium count=100000 reps=153 sample=2 order=ABC bendA=297000000 bendB=151000000 bendC=13000000 refA=391439000 refB=192660000 refC=15784000 bend_chk=['4155994730', '1696051690', '1212522858'] ref_chk=['4155994730', '1696051690', '1212522858']
simple_queue.put medium count=100000 reps=153 sample=3 order=CBA bendA=292000000 bendB=157000000 bendC=14000000 refA=386451000 refB=207018000 refC=17255000 bend_chk=['4155994730', '1696051690', '1212522858'] ref_chk=['4155994730', '1696051690', '1212522858']
simple_queue.put medium count=100000 reps=153 sample=4 order=ABC bendA=304000000 bendB=158000000 bendC=15000000 refA=412667000 refB=200743000 refC=15640000 bend_chk=['4155994730', '1696051690', '1212522858'] ref_chk=['4155994730', '1696051690', '1212522858']
simple_queue.put medium count=100000 reps=153 sample=5 order=CBA bendA=321000000 bendB=163000000 bendC=15000000 refA=399548000 refB=214549000 refC=15747000 bend_chk=['4155994730', '1696051690', '1212522858'] ref_chk=['4155994730', '1696051690', '1212522858']
simple_queue.put large calibrate count=50000 reps=1 bend_delta=3000000ns ref_delta=279000ns bendA=9000000ns
simple_queue.put large calibrate count=262144 reps=1 bend_delta=4000000ns ref_delta=5094000ns bendA=13000000ns
simple_queue.put large calibrate count=262144 reps=26 bend_delta=78000000ns ref_delta=109312000ns bendA=334000000ns
simple_queue.put large calibrate count=262144 reps=52 bend_delta=149000000ns ref_delta=190232000ns bendA=637000000ns
simple_queue.put large count=262144 reps=52 sample=0 order=ABC bendA=625000000 bendB=467000000 bendC=332000000 refA=882868000 refB=663659000 refC=402971000 bend_chk=['57526106', '1271777114', '2486028122'] ref_chk=['57526106', '1271777114', '2486028122']
simple_queue.put large count=262144 reps=52 sample=1 order=CBA bendA=683000000 bendB=487000000 bendC=327000000 refA=736600000 refB=567313000 refC=495600000 bend_chk=['57526106', '1271777114', '2486028122'] ref_chk=['57526106', '1271777114', '2486028122']
simple_queue.put large count=262144 reps=52 sample=2 order=ABC bendA=606000000 bendB=463000000 bendC=318000000 refA=715395000 refB=552546000 refC=368356000 bend_chk=['57526106', '1271777114', '2486028122'] ref_chk=['57526106', '1271777114', '2486028122']
simple_queue.put large count=262144 reps=52 sample=3 order=CBA bendA=593000000 bendB=438000000 bendC=309000000 refA=707746000 refB=541040000 refC=363676000 bend_chk=['57526106', '1271777114', '2486028122'] ref_chk=['57526106', '1271777114', '2486028122']
simple_queue.put large count=262144 reps=52 sample=4 order=ABC bendA=581000000 bendB=448000000 bendC=306000000 refA=718898000 refB=538928000 refC=362632000 bend_chk=['57526106', '1271777114', '2486028122'] ref_chk=['57526106', '1271777114', '2486028122']
simple_queue.put large count=262144 reps=52 sample=5 order=CBA bendA=579000000 bendB=437000000 bendC=310000000 refA=710211000 refB=544218000 refC=365124000 bend_chk=['57526106', '1271777114', '2486028122'] ref_chk=['57526106', '1271777114', '2486028122']
simple_queue.peek small calibrate count=200000 reps=1 bend_delta=1000000ns ref_delta=830000ns bendA=2000000ns
simple_queue.peek small calibrate count=12800000 reps=1 bend_delta=50000000ns ref_delta=50021000ns bendA=99000000ns
simple_queue.peek small calibrate count=38400000 reps=1 bend_delta=139000000ns ref_delta=158411000ns bendA=285000000ns
simple_queue.peek small count=38400000 reps=1 sample=0 order=ABC bendA=281000000 bendB=141000000 bendC=0 refA=300942000 refB=146393000 refC=1000 bend_chk=['496339924', '603929556', '2523458516'] ref_chk=['496339924', '603929556', '2523458516']
simple_queue.peek small count=38400000 reps=1 sample=1 order=CBA bendA=283000000 bendB=135000000 bendC=0 refA=295442000 refB=152836000 refC=2000 bend_chk=['496339924', '603929556', '2523458516'] ref_chk=['496339924', '603929556', '2523458516']
simple_queue.peek small count=38400000 reps=1 sample=2 order=ABC bendA=275000000 bendB=142000000 bendC=0 refA=302779000 refB=146209000 refC=1000 bend_chk=['496339924', '603929556', '2523458516'] ref_chk=['496339924', '603929556', '2523458516']
simple_queue.peek small count=38400000 reps=1 sample=3 order=CBA bendA=282000000 bendB=135000000 bendC=0 refA=261133000 refB=150198000 refC=2000 bend_chk=['496339924', '603929556', '2523458516'] ref_chk=['496339924', '603929556', '2523458516']
simple_queue.peek small count=38400000 reps=1 sample=4 order=ABC bendA=280000000 bendB=141000000 bendC=0 refA=299136000 refB=146207000 refC=2000 bend_chk=['496339924', '603929556', '2523458516'] ref_chk=['496339924', '603929556', '2523458516']
simple_queue.peek small count=38400000 reps=1 sample=5 order=CBA bendA=286000000 bendB=136000000 bendC=0 refA=294789000 refB=155610000 refC=1000 bend_chk=['496339924', '603929556', '2523458516'] ref_chk=['496339924', '603929556', '2523458516']
simple_queue.peek medium calibrate count=100000 reps=1 bend_delta=1000000ns ref_delta=407000ns bendA=1000000ns
simple_queue.peek medium calibrate count=6400000 reps=1 bend_delta=23000000ns ref_delta=28512000ns bendA=45000000ns
simple_queue.peek medium calibrate count=32000000 reps=1 bend_delta=111000000ns ref_delta=136243000ns bendA=235000000ns
simple_queue.peek medium count=32000000 reps=1 sample=0 order=ABC bendA=232000000 bendB=118000000 bendC=0 refA=253342000 refB=126682000 refC=102000 bend_chk=['2669458451', '985840659', '493405203'] ref_chk=['2669458451', '985840659', '493405203']
simple_queue.peek medium count=32000000 reps=1 sample=1 order=CBA bendA=235000000 bendB=117000000 bendC=0 refA=251001000 refB=128643000 refC=117000 bend_chk=['2669458451', '985840659', '493405203'] ref_chk=['2669458451', '985840659', '493405203']
simple_queue.peek medium count=32000000 reps=1 sample=2 order=ABC bendA=230000000 bendB=123000000 bendC=0 refA=257022000 refB=123019000 refC=99000 bend_chk=['2669458451', '985840659', '493405203'] ref_chk=['2669458451', '985840659', '493405203']
simple_queue.peek medium count=32000000 reps=1 sample=3 order=CBA bendA=234000000 bendB=113000000 bendC=0 refA=244129000 refB=126662000 refC=106000 bend_chk=['2669458451', '985840659', '493405203'] ref_chk=['2669458451', '985840659', '493405203']
simple_queue.peek medium count=32000000 reps=1 sample=4 order=ABC bendA=227000000 bendB=114000000 bendC=0 refA=245212000 refB=123309000 refC=95000 bend_chk=['2669458451', '985840659', '493405203'] ref_chk=['2669458451', '985840659', '493405203']
simple_queue.peek medium count=32000000 reps=1 sample=5 order=CBA bendA=222000000 bendB=111000000 bendC=0 refA=244866000 refB=123615000 refC=108000 bend_chk=['2669458451', '985840659', '493405203'] ref_chk=['2669458451', '985840659', '493405203']
simple_queue.peek large calibrate count=50000 reps=1 bend_delta=2000000ns ref_delta=197000ns bendA=8000000ns
simple_queue.peek large calibrate count=2550000 reps=1 bend_delta=8000000ns ref_delta=9509000ns bendA=23000000ns
simple_queue.peek large calibrate count=33150000 reps=1 bend_delta=119000000ns ref_delta=126908000ns bendA=242000000ns
simple_queue.peek large count=33150000 reps=1 sample=0 order=ABC bendA=252000000 bendB=134000000 bendC=7000000 refA=272750000 refB=139639000 refC=6697000 bend_chk=['92623698', '1353198018', '2903419954'] ref_chk=['92623698', '1353198018', '2903419954']
simple_queue.peek large count=33150000 reps=1 sample=1 order=CBA bendA=263000000 bendB=130000000 bendC=7000000 refA=264763000 refB=143757000 refC=6909000 bend_chk=['92623698', '1353198018', '2903419954'] ref_chk=['92623698', '1353198018', '2903419954']
simple_queue.peek large count=33150000 reps=1 sample=2 order=ABC bendA=267000000 bendB=156000000 bendC=7000000 refA=305375000 refB=144139000 refC=7173000 bend_chk=['92623698', '1353198018', '2903419954'] ref_chk=['92623698', '1353198018', '2903419954']
simple_queue.peek large count=33150000 reps=1 sample=3 order=CBA bendA=266000000 bendB=136000000 bendC=7000000 refA=282219000 refB=148205000 refC=7473000 bend_chk=['92623698', '1353198018', '2903419954'] ref_chk=['92623698', '1353198018', '2903419954']
simple_queue.peek large count=33150000 reps=1 sample=4 order=ABC bendA=284000000 bendB=141000000 bendC=6000000 refA=277487000 refB=136053000 refC=6833000 bend_chk=['92623698', '1353198018', '2903419954'] ref_chk=['92623698', '1353198018', '2903419954']
simple_queue.peek large count=33150000 reps=1 sample=5 order=CBA bendA=265000000 bendB=133000000 bendC=7000000 refA=265513000 refB=147225000 refC=7547000 bend_chk=['92623698', '1353198018', '2903419954'] ref_chk=['92623698', '1353198018', '2903419954']
simple_queue.qsize small calibrate count=200000 reps=1 bend_delta=-1000000ns ref_delta=703000ns bendA=0ns
simple_queue.qsize small calibrate count=12800000 reps=1 bend_delta=13000000ns ref_delta=41907000ns bendA=29000000ns
simple_queue.qsize small calibrate count=102400000 reps=1 bend_delta=118000000ns ref_delta=366339000ns bendA=237000000ns
simple_queue.qsize small count=102400000 reps=1 sample=0 order=ABC bendA=227000000 bendB=113000000 bendC=0 refA=650230000 refB=324352000 refC=3000 bend_chk=['672808369', '238337457', '4098833841'] ref_chk=['672808369', '238337457', '4098833841']
simple_queue.qsize small count=102400000 reps=1 sample=1 order=CBA bendA=227000000 bendB=113000000 bendC=0 refA=678343000 refB=335513000 refC=2000 bend_chk=['672808369', '238337457', '4098833841'] ref_chk=['672808369', '238337457', '4098833841']
simple_queue.qsize small count=102400000 reps=1 sample=2 order=ABC bendA=230000000 bendB=114000000 bendC=0 refA=708959000 refB=346803000 refC=9000 bend_chk=['672808369', '238337457', '4098833841'] ref_chk=['672808369', '238337457', '4098833841']
simple_queue.qsize small count=102400000 reps=1 sample=3 order=CBA bendA=237000000 bendB=118000000 bendC=0 refA=650689000 refB=330627000 refC=2000 bend_chk=['672808369', '238337457', '4098833841'] ref_chk=['672808369', '238337457', '4098833841']
simple_queue.qsize small count=102400000 reps=1 sample=4 order=ABC bendA=227000000 bendB=110000000 bendC=0 refA=626930000 refB=313700000 refC=1000 bend_chk=['672808369', '238337457', '4098833841'] ref_chk=['672808369', '238337457', '4098833841']
simple_queue.qsize small count=102400000 reps=1 sample=5 order=CBA bendA=218000000 bendB=109000000 bendC=0 refA=626367000 refB=305740000 refC=2000 bend_chk=['672808369', '238337457', '4098833841'] ref_chk=['672808369', '238337457', '4098833841']
simple_queue.qsize medium calibrate count=100000 reps=1 bend_delta=1000000ns ref_delta=328000ns bendA=1000000ns
simple_queue.qsize medium calibrate count=6400000 reps=1 bend_delta=7000000ns ref_delta=19634000ns bendA=14000000ns
simple_queue.qsize medium calibrate count=96000000 reps=1 bend_delta=103000000ns ref_delta=304184000ns bendA=205000000ns
simple_queue.qsize medium count=96000000 reps=1 sample=0 order=ABC bendA=213000000 bendB=106000000 bendC=0 refA=599847000 refB=294351000 refC=103000 bend_chk=['3691558000', '1017834608', '4031587440'] ref_chk=['3691558000', '1017834608', '4031587440']
simple_queue.qsize medium count=96000000 reps=1 sample=1 order=CBA bendA=205000000 bendB=102000000 bendC=0 refA=588221000 refB=297153000 refC=104000 bend_chk=['3691558000', '1017834608', '4031587440'] ref_chk=['3691558000', '1017834608', '4031587440']
simple_queue.qsize medium count=96000000 reps=1 sample=2 order=ABC bendA=205000000 bendB=103000000 bendC=0 refA=591103000 refB=294427000 refC=96000 bend_chk=['3691558000', '1017834608', '4031587440'] ref_chk=['3691558000', '1017834608', '4031587440']
simple_queue.qsize medium count=96000000 reps=1 sample=3 order=CBA bendA=205000000 bendB=103000000 bendC=0 refA=599664000 refB=313652000 refC=106000 bend_chk=['3691558000', '1017834608', '4031587440'] ref_chk=['3691558000', '1017834608', '4031587440']
simple_queue.qsize medium count=96000000 reps=1 sample=4 order=ABC bendA=209000000 bendB=107000000 bendC=0 refA=594028000 refB=295068000 refC=98000 bend_chk=['3691558000', '1017834608', '4031587440'] ref_chk=['3691558000', '1017834608', '4031587440']
simple_queue.qsize medium count=96000000 reps=1 sample=5 order=CBA bendA=212000000 bendB=102000000 bendC=0 refA=591506000 refB=301136000 refC=172000 bend_chk=['3691558000', '1017834608', '4031587440'] ref_chk=['3691558000', '1017834608', '4031587440']
simple_queue.qsize large calibrate count=50000 reps=1 bend_delta=2000000ns ref_delta=-88000ns bendA=7000000ns
simple_queue.qsize large calibrate count=3200000 reps=1 bend_delta=4000000ns ref_delta=10492000ns bendA=13000000ns
simple_queue.qsize large calibrate count=83200000 reps=1 bend_delta=98000000ns ref_delta=254939000ns bendA=191000000ns
simple_queue.qsize large calibrate count=166400000 reps=1 bend_delta=176000000ns ref_delta=517857000ns bendA=362000000ns
simple_queue.qsize large count=166400000 reps=1 sample=0 order=ABC bendA=374000000 bendB=185000000 bendC=6000000 refA=1046128000 refB=524443000 refC=6478000 bend_chk=['4293889167', '3842710671', '1713810575'] ref_chk=['4293889167', '3842710671', '1713810575']
simple_queue.qsize large count=166400000 reps=1 sample=1 order=CBA bendA=372000000 bendB=188000000 bendC=7000000 refA=1039286000 refB=521350000 refC=6222000 bend_chk=['4293889167', '3842710671', '1713810575'] ref_chk=['4293889167', '3842710671', '1713810575']
simple_queue.qsize large count=166400000 reps=1 sample=2 order=ABC bendA=367000000 bendB=187000000 bendC=5000000 refA=1053913000 refB=534940000 refC=6520000 bend_chk=['4293889167', '3842710671', '1713810575'] ref_chk=['4293889167', '3842710671', '1713810575']
simple_queue.qsize large count=166400000 reps=1 sample=3 order=CBA bendA=371000000 bendB=192000000 bendC=7000000 refA=992016000 refB=511736000 refC=6566000 bend_chk=['4293889167', '3842710671', '1713810575'] ref_chk=['4293889167', '3842710671', '1713810575']
simple_queue.qsize large count=166400000 reps=1 sample=4 order=ABC bendA=366000000 bendB=189000000 bendC=6000000 refA=1057023000 refB=577616000 refC=8320000 bend_chk=['4293889167', '3842710671', '1713810575'] ref_chk=['4293889167', '3842710671', '1713810575']
simple_queue.qsize large count=166400000 reps=1 sample=5 order=CBA bendA=393000000 bendB=206000000 bendC=8000000 refA=1066910000 refB=553838000 refC=6758000 bend_chk=['4293889167', '3842710671', '1713810575'] ref_chk=['4293889167', '3842710671', '1713810575']
simple_queue.to_list small calibrate count=20000 reps=1 bend_delta=14000000ns ref_delta=14354000ns bendA=29000000ns
simple_queue.to_list small calibrate count=160000 reps=1 bend_delta=122000000ns ref_delta=122571000ns bendA=239000000ns
simple_queue.to_list small count=160000 reps=1 sample=0 order=ABC bendA=263000000 bendB=144000000 bendC=0 refA=277300000 refB=133192000 refC=2000 bend_chk=['3183646094', '2394296974', '1379241870'] ref_chk=['3183646094', '2394296974', '1379241870']
simple_queue.to_list small count=160000 reps=1 sample=1 order=CBA bendA=262000000 bendB=135000000 bendC=0 refA=267928000 refB=126831000 refC=2000 bend_chk=['3183646094', '2394296974', '1379241870'] ref_chk=['3183646094', '2394296974', '1379241870']
simple_queue.to_list small count=160000 reps=1 sample=2 order=ABC bendA=265000000 bendB=134000000 bendC=0 refA=272129000 refB=139598000 refC=1000 bend_chk=['3183646094', '2394296974', '1379241870'] ref_chk=['3183646094', '2394296974', '1379241870']
simple_queue.to_list small count=160000 reps=1 sample=3 order=CBA bendA=271000000 bendB=124000000 bendC=0 refA=266546000 refB=142996000 refC=2000 bend_chk=['3183646094', '2394296974', '1379241870'] ref_chk=['3183646094', '2394296974', '1379241870']
simple_queue.to_list small count=160000 reps=1 sample=4 order=ABC bendA=278000000 bendB=142000000 bendC=0 refA=280421000 refB=134988000 refC=1000 bend_chk=['3183646094', '2394296974', '1379241870'] ref_chk=['3183646094', '2394296974', '1379241870']
simple_queue.to_list small count=160000 reps=1 sample=5 order=CBA bendA=286000000 bendB=136000000 bendC=0 refA=273746000 refB=141193000 refC=2000 bend_chk=['3183646094', '2394296974', '1379241870'] ref_chk=['3183646094', '2394296974', '1379241870']
simple_queue.to_list medium calibrate count=1000 reps=1 bend_delta=59000000ns ref_delta=63872000ns bendA=122000000ns
simple_queue.to_list medium calibrate count=2000 reps=1 bend_delta=139000000ns ref_delta=105762000ns bendA=260000000ns
simple_queue.to_list medium count=2000 reps=1 sample=0 order=ABC bendA=225000000 bendB=103000000 bendC=0 refA=225229000 refB=122850000 refC=136000 bend_chk=['3508908845', '3400936957', '3274802381'] ref_chk=['3508908845', '3400936957', '3274802381']
simple_queue.to_list medium count=2000 reps=1 sample=1 order=CBA bendA=229000000 bendB=105000000 bendC=0 refA=215024000 refB=123846000 refC=109000 bend_chk=['3508908845', '3400936957', '3274802381'] ref_chk=['3508908845', '3400936957', '3274802381']
simple_queue.to_list medium count=2000 reps=1 sample=2 order=ABC bendA=221000000 bendB=108000000 bendC=0 refA=219076000 refB=110674000 refC=108000 bend_chk=['3508908845', '3400936957', '3274802381'] ref_chk=['3508908845', '3400936957', '3274802381']
simple_queue.to_list medium count=2000 reps=1 sample=3 order=CBA bendA=221000000 bendB=108000000 bendC=0 refA=211924000 refB=104376000 refC=104000 bend_chk=['3508908845', '3400936957', '3274802381'] ref_chk=['3508908845', '3400936957', '3274802381']
simple_queue.to_list medium count=2000 reps=1 sample=4 order=ABC bendA=222000000 bendB=103000000 bendC=1000000 refA=237205000 refB=101413000 refC=96000 bend_chk=['3508908845', '3400936957', '3274802381'] ref_chk=['3508908845', '3400936957', '3274802381']
simple_queue.to_list medium count=2000 reps=1 sample=5 order=CBA bendA=224000000 bendB=101000000 bendC=0 refA=216611000 refB=109304000 refC=111000 bend_chk=['3508908845', '3400936957', '3274802381'] ref_chk=['3508908845', '3400936957', '3274802381']
simple_queue.to_list large calibrate count=50 reps=1 bend_delta=196000000ns ref_delta=183431000ns bendA=375000000ns
simple_queue.to_list large count=50 reps=1 sample=0 order=ABC bendA=362000000 bendB=171000000 bendC=6000000 refA=357796000 refB=184915000 refC=6751000 bend_chk=['1943847704', '1605612906', '524201196'] ref_chk=['1943847704', '1605612906', '524201196']
simple_queue.to_list large count=50 reps=1 sample=1 order=CBA bendA=391000000 bendB=183000000 bendC=7000000 refA=384985000 refB=199357000 refC=7050000 bend_chk=['1943847704', '1605612906', '524201196'] ref_chk=['1943847704', '1605612906', '524201196']
simple_queue.to_list large count=50 reps=1 sample=2 order=ABC bendA=377000000 bendB=183000000 bendC=6000000 refA=382398000 refB=189645000 refC=6834000 bend_chk=['1943847704', '1605612906', '524201196'] ref_chk=['1943847704', '1605612906', '524201196']
simple_queue.to_list large count=50 reps=1 sample=3 order=CBA bendA=359000000 bendB=167000000 bendC=7000000 refA=382963000 refB=185277000 refC=7002000 bend_chk=['1943847704', '1605612906', '524201196'] ref_chk=['1943847704', '1605612906', '524201196']
simple_queue.to_list large count=50 reps=1 sample=4 order=ABC bendA=362000000 bendB=172000000 bendC=7000000 refA=385153000 refB=188922000 refC=6926000 bend_chk=['1943847704', '1605612906', '524201196'] ref_chk=['1943847704', '1605612906', '524201196']
simple_queue.to_list large count=50 reps=1 sample=5 order=CBA bendA=353000000 bendB=169000000 bendC=7000000 refA=370099000 refB=205438000 refC=7031000 bend_chk=['1943847704', '1605612906', '524201196'] ref_chk=['1943847704', '1605612906', '524201196']
simple_queue.get small calibrate count=200000 reps=1 bend_delta=4000000ns ref_delta=2150000ns bendA=7000000ns
simple_queue.get small calibrate count=5200000 reps=1 bend_delta=84000000ns ref_delta=56603000ns bendA=168000000ns
simple_queue.get small calibrate count=10400000 reps=1 bend_delta=162000000ns ref_delta=121960000ns bendA=337000000ns
simple_queue.get small count=10400000 reps=1 sample=0 order=ABC bendA=336000000 bendB=169000000 bendC=0 refA=236398000 refB=119062000 refC=2000 bend_chk=['3517697995', '199171019', '2954617195'] ref_chk=['3517697995', '199171019', '2954617195']
simple_queue.get small count=10400000 reps=1 sample=1 order=CBA bendA=337000000 bendB=168000000 bendC=0 refA=232210000 refB=115123000 refC=2000 bend_chk=['3517697995', '199171019', '2954617195'] ref_chk=['3517697995', '199171019', '2954617195']
simple_queue.get small count=10400000 reps=1 sample=2 order=ABC bendA=337000000 bendB=167000000 bendC=0 refA=229836000 refB=115474000 refC=1000 bend_chk=['3517697995', '199171019', '2954617195'] ref_chk=['3517697995', '199171019', '2954617195']
simple_queue.get small count=10400000 reps=1 sample=3 order=CBA bendA=400000000 bendB=168000000 bendC=0 refA=308193000 refB=128802000 refC=1000 bend_chk=['3517697995', '199171019', '2954617195'] ref_chk=['3517697995', '199171019', '2954617195']
simple_queue.get small count=10400000 reps=1 sample=4 order=ABC bendA=336000000 bendB=169000000 bendC=0 refA=223162000 refB=116597000 refC=2000 bend_chk=['3517697995', '199171019', '2954617195'] ref_chk=['3517697995', '199171019', '2954617195']
simple_queue.get small count=10400000 reps=1 sample=5 order=CBA bendA=336000000 bendB=169000000 bendC=0 refA=234811000 refB=115393000 refC=2000 bend_chk=['3517697995', '199171019', '2954617195'] ref_chk=['3517697995', '199171019', '2954617195']
simple_queue.get medium calibrate count=100000 reps=1 bend_delta=0ns ref_delta=1241000ns bendA=2000000ns
simple_queue.get medium calibrate count=6400000 reps=1 bend_delta=81000000ns ref_delta=75008000ns bendA=162000000ns
simple_queue.get medium calibrate count=12800000 reps=1 bend_delta=152000000ns ref_delta=151781000ns bendA=330000000ns
simple_queue.get medium count=12800000 reps=1 sample=0 order=ABC bendA=327000000 bendB=173000000 bendC=1000000 refA=307142000 refB=149685000 refC=120000 bend_chk=['592444714', '1982491946', '2518017322'] ref_chk=['592444714', '1982491946', '2518017322']
simple_queue.get medium count=12800000 reps=1 sample=1 order=CBA bendA=336000000 bendB=162000000 bendC=0 refA=337092000 refB=148816000 refC=114000 bend_chk=['592444714', '1982491946', '2518017322'] ref_chk=['592444714', '1982491946', '2518017322']
simple_queue.get medium count=12800000 reps=1 sample=2 order=ABC bendA=327000000 bendB=179000000 bendC=0 refA=332514000 refB=200040000 refC=132000 bend_chk=['592444714', '1982491946', '2518017322'] ref_chk=['592444714', '1982491946', '2518017322']
simple_queue.get medium count=12800000 reps=1 sample=3 order=CBA bendA=333000000 bendB=162000000 bendC=0 refA=295801000 refB=148954000 refC=109000 bend_chk=['592444714', '1982491946', '2518017322'] ref_chk=['592444714', '1982491946', '2518017322']
simple_queue.get medium count=12800000 reps=1 sample=4 order=ABC bendA=322000000 bendB=164000000 bendC=0 refA=294352000 refB=143485000 refC=105000 bend_chk=['592444714', '1982491946', '2518017322'] ref_chk=['592444714', '1982491946', '2518017322']
simple_queue.get medium count=12800000 reps=1 sample=5 order=CBA bendA=344000000 bendB=154000000 bendC=1000000 refA=279477000 refB=142674000 refC=110000 bend_chk=['592444714', '1982491946', '2518017322'] ref_chk=['592444714', '1982491946', '2518017322']
simple_queue.get large calibrate count=50000 reps=1 bend_delta=2000000ns ref_delta=1065000ns bendA=9000000ns
simple_queue.get large calibrate count=2550000 reps=1 bend_delta=39000000ns ref_delta=36812000ns bendA=82000000ns
simple_queue.get large calibrate count=7650000 reps=1 bend_delta=113000000ns ref_delta=117956000ns bendA=237000000ns
simple_queue.get large count=7650000 reps=1 sample=0 order=ABC bendA=243000000 bendB=125000000 bendC=6000000 refA=230587000 refB=121038000 refC=7775000 bend_chk=['1086273801', '2728356393', '3629559113'] ref_chk=['1086273801', '2728356393', '3629559113']
simple_queue.get large count=7650000 reps=1 sample=1 order=CBA bendA=236000000 bendB=124000000 bendC=7000000 refA=218339000 refB=119102000 refC=8123000 bend_chk=['1086273801', '2728356393', '3629559113'] ref_chk=['1086273801', '2728356393', '3629559113']
simple_queue.get large count=7650000 reps=1 sample=2 order=ABC bendA=246000000 bendB=141000000 bendC=7000000 refA=264715000 refB=129394000 refC=8107000 bend_chk=['1086273801', '2728356393', '3629559113'] ref_chk=['1086273801', '2728356393', '3629559113']
simple_queue.get large count=7650000 reps=1 sample=3 order=CBA bendA=243000000 bendB=126000000 bendC=8000000 refA=241710000 refB=120573000 refC=7499000 bend_chk=['1086273801', '2728356393', '3629559113'] ref_chk=['1086273801', '2728356393', '3629559113']
simple_queue.get large count=7650000 reps=1 sample=4 order=ABC bendA=252000000 bendB=127000000 bendC=6000000 refA=254510000 refB=120449000 refC=7225000 bend_chk=['1086273801', '2728356393', '3629559113'] ref_chk=['1086273801', '2728356393', '3629559113']
simple_queue.get large count=7650000 reps=1 sample=5 order=CBA bendA=243000000 bendB=127000000 bendC=7000000 refA=246387000 refB=122508000 refC=7609000 bend_chk=['1086273801', '2728356393', '3629559113'] ref_chk=['1086273801', '2728356393', '3629559113']
simple_queue.new small calibrate count=200000 reps=1 bend_delta=-1000000ns ref_delta=323000ns bendA=0ns
simple_queue.new small calibrate count=12800000 reps=1 bend_delta=16000000ns ref_delta=21646000ns bendA=32000000ns
simple_queue.new small calibrate count=89600000 reps=1 bend_delta=111000000ns ref_delta=128000000ns bendA=221000000ns
simple_queue.new small count=89600000 reps=1 sample=0 order=ABC bendA=252000000 bendB=115000000 bendC=0 refA=316289000 refB=160522000 refC=2000 bend_chk=['1641435976', '4058792776', '235025224'] ref_chk=['1641435976', '4058792776', '235025224']
simple_queue.new small count=89600000 reps=1 sample=1 order=CBA bendA=224000000 bendB=123000000 bendC=0 refA=303101000 refB=136733000 refC=2000 bend_chk=['1641435976', '4058792776', '235025224'] ref_chk=['1641435976', '4058792776', '235025224']
simple_queue.new small count=89600000 reps=1 sample=2 order=ABC bendA=248000000 bendB=141000000 bendC=0 refA=286149000 refB=149289000 refC=10000 bend_chk=['1641435976', '4058792776', '235025224'] ref_chk=['1641435976', '4058792776', '235025224']
simple_queue.new small count=89600000 reps=1 sample=3 order=CBA bendA=218000000 bendB=115000000 bendC=0 refA=308906000 refB=146073000 refC=1000 bend_chk=['1641435976', '4058792776', '235025224'] ref_chk=['1641435976', '4058792776', '235025224']
simple_queue.new small count=89600000 reps=1 sample=4 order=ABC bendA=243000000 bendB=116000000 bendC=0 refA=298451000 refB=152723000 refC=8000 bend_chk=['1641435976', '4058792776', '235025224'] ref_chk=['1641435976', '4058792776', '235025224']
simple_queue.new small count=89600000 reps=1 sample=5 order=CBA bendA=227000000 bendB=116000000 bendC=0 refA=285750000 refB=139561000 refC=3000 bend_chk=['1641435976', '4058792776', '235025224'] ref_chk=['1641435976', '4058792776', '235025224']
simple_queue.new medium calibrate count=200000 reps=1 bend_delta=1000000ns ref_delta=335000ns bendA=1000000ns
simple_queue.new medium calibrate count=12800000 reps=1 bend_delta=16000000ns ref_delta=20426000ns bendA=33000000ns
simple_queue.new medium calibrate count=89600000 reps=1 bend_delta=99000000ns ref_delta=166030000ns bendA=225000000ns
simple_queue.new medium calibrate count=179200000 reps=1 bend_delta=192000000ns ref_delta=299841000ns bendA=420000000ns
simple_queue.new medium count=179200000 reps=1 sample=0 order=ABC bendA=420000000 bendB=204000000 bendC=0 refA=525258000 refB=281828000 refC=115000 bend_chk=['528450951', '1279059335', '1761232263'] ref_chk=['528450951', '1279059335', '1761232263']
simple_queue.new medium count=179200000 reps=1 sample=1 order=CBA bendA=404000000 bendB=219000000 bendC=0 refA=552034000 refB=250296000 refC=100000 bend_chk=['528450951', '1279059335', '1761232263'] ref_chk=['528450951', '1279059335', '1761232263']
simple_queue.new medium count=179200000 reps=1 sample=2 order=ABC bendA=419000000 bendB=199000000 bendC=0 refA=535618000 refB=282062000 refC=162000 bend_chk=['528450951', '1279059335', '1761232263'] ref_chk=['528450951', '1279059335', '1761232263']
simple_queue.new medium count=179200000 reps=1 sample=3 order=CBA bendA=400000000 bendB=212000000 bendC=0 refA=545082000 refB=257798000 refC=102000 bend_chk=['528450951', '1279059335', '1761232263'] ref_chk=['528450951', '1279059335', '1761232263']
simple_queue.new medium count=179200000 reps=1 sample=4 order=ABC bendA=440000000 bendB=207000000 bendC=0 refA=527432000 refB=282805000 refC=124000 bend_chk=['528450951', '1279059335', '1761232263'] ref_chk=['528450951', '1279059335', '1761232263']
simple_queue.new medium count=179200000 reps=1 sample=5 order=CBA bendA=408000000 bendB=219000000 bendC=0 refA=552705000 refB=250603000 refC=101000 bend_chk=['528450951', '1279059335', '1761232263'] ref_chk=['528450951', '1279059335', '1761232263']
simple_queue.new large calibrate count=50000 reps=1 bend_delta=2000000ns ref_delta=-1449000ns bendA=9000000ns
simple_queue.new large calibrate count=3200000 reps=1 bend_delta=4000000ns ref_delta=4358000ns bendA=14000000ns
simple_queue.new large calibrate count=83200000 reps=1 bend_delta=102000000ns ref_delta=111251000ns bendA=204000000ns
simple_queue.new large count=83200000 reps=1 sample=0 order=ABC bendA=205000000 bendB=102000000 bendC=6000000 refA=248915000 refB=133477000 refC=7323000 bend_chk=['3429948838', '762299814', '2439949734'] ref_chk=['3429948838', '762299814', '2439949734']
simple_queue.new large count=83200000 reps=1 sample=1 order=CBA bendA=198000000 bendB=107000000 bendC=7000000 refA=256402000 refB=126258000 refC=6916000 bend_chk=['3429948838', '762299814', '2439949734'] ref_chk=['3429948838', '762299814', '2439949734']
simple_queue.new large count=83200000 reps=1 sample=2 order=ABC bendA=204000000 bendB=99000000 bendC=6000000 refA=244115000 refB=131515000 refC=7048000 bend_chk=['3429948838', '762299814', '2439949734'] ref_chk=['3429948838', '762299814', '2439949734']
simple_queue.new large count=83200000 reps=1 sample=3 order=CBA bendA=196000000 bendB=106000000 bendC=7000000 refA=248977000 refB=124585000 refC=6466000 bend_chk=['3429948838', '762299814', '2439949734'] ref_chk=['3429948838', '762299814', '2439949734']
simple_queue.new large count=83200000 reps=1 sample=4 order=ABC bendA=201000000 bendB=97000000 bendC=6000000 refA=246796000 refB=132244000 refC=8268000 bend_chk=['3429948838', '762299814', '2439949734'] ref_chk=['3429948838', '762299814', '2439949734']
simple_queue.new large count=83200000 reps=1 sample=5 order=CBA bendA=193000000 bendB=103000000 bendC=7000000 refA=248649000 refB=123372000 refC=6532000 bend_chk=['3429948838', '762299814', '2439949734'] ref_chk=['3429948838', '762299814', '2439949734']
priority_queue.put small calibrate count=100000 reps=1 bend_delta=2000000ns ref_delta=1264000ns bendA=4000000ns
priority_queue.put small calibrate count=100000 reps=51 bend_delta=91000000ns ref_delta=53807000ns bendA=179000000ns
priority_queue.put small calibrate count=100000 reps=102 bend_delta=186000000ns ref_delta=112509000ns bendA=358000000ns
priority_queue.put small count=100000 reps=102 sample=0 order=ABC bendA=356000000 bendB=178000000 bendC=0 refA=218083000 refB=112354000 refC=125000 bend_chk=['683600471', '2172391639', '620304471'] ref_chk=['683600471', '2172391639', '620304471']
priority_queue.put small count=100000 reps=102 sample=1 order=CBA bendA=355000000 bendB=176000000 bendC=0 refA=218168000 refB=110899000 refC=146000 bend_chk=['683600471', '2172391639', '620304471'] ref_chk=['683600471', '2172391639', '620304471']
priority_queue.put small count=100000 reps=102 sample=2 order=ABC bendA=346000000 bendB=181000000 bendC=0 refA=227904000 refB=108831000 refC=124000 bend_chk=['683600471', '2172391639', '620304471'] ref_chk=['683600471', '2172391639', '620304471']
priority_queue.put small count=100000 reps=102 sample=3 order=CBA bendA=353000000 bendB=171000000 bendC=0 refA=226195000 refB=109754000 refC=138000 bend_chk=['683600471', '2172391639', '620304471'] ref_chk=['683600471', '2172391639', '620304471']
priority_queue.put small count=100000 reps=102 sample=4 order=ABC bendA=352000000 bendB=181000000 bendC=0 refA=218115000 refB=108832000 refC=129000 bend_chk=['683600471', '2172391639', '620304471'] ref_chk=['683600471', '2172391639', '620304471']
priority_queue.put small count=100000 reps=102 sample=5 order=CBA bendA=355000000 bendB=174000000 bendC=0 refA=224331000 refB=110866000 refC=144000 bend_chk=['683600471', '2172391639', '620304471'] ref_chk=['683600471', '2172391639', '620304471']
priority_queue.put medium calibrate count=50000 reps=1 bend_delta=2000000ns ref_delta=619000ns bendA=3000000ns
priority_queue.put medium calibrate count=50000 reps=51 bend_delta=42000000ns ref_delta=28971000ns bendA=96000000ns
priority_queue.put medium calibrate count=50000 reps=153 bend_delta=133000000ns ref_delta=83857000ns bendA=298000000ns
priority_queue.put medium count=50000 reps=153 sample=0 order=ABC bendA=287000000 bendB=168000000 bendC=35000000 refA=187219000 refB=99572000 refC=16689000 bend_chk=['198717148', '1208065996', '2040657340'] ref_chk=['198717148', '1208065996', '2040657340']
priority_queue.put medium count=50000 reps=153 sample=1 order=CBA bendA=286000000 bendB=160000000 bendC=33000000 refA=189054000 refB=99247000 refC=16738000 bend_chk=['198717148', '1208065996', '2040657340'] ref_chk=['198717148', '1208065996', '2040657340']
priority_queue.put medium count=50000 reps=153 sample=2 order=ABC bendA=294000000 bendB=162000000 bendC=33000000 refA=180144000 refB=98360000 refC=16655000 bend_chk=['198717148', '1208065996', '2040657340'] ref_chk=['198717148', '1208065996', '2040657340']
priority_queue.put medium count=50000 reps=153 sample=3 order=CBA bendA=302000000 bendB=160000000 bendC=33000000 refA=185633000 refB=99327000 refC=17526000 bend_chk=['198717148', '1208065996', '2040657340'] ref_chk=['198717148', '1208065996', '2040657340']
priority_queue.put medium count=50000 reps=153 sample=4 order=ABC bendA=331000000 bendB=190000000 bendC=40000000 refA=213397000 refB=115757000 refC=18851000 bend_chk=['198717148', '1208065996', '2040657340'] ref_chk=['198717148', '1208065996', '2040657340']
priority_queue.put medium count=50000 reps=153 sample=5 order=CBA bendA=344000000 bendB=184000000 bendC=39000000 refA=201337000 refB=110473000 refC=19737000 bend_chk=['198717148', '1208065996', '2040657340'] ref_chk=['198717148', '1208065996', '2040657340']
priority_queue.put large calibrate count=20000 reps=1 bend_delta=1000000ns ref_delta=347000ns bendA=13000000ns
priority_queue.put large calibrate count=131072 reps=1 bend_delta=1000000ns ref_delta=1525000ns bendA=15000000ns
priority_queue.put large calibrate count=131072 reps=64 bend_delta=184000000ns ref_delta=85208000ns bendA=974000000ns
priority_queue.put large count=131072 reps=64 sample=0 order=ABC bendA=965000000 bendB=799000000 bendC=646000000 refA=485803000 refB=401647000 refC=322357000 bend_chk=['2704178690', '3127031042', '147481346'] ref_chk=['2704178690', '3127031042', '147481346']
priority_queue.put large count=131072 reps=64 sample=1 order=CBA bendA=1020000000 bendB=819000000 bendC=663000000 refA=508373000 refB=417039000 refC=333305000 bend_chk=['2704178690', '3127031042', '147481346'] ref_chk=['2704178690', '3127031042', '147481346']
priority_queue.put large count=131072 reps=64 sample=2 order=ABC bendA=954000000 bendB=792000000 bendC=637000000 refA=485906000 refB=396442000 refC=320274000 bend_chk=['2704178690', '3127031042', '147481346'] ref_chk=['2704178690', '3127031042', '147481346']
priority_queue.put large count=131072 reps=64 sample=3 order=CBA bendA=943000000 bendB=784000000 bendC=635000000 refA=535293000 refB=424987000 refC=332384000 bend_chk=['2704178690', '3127031042', '147481346'] ref_chk=['2704178690', '3127031042', '147481346']
priority_queue.put large count=131072 reps=64 sample=4 order=ABC bendA=979000000 bendB=805000000 bendC=655000000 refA=493166000 refB=414345000 refC=316208000 bend_chk=['2704178690', '3127031042', '147481346'] ref_chk=['2704178690', '3127031042', '147481346']
priority_queue.put large count=131072 reps=64 sample=5 order=CBA bendA=943000000 bendB=774000000 bendC=636000000 refA=514162000 refB=410952000 refC=320543000 bend_chk=['2704178690', '3127031042', '147481346'] ref_chk=['2704178690', '3127031042', '147481346']
priority_queue.peek small calibrate count=200000 reps=1 bend_delta=-1000000ns ref_delta=234000ns bendA=0ns
priority_queue.peek small calibrate count=12800000 reps=1 bend_delta=14000000ns ref_delta=14934000ns bendA=29000000ns
priority_queue.peek small calibrate count=102400000 reps=1 bend_delta=114000000ns ref_delta=114296000ns bendA=230000000ns
priority_queue.peek small count=102400000 reps=1 sample=0 order=ABC bendA=227000000 bendB=113000000 bendC=0 refA=227430000 refB=113789000 refC=1000 bend_chk=['1305146634', '136213770', '3262248202'] ref_chk=['1305146634', '136213770', '3262248202']
priority_queue.peek small count=102400000 reps=1 sample=1 order=CBA bendA=226000000 bendB=113000000 bendC=0 refA=228243000 refB=114117000 refC=4000 bend_chk=['1305146634', '136213770', '3262248202'] ref_chk=['1305146634', '136213770', '3262248202']
priority_queue.peek small count=102400000 reps=1 sample=2 order=ABC bendA=222000000 bendB=109000000 bendC=0 refA=222580000 refB=111023000 refC=1000 bend_chk=['1305146634', '136213770', '3262248202'] ref_chk=['1305146634', '136213770', '3262248202']
priority_queue.peek small count=102400000 reps=1 sample=3 order=CBA bendA=211000000 bendB=109000000 bendC=0 refA=225374000 refB=106791000 refC=3000 bend_chk=['1305146634', '136213770', '3262248202'] ref_chk=['1305146634', '136213770', '3262248202']
priority_queue.peek small count=102400000 reps=1 sample=4 order=ABC bendA=226000000 bendB=113000000 bendC=0 refA=223454000 refB=119961000 refC=3000 bend_chk=['1305146634', '136213770', '3262248202'] ref_chk=['1305146634', '136213770', '3262248202']
priority_queue.peek small count=102400000 reps=1 sample=5 order=CBA bendA=242000000 bendB=121000000 bendC=0 refA=264435000 refB=121453000 refC=4000 bend_chk=['1305146634', '136213770', '3262248202'] ref_chk=['1305146634', '136213770', '3262248202']
priority_queue.peek medium calibrate count=100000 reps=1 bend_delta=0ns ref_delta=158000ns bendA=0ns
priority_queue.peek medium calibrate count=6400000 reps=1 bend_delta=8000000ns ref_delta=8419000ns bendA=17000000ns
priority_queue.peek medium calibrate count=83200000 reps=1 bend_delta=104000000ns ref_delta=102221000ns bendA=206000000ns
priority_queue.peek medium count=83200000 reps=1 sample=0 order=ABC bendA=214000000 bendB=106000000 bendC=0 refA=221549000 refB=106387000 refC=118000 bend_chk=['3690401093', '3768337733', '776043845'] ref_chk=['3690401093', '3768337733', '776043845']
priority_queue.peek medium count=83200000 reps=1 sample=1 order=CBA bendA=198000000 bendB=102000000 bendC=0 refA=193292000 refB=96596000 refC=117000 bend_chk=['3690401093', '3768337733', '776043845'] ref_chk=['3690401093', '3768337733', '776043845']
priority_queue.peek medium count=83200000 reps=1 sample=2 order=ABC bendA=196000000 bendB=99000000 bendC=0 refA=193208000 refB=97839000 refC=118000 bend_chk=['3690401093', '3768337733', '776043845'] ref_chk=['3690401093', '3768337733', '776043845']
priority_queue.peek medium count=83200000 reps=1 sample=3 order=CBA bendA=188000000 bendB=96000000 bendC=0 refA=185936000 refB=92416000 refC=112000 bend_chk=['3690401093', '3768337733', '776043845'] ref_chk=['3690401093', '3768337733', '776043845']
priority_queue.peek medium count=83200000 reps=1 sample=4 order=ABC bendA=188000000 bendB=92000000 bendC=0 refA=184854000 refB=92585000 refC=108000 bend_chk=['3690401093', '3768337733', '776043845'] ref_chk=['3690401093', '3768337733', '776043845']
priority_queue.peek medium count=83200000 reps=1 sample=5 order=CBA bendA=184000000 bendB=93000000 bendC=0 refA=185027000 refB=92377000 refC=113000 bend_chk=['3690401093', '3768337733', '776043845'] ref_chk=['3690401093', '3768337733', '776043845']
priority_queue.peek large calibrate count=50000 reps=1 bend_delta=2000000ns ref_delta=128000ns bendA=11000000ns
priority_queue.peek large calibrate count=2550000 reps=1 bend_delta=2000000ns ref_delta=2832000ns bendA=15000000ns
priority_queue.peek large calibrate count=130050000 reps=1 bend_delta=147000000ns ref_delta=139885000ns bendA=295000000ns
priority_queue.peek large count=130050000 reps=1 sample=0 order=ABC bendA=293000000 bendB=148000000 bendC=10000000 refA=290952000 refB=149335000 refC=4878000 bend_chk=['2751888410', '4148616586', '1458672378'] ref_chk=['2751888410', '4148616586', '1458672378']
priority_queue.peek large count=130050000 reps=1 sample=1 order=CBA bendA=315000000 bendB=154000000 bendC=10000000 refA=323136000 refB=159291000 refC=5214000 bend_chk=['2751888410', '4148616586', '1458672378'] ref_chk=['2751888410', '4148616586', '1458672378']
priority_queue.peek large count=130050000 reps=1 sample=2 order=ABC bendA=320000000 bendB=162000000 bendC=11000000 refA=328147000 refB=185713000 refC=5708000 bend_chk=['2751888410', '4148616586', '1458672378'] ref_chk=['2751888410', '4148616586', '1458672378']
priority_queue.peek large count=130050000 reps=1 sample=3 order=CBA bendA=316000000 bendB=174000000 bendC=12000000 refA=324146000 refB=161993000 refC=6075000 bend_chk=['2751888410', '4148616586', '1458672378'] ref_chk=['2751888410', '4148616586', '1458672378']
priority_queue.peek large count=130050000 reps=1 sample=4 order=ABC bendA=328000000 bendB=164000000 bendC=11000000 refA=324931000 refB=172109000 refC=5736000 bend_chk=['2751888410', '4148616586', '1458672378'] ref_chk=['2751888410', '4148616586', '1458672378']
priority_queue.peek large count=130050000 reps=1 sample=5 order=CBA bendA=326000000 bendB=169000000 bendC=11000000 refA=347511000 refB=164882000 refC=5492000 bend_chk=['2751888410', '4148616586', '1458672378'] ref_chk=['2751888410', '4148616586', '1458672378']
priority_queue.qsize small calibrate count=200000 reps=1 bend_delta=-1000000ns ref_delta=808000ns bendA=0ns
priority_queue.qsize small calibrate count=12800000 reps=1 bend_delta=17000000ns ref_delta=47653000ns bendA=35000000ns
priority_queue.qsize small calibrate count=76800000 reps=1 bend_delta=104000000ns ref_delta=265490000ns bendA=197000000ns
priority_queue.qsize small count=76800000 reps=1 sample=0 order=ABC bendA=171000000 bendB=85000000 bendC=0 refA=479891000 refB=236278000 refC=1000 bend_chk=['1082557575', '2642584711', '176080007'] ref_chk=['1082557575', '2642584711', '176080007']
priority_queue.qsize small count=76800000 reps=1 sample=1 order=CBA bendA=165000000 bendB=82000000 bendC=0 refA=469752000 refB=233735000 refC=5000 bend_chk=['1082557575', '2642584711', '176080007'] ref_chk=['1082557575', '2642584711', '176080007']
priority_queue.qsize small count=76800000 reps=1 sample=2 order=ABC bendA=165000000 bendB=82000000 bendC=0 refA=472453000 refB=244245000 refC=2000 bend_chk=['1082557575', '2642584711', '176080007'] ref_chk=['1082557575', '2642584711', '176080007']
priority_queue.qsize small count=76800000 reps=1 sample=3 order=CBA bendA=170000000 bendB=85000000 bendC=0 refA=481708000 refB=243983000 refC=4000 bend_chk=['1082557575', '2642584711', '176080007'] ref_chk=['1082557575', '2642584711', '176080007']
priority_queue.qsize small count=76800000 reps=1 sample=4 order=ABC bendA=169000000 bendB=85000000 bendC=0 refA=488523000 refB=243983000 refC=2000 bend_chk=['1082557575', '2642584711', '176080007'] ref_chk=['1082557575', '2642584711', '176080007']
priority_queue.qsize small count=76800000 reps=1 sample=5 order=CBA bendA=170000000 bendB=85000000 bendC=0 refA=487642000 refB=244041000 refC=4000 bend_chk=['1082557575', '2642584711', '176080007'] ref_chk=['1082557575', '2642584711', '176080007']
priority_queue.qsize medium calibrate count=100000 reps=1 bend_delta=0ns ref_delta=337000ns bendA=0ns
priority_queue.qsize medium calibrate count=6400000 reps=1 bend_delta=7000000ns ref_delta=20294000ns bendA=14000000ns
priority_queue.qsize medium calibrate count=96000000 reps=1 bend_delta=101000000ns ref_delta=303445000ns bendA=207000000ns
priority_queue.qsize medium count=96000000 reps=1 sample=0 order=ABC bendA=209000000 bendB=107000000 bendC=0 refA=626944000 refB=307143000 refC=93000 bend_chk=['1768818412', '2042613484', '923899628'] ref_chk=['1768818412', '2042613484', '923899628']
priority_queue.qsize medium count=96000000 reps=1 sample=1 order=CBA bendA=215000000 bendB=108000000 bendC=0 refA=609549000 refB=305294000 refC=114000 bend_chk=['1768818412', '2042613484', '923899628'] ref_chk=['1768818412', '2042613484', '923899628']
priority_queue.qsize medium count=96000000 reps=1 sample=2 order=ABC bendA=213000000 bendB=107000000 bendC=0 refA=611879000 refB=304939000 refC=107000 bend_chk=['1768818412', '2042613484', '923899628'] ref_chk=['1768818412', '2042613484', '923899628']
priority_queue.qsize medium count=96000000 reps=1 sample=3 order=CBA bendA=213000000 bendB=107000000 bendC=0 refA=627145000 refB=305010000 refC=112000 bend_chk=['1768818412', '2042613484', '923899628'] ref_chk=['1768818412', '2042613484', '923899628']
priority_queue.qsize medium count=96000000 reps=1 sample=4 order=ABC bendA=235000000 bendB=113000000 bendC=0 refA=667113000 refB=324246000 refC=97000 bend_chk=['1768818412', '2042613484', '923899628'] ref_chk=['1768818412', '2042613484', '923899628']
priority_queue.qsize medium count=96000000 reps=1 sample=5 order=CBA bendA=216000000 bendB=111000000 bendC=0 refA=609525000 refB=304851000 refC=113000 bend_chk=['1768818412', '2042613484', '923899628'] ref_chk=['1768818412', '2042613484', '923899628']
priority_queue.qsize large calibrate count=50000 reps=1 bend_delta=0ns ref_delta=236000ns bendA=10000000ns
priority_queue.qsize large calibrate count=3200000 reps=1 bend_delta=4000000ns ref_delta=10120000ns bendA=17000000ns
priority_queue.qsize large calibrate count=83200000 reps=1 bend_delta=91000000ns ref_delta=261418000ns bendA=190000000ns
priority_queue.qsize large calibrate count=166400000 reps=1 bend_delta=186000000ns ref_delta=514208000ns bendA=373000000ns
priority_queue.qsize large count=166400000 reps=1 sample=0 order=ABC bendA=368000000 bendB=189000000 bendC=10000000 refA=1056662000 refB=546503000 refC=5147000 bend_chk=['4293940229', '2469708805', '2323198981'] ref_chk=['4293940229', '2469708805', '2323198981']
priority_queue.qsize large count=166400000 reps=1 sample=1 order=CBA bendA=388000000 bendB=204000000 bendC=11000000 refA=1057702000 refB=539322000 refC=4913000 bend_chk=['4293940229', '2469708805', '2323198981'] ref_chk=['4293940229', '2469708805', '2323198981']
priority_queue.qsize large count=166400000 reps=1 sample=2 order=ABC bendA=368000000 bendB=187000000 bendC=9000000 refA=1037727000 refB=516948000 refC=4764000 bend_chk=['4293940229', '2469708805', '2323198981'] ref_chk=['4293940229', '2469708805', '2323198981']
priority_queue.qsize large count=166400000 reps=1 sample=3 order=CBA bendA=367000000 bendB=189000000 bendC=10000000 refA=1034313000 refB=530578000 refC=4980000 bend_chk=['4293940229', '2469708805', '2323198981'] ref_chk=['4293940229', '2469708805', '2323198981']
priority_queue.qsize large count=166400000 reps=1 sample=4 order=ABC bendA=433000000 bendB=228000000 bendC=11000000 refA=1254739000 refB=613233000 refC=5310000 bend_chk=['4293940229', '2469708805', '2323198981'] ref_chk=['4293940229', '2469708805', '2323198981']
priority_queue.qsize large count=166400000 reps=1 sample=5 order=CBA bendA=428000000 bendB=230000000 bendC=11000000 refA=1073570000 refB=565285000 refC=5750000 bend_chk=['4293940229', '2469708805', '2323198981'] ref_chk=['4293940229', '2469708805', '2323198981']
priority_queue.from_list small calibrate count=50000 reps=1 bend_delta=4000000ns ref_delta=3009000ns bendA=9000000ns
priority_queue.from_list small calibrate count=1300000 reps=1 bend_delta=127000000ns ref_delta=80029000ns bendA=248000000ns
priority_queue.from_list small count=1300000 reps=1 sample=0 order=ABC bendA=265000000 bendB=138000000 bendC=0 refA=156422000 refB=77775000 refC=1000 bend_chk=['932885706', '1973419466', '1807393482'] ref_chk=['932885706', '1973419466', '1807393482']
priority_queue.from_list small count=1300000 reps=1 sample=1 order=CBA bendA=279000000 bendB=131000000 bendC=0 refA=158052000 refB=82875000 refC=4000 bend_chk=['932885706', '1973419466', '1807393482'] ref_chk=['932885706', '1973419466', '1807393482']
priority_queue.from_list small count=1300000 reps=1 sample=2 order=ABC bendA=279000000 bendB=142000000 bendC=0 refA=159157000 refB=72093000 refC=2000 bend_chk=['932885706', '1973419466', '1807393482'] ref_chk=['932885706', '1973419466', '1807393482']
priority_queue.from_list small count=1300000 reps=1 sample=3 order=CBA bendA=282000000 bendB=137000000 bendC=0 refA=161118000 refB=82982000 refC=4000 bend_chk=['932885706', '1973419466', '1807393482'] ref_chk=['932885706', '1973419466', '1807393482']
priority_queue.from_list small count=1300000 reps=1 sample=4 order=ABC bendA=276000000 bendB=141000000 bendC=0 refA=155862000 refB=74168000 refC=2000 bend_chk=['932885706', '1973419466', '1807393482'] ref_chk=['932885706', '1973419466', '1807393482']
priority_queue.from_list small count=1300000 reps=1 sample=5 order=CBA bendA=281000000 bendB=140000000 bendC=0 refA=179342000 refB=90009000 refC=5000 bend_chk=['932885706', '1973419466', '1807393482'] ref_chk=['932885706', '1973419466', '1807393482']
priority_queue.from_list medium calibrate count=50000 reps=1 bend_delta=6000000ns ref_delta=3782000ns bendA=12000000ns
priority_queue.from_list medium calibrate count=850000 reps=1 bend_delta=93000000ns ref_delta=51442000ns bendA=186000000ns
priority_queue.from_list medium calibrate count=1700000 reps=1 bend_delta=184000000ns ref_delta=108756000ns bendA=369000000ns
priority_queue.from_list medium count=1700000 reps=1 sample=0 order=ABC bendA=363000000 bendB=185000000 bendC=0 refA=216962000 refB=105049000 refC=123000 bend_chk=['2106279653', '2589165541', '3419955941'] ref_chk=['2106279653', '2589165541', '3419955941']
priority_queue.from_list medium count=1700000 reps=1 sample=1 order=CBA bendA=399000000 bendB=184000000 bendC=0 refA=223030000 refB=117548000 refC=151000 bend_chk=['2106279653', '2589165541', '3419955941'] ref_chk=['2106279653', '2589165541', '3419955941']
priority_queue.from_list medium count=1700000 reps=1 sample=2 order=ABC bendA=395000000 bendB=199000000 bendC=1000000 refA=218434000 refB=106310000 refC=110000 bend_chk=['2106279653', '2589165541', '3419955941'] ref_chk=['2106279653', '2589165541', '3419955941']
priority_queue.from_list medium count=1700000 reps=1 sample=3 order=CBA bendA=382000000 bendB=184000000 bendC=1000000 refA=232763000 refB=134036000 refC=144000 bend_chk=['2106279653', '2589165541', '3419955941'] ref_chk=['2106279653', '2589165541', '3419955941']
priority_queue.from_list medium count=1700000 reps=1 sample=4 order=ABC bendA=376000000 bendB=185000000 bendC=0 refA=218230000 refB=104798000 refC=103000 bend_chk=['2106279653', '2589165541', '3419955941'] ref_chk=['2106279653', '2589165541', '3419955941']
priority_queue.from_list medium count=1700000 reps=1 sample=5 order=CBA bendA=368000000 bendB=180000000 bendC=0 refA=221058000 refB=113560000 refC=141000 bend_chk=['2106279653', '2589165541', '3419955941'] ref_chk=['2106279653', '2589165541', '3419955941']
priority_queue.from_list large calibrate count=20000 reps=1 bend_delta=2000000ns ref_delta=1386000ns bendA=16000000ns
priority_queue.from_list large calibrate count=1020000 reps=1 bend_delta=118000000ns ref_delta=59992000ns bendA=236000000ns
priority_queue.from_list large count=1020000 reps=1 sample=0 order=ABC bendA=230000000 bendB=125000000 bendC=12000000 refA=127651000 refB=61919000 refC=5286000 bend_chk=['880931148', '2474976844', '3437787468'] ref_chk=['880931148', '2474976844', '3437787468']
priority_queue.from_list large count=1020000 reps=1 sample=1 order=CBA bendA=233000000 bendB=118000000 bendC=11000000 refA=132276000 refB=71142000 refC=5832000 bend_chk=['880931148', '2474976844', '3437787468'] ref_chk=['880931148', '2474976844', '3437787468']
priority_queue.from_list large count=1020000 reps=1 sample=2 order=ABC bendA=230000000 bendB=125000000 bendC=11000000 refA=126731000 refB=61886000 refC=5279000 bend_chk=['880931148', '2474976844', '3437787468'] ref_chk=['880931148', '2474976844', '3437787468']
priority_queue.from_list large count=1020000 reps=1 sample=3 order=CBA bendA=231000000 bendB=117000000 bendC=11000000 refA=125105000 refB=70588000 refC=5825000 bend_chk=['880931148', '2474976844', '3437787468'] ref_chk=['880931148', '2474976844', '3437787468']
priority_queue.from_list large count=1020000 reps=1 sample=4 order=ABC bendA=234000000 bendB=120000000 bendC=11000000 refA=128018000 refB=65261000 refC=5359000 bend_chk=['880931148', '2474976844', '3437787468'] ref_chk=['880931148', '2474976844', '3437787468']
priority_queue.from_list large count=1020000 reps=1 sample=5 order=CBA bendA=239000000 bendB=126000000 bendC=12000000 refA=135039000 refB=71017000 refC=5770000 bend_chk=['880931148', '2474976844', '3437787468'] ref_chk=['880931148', '2474976844', '3437787468']
priority_queue.to_sorted_list small calibrate count=2000 reps=1 bend_delta=2000000ns ref_delta=1412000ns bendA=4000000ns
priority_queue.to_sorted_list small calibrate count=102000 reps=1 bend_delta=106000000ns ref_delta=64050000ns bendA=212000000ns
priority_queue.to_sorted_list small count=102000 reps=1 sample=0 order=ABC bendA=213000000 bendB=107000000 bendC=0 refA=125973000 refB=62394000 refC=1000 bend_chk=['3139536907', '936297979', '2696996843'] ref_chk=['3139536907', '936297979', '2696996843']
priority_queue.to_sorted_list small count=102000 reps=1 sample=1 order=CBA bendA=199000000 bendB=101000000 bendC=0 refA=118176000 refB=59624000 refC=5000 bend_chk=['3139536907', '936297979', '2696996843'] ref_chk=['3139536907', '936297979', '2696996843']
priority_queue.to_sorted_list small count=102000 reps=1 sample=2 order=ABC bendA=200000000 bendB=100000000 bendC=0 refA=118330000 refB=59301000 refC=2000 bend_chk=['3139536907', '936297979', '2696996843'] ref_chk=['3139536907', '936297979', '2696996843']
priority_queue.to_sorted_list small count=102000 reps=1 sample=3 order=CBA bendA=204000000 bendB=99000000 bendC=0 refA=127818000 refB=63840000 refC=5000 bend_chk=['3139536907', '936297979', '2696996843'] ref_chk=['3139536907', '936297979', '2696996843']
priority_queue.to_sorted_list small count=102000 reps=1 sample=4 order=ABC bendA=204000000 bendB=100000000 bendC=0 refA=119389000 refB=59742000 refC=2000 bend_chk=['3139536907', '936297979', '2696996843'] ref_chk=['3139536907', '936297979', '2696996843']
priority_queue.to_sorted_list small count=102000 reps=1 sample=5 order=CBA bendA=199000000 bendB=101000000 bendC=0 refA=118630000 refB=59338000 refC=4000 bend_chk=['3139536907', '936297979', '2696996843'] ref_chk=['3139536907', '936297979', '2696996843']
priority_queue.to_sorted_list medium calibrate count=100 reps=1 bend_delta=14000000ns ref_delta=6885000ns bendA=29000000ns
priority_queue.to_sorted_list medium calibrate count=800 reps=1 bend_delta=109000000ns ref_delta=53270000ns bendA=217000000ns
priority_queue.to_sorted_list medium count=800 reps=1 sample=0 order=ABC bendA=220000000 bendB=108000000 bendC=0 refA=103729000 refB=52170000 refC=87000 bend_chk=['3276386616', '784068440', '441580920'] ref_chk=['3276386616', '784068440', '441580920']
priority_queue.to_sorted_list medium count=800 reps=1 sample=1 order=CBA bendA=217000000 bendB=109000000 bendC=1000000 refA=103966000 refB=51977000 refC=116000 bend_chk=['3276386616', '784068440', '441580920'] ref_chk=['3276386616', '784068440', '441580920']
priority_queue.to_sorted_list medium count=800 reps=1 sample=2 order=ABC bendA=216000000 bendB=113000000 bendC=0 refA=108394000 refB=51808000 refC=90000 bend_chk=['3276386616', '784068440', '441580920'] ref_chk=['3276386616', '784068440', '441580920']
priority_queue.to_sorted_list medium count=800 reps=1 sample=3 order=CBA bendA=216000000 bendB=110000000 bendC=1000000 refA=103786000 refB=51990000 refC=123000 bend_chk=['3276386616', '784068440', '441580920'] ref_chk=['3276386616', '784068440', '441580920']
priority_queue.to_sorted_list medium count=800 reps=1 sample=4 order=ABC bendA=219000000 bendB=110000000 bendC=1000000 refA=109256000 refB=55493000 refC=108000 bend_chk=['3276386616', '784068440', '441580920'] ref_chk=['3276386616', '784068440', '441580920']
priority_queue.to_sorted_list medium count=800 reps=1 sample=5 order=CBA bendA=245000000 bendB=114000000 bendC=1000000 refA=126357000 refB=63340000 refC=144000 bend_chk=['3276386616', '784068440', '441580920'] ref_chk=['3276386616', '784068440', '441580920']
priority_queue.to_sorted_list large calibrate count=5 reps=1 bend_delta=83000000ns ref_delta=24317000ns bendA=150000000ns
priority_queue.to_sorted_list large calibrate count=10 reps=1 bend_delta=84000000ns ref_delta=42993000ns bendA=196000000ns
priority_queue.to_sorted_list large calibrate count=20 reps=1 bend_delta=186000000ns ref_delta=79204000ns bendA=370000000ns
priority_queue.to_sorted_list large count=20 reps=1 sample=0 order=ABC bendA=346000000 bendB=176000000 bendC=11000000 refA=167105000 refB=82143000 refC=4996000 bend_chk=['2113392693', '3724436649', '3837986653'] ref_chk=['2113392693', '3724436649', '3837986653']
priority_queue.to_sorted_list large count=20 reps=1 sample=1 order=CBA bendA=358000000 bendB=184000000 bendC=12000000 refA=165199000 refB=85887000 refC=5398000 bend_chk=['2113392693', '3724436649', '3837986653'] ref_chk=['2113392693', '3724436649', '3837986653']
priority_queue.to_sorted_list large count=20 reps=1 sample=2 order=ABC bendA=341000000 bendB=177000000 bendC=10000000 refA=166385000 refB=83459000 refC=5070000 bend_chk=['2113392693', '3724436649', '3837986653'] ref_chk=['2113392693', '3724436649', '3837986653']
priority_queue.to_sorted_list large count=20 reps=1 sample=3 order=CBA bendA=333000000 bendB=176000000 bendC=11000000 refA=160095000 refB=82054000 refC=5149000 bend_chk=['2113392693', '3724436649', '3837986653'] ref_chk=['2113392693', '3724436649', '3837986653']
priority_queue.to_sorted_list large count=20 reps=1 sample=4 order=ABC bendA=367000000 bendB=186000000 bendC=11000000 refA=167027000 refB=83703000 refC=5018000 bend_chk=['2113392693', '3724436649', '3837986653'] ref_chk=['2113392693', '3724436649', '3837986653']
priority_queue.to_sorted_list large count=20 reps=1 sample=5 order=CBA bendA=348000000 bendB=172000000 bendC=11000000 refA=164356000 refB=81939000 refC=5099000 bend_chk=['2113392693', '3724436649', '3837986653'] ref_chk=['2113392693', '3724436649', '3837986653']
priority_queue.get small calibrate count=100000 reps=1 bend_delta=5000000ns ref_delta=1107000ns bendA=9000000ns
priority_queue.get small calibrate count=2100000 reps=1 bend_delta=92000000ns ref_delta=28172000ns bendA=177000000ns
priority_queue.get small calibrate count=4200000 reps=1 bend_delta=164000000ns ref_delta=70600000ns bendA=349000000ns
priority_queue.get small count=4200000 reps=1 sample=0 order=ABC bendA=345000000 bendB=176000000 bendC=0 refA=140139000 refB=77232000 refC=1000 bend_chk=['3238323456', '2760518566', '4232241256'] ref_chk=['3238323456', '2760518566', '4232241256']
priority_queue.get small count=4200000 reps=1 sample=1 order=CBA bendA=340000000 bendB=179000000 bendC=0 refA=147606000 refB=63567000 refC=4000 bend_chk=['3238323456', '2760518566', '4232241256'] ref_chk=['3238323456', '2760518566', '4232241256']
priority_queue.get small count=4200000 reps=1 sample=2 order=ABC bendA=334000000 bendB=170000000 bendC=0 refA=148825000 refB=75154000 refC=1000 bend_chk=['3238323456', '2760518566', '4232241256'] ref_chk=['3238323456', '2760518566', '4232241256']
priority_queue.get small count=4200000 reps=1 sample=3 order=CBA bendA=347000000 bendB=171000000 bendC=0 refA=148912000 refB=75866000 refC=4000 bend_chk=['3238323456', '2760518566', '4232241256'] ref_chk=['3238323456', '2760518566', '4232241256']
priority_queue.get small count=4200000 reps=1 sample=4 order=ABC bendA=344000000 bendB=171000000 bendC=0 refA=133388000 refB=69463000 refC=4000 bend_chk=['3238323456', '2760518566', '4232241256'] ref_chk=['3238323456', '2760518566', '4232241256']
priority_queue.get small count=4200000 reps=1 sample=5 order=CBA bendA=411000000 bendB=195000000 bendC=0 refA=169117000 refB=91956000 refC=6000 bend_chk=['3238323456', '2760518566', '4232241256'] ref_chk=['3238323456', '2760518566', '4232241256']
priority_queue.get medium calibrate count=50000 reps=1 bend_delta=7000000ns ref_delta=2676000ns bendA=13000000ns
priority_queue.get medium calibrate count=750000 reps=1 bend_delta=75000000ns ref_delta=32960000ns bendA=164000000ns
priority_queue.get medium calibrate count=1500000 reps=1 bend_delta=144000000ns ref_delta=66490000ns bendA=293000000ns
priority_queue.get medium count=1500000 reps=1 sample=0 order=ABC bendA=283000000 bendB=136000000 bendC=0 refA=116001000 refB=57065000 refC=105000 bend_chk=['1370084837', '3035545652', '3033020371'] ref_chk=['1370084837', '3035545652', '3033020371']
priority_queue.get medium count=1500000 reps=1 sample=1 order=CBA bendA=286000000 bendB=135000000 bendC=1000000 refA=120917000 refB=60536000 refC=132000 bend_chk=['1370084837', '3035545652', '3033020371'] ref_chk=['1370084837', '3035545652', '3033020371']
priority_queue.get medium count=1500000 reps=1 sample=2 order=ABC bendA=271000000 bendB=135000000 bendC=0 refA=113297000 refB=56901000 refC=117000 bend_chk=['1370084837', '3035545652', '3033020371'] ref_chk=['1370084837', '3035545652', '3033020371']
priority_queue.get medium count=1500000 reps=1 sample=3 order=CBA bendA=273000000 bendB=135000000 bendC=0 refA=114465000 refB=56766000 refC=123000 bend_chk=['1370084837', '3035545652', '3033020371'] ref_chk=['1370084837', '3035545652', '3033020371']
priority_queue.get medium count=1500000 reps=1 sample=4 order=ABC bendA=271000000 bendB=136000000 bendC=0 refA=113131000 refB=56383000 refC=103000 bend_chk=['1370084837', '3035545652', '3033020371'] ref_chk=['1370084837', '3035545652', '3033020371']
priority_queue.get medium count=1500000 reps=1 sample=5 order=CBA bendA=289000000 bendB=142000000 bendC=0 refA=117892000 refB=56952000 refC=132000 bend_chk=['1370084837', '3035545652', '3033020371'] ref_chk=['1370084837', '3035545652', '3033020371']
priority_queue.get large calibrate count=20000 reps=1 bend_delta=2000000ns ref_delta=1024000ns bendA=15000000ns
priority_queue.get large calibrate count=1020000 reps=1 bend_delta=130000000ns ref_delta=53013000ns bendA=275000000ns
priority_queue.get large count=1020000 reps=1 sample=0 order=ABC bendA=274000000 bendB=136000000 bendC=10000000 refA=111507000 refB=59051000 refC=5169000 bend_chk=['3163756379', '1773351579', '900743810'] ref_chk=['3163756379', '1773351579', '900743810']
priority_queue.get large count=1020000 reps=1 sample=1 order=CBA bendA=261000000 bendB=135000000 bendC=11000000 refA=112227000 refB=59236000 refC=5230000 bend_chk=['3163756379', '1773351579', '900743810'] ref_chk=['3163756379', '1773351579', '900743810']
priority_queue.get large count=1020000 reps=1 sample=2 order=ABC bendA=267000000 bendB=131000000 bendC=10000000 refA=106328000 refB=56180000 refC=5039000 bend_chk=['3163756379', '1773351579', '900743810'] ref_chk=['3163756379', '1773351579', '900743810']
priority_queue.get large count=1020000 reps=1 sample=3 order=CBA bendA=267000000 bendB=136000000 bendC=11000000 refA=111105000 refB=58802000 refC=5224000 bend_chk=['3163756379', '1773351579', '900743810'] ref_chk=['3163756379', '1773351579', '900743810']
priority_queue.get large count=1020000 reps=1 sample=4 order=ABC bendA=273000000 bendB=132000000 bendC=10000000 refA=106397000 refB=56293000 refC=4999000 bend_chk=['3163756379', '1773351579', '900743810'] ref_chk=['3163756379', '1773351579', '900743810']
priority_queue.get large count=1020000 reps=1 sample=5 order=CBA bendA=267000000 bendB=134000000 bendC=11000000 refA=111379000 refB=58244000 refC=5139000 bend_chk=['3163756379', '1773351579', '900743810'] ref_chk=['3163756379', '1773351579', '900743810']
priority_queue.new small calibrate count=200000 reps=1 bend_delta=0ns ref_delta=581000ns bendA=1000000ns
priority_queue.new small calibrate count=12800000 reps=1 bend_delta=43000000ns ref_delta=35083000ns bendA=84000000ns
priority_queue.new small calibrate count=38400000 reps=1 bend_delta=111000000ns ref_delta=121197000ns bendA=239000000ns
priority_queue.new small count=38400000 reps=1 sample=0 order=ABC bendA=242000000 bendB=137000000 bendC=0 refA=243775000 refB=116551000 refC=2000 bend_chk=['1579810317', '203886093', '1042554381'] ref_chk=['1579810317', '203886093', '1042554381']
priority_queue.new small count=38400000 reps=1 sample=1 order=CBA bendA=264000000 bendB=122000000 bendC=0 refA=263953000 refB=129068000 refC=6000 bend_chk=['1579810317', '203886093', '1042554381'] ref_chk=['1579810317', '203886093', '1042554381']
priority_queue.new small count=38400000 reps=1 sample=2 order=ABC bendA=277000000 bendB=138000000 bendC=0 refA=249541000 refB=124214000 refC=3000 bend_chk=['1579810317', '203886093', '1042554381'] ref_chk=['1579810317', '203886093', '1042554381']
priority_queue.new small count=38400000 reps=1 sample=3 order=CBA bendA=254000000 bendB=141000000 bendC=0 refA=231151000 refB=123123000 refC=4000 bend_chk=['1579810317', '203886093', '1042554381'] ref_chk=['1579810317', '203886093', '1042554381']
priority_queue.new small count=38400000 reps=1 sample=4 order=ABC bendA=251000000 bendB=177000000 bendC=0 refA=234757000 refB=110833000 refC=2000 bend_chk=['1579810317', '203886093', '1042554381'] ref_chk=['1579810317', '203886093', '1042554381']
priority_queue.new small count=38400000 reps=1 sample=5 order=CBA bendA=269000000 bendB=116000000 bendC=0 refA=225798000 refB=116579000 refC=4000 bend_chk=['1579810317', '203886093', '1042554381'] ref_chk=['1579810317', '203886093', '1042554381']
priority_queue.new medium calibrate count=200000 reps=1 bend_delta=1000000ns ref_delta=594000ns bendA=2000000ns
priority_queue.new medium calibrate count=12800000 reps=1 bend_delta=46000000ns ref_delta=35942000ns bendA=87000000ns
priority_queue.new medium calibrate count=38400000 reps=1 bend_delta=107000000ns ref_delta=117313000ns bendA=234000000ns
priority_queue.new medium count=38400000 reps=1 sample=0 order=ABC bendA=236000000 bendB=125000000 bendC=0 refA=229169000 refB=110986000 refC=94000 bend_chk=['2108655514', '3512260506', '3103926170'] ref_chk=['2108655514', '3512260506', '3103926170']
priority_queue.new medium count=38400000 reps=1 sample=1 order=CBA bendA=245000000 bendB=126000000 bendC=0 refA=226450000 refB=122887000 refC=131000 bend_chk=['2108655514', '3512260506', '3103926170'] ref_chk=['2108655514', '3512260506', '3103926170']
priority_queue.new medium count=38400000 reps=1 sample=2 order=ABC bendA=236000000 bendB=156000000 bendC=0 refA=241230000 refB=116551000 refC=104000 bend_chk=['2108655514', '3512260506', '3103926170'] ref_chk=['2108655514', '3512260506', '3103926170']
priority_queue.new medium count=38400000 reps=1 sample=3 order=CBA bendA=255000000 bendB=146000000 bendC=1000000 refA=226575000 refB=119665000 refC=131000 bend_chk=['2108655514', '3512260506', '3103926170'] ref_chk=['2108655514', '3512260506', '3103926170']
priority_queue.new medium count=38400000 reps=1 sample=4 order=ABC bendA=235000000 bendB=131000000 bendC=1000000 refA=234641000 refB=110940000 refC=97000 bend_chk=['2108655514', '3512260506', '3103926170'] ref_chk=['2108655514', '3512260506', '3103926170']
priority_queue.new medium count=38400000 reps=1 sample=5 order=CBA bendA=295000000 bendB=121000000 bendC=1000000 refA=224905000 refB=116626000 refC=123000 bend_chk=['2108655514', '3512260506', '3103926170'] ref_chk=['2108655514', '3512260506', '3103926170']
priority_queue.new large calibrate count=50000 reps=1 bend_delta=0ns ref_delta=205000ns bendA=11000000ns
priority_queue.new large calibrate count=3200000 reps=1 bend_delta=9000000ns ref_delta=9225000ns bendA=29000000ns
priority_queue.new large calibrate count=38400000 reps=1 bend_delta=111000000ns ref_delta=121380000ns bendA=247000000ns
priority_queue.new large count=38400000 reps=1 sample=0 order=ABC bendA=254000000 bendB=141000000 bendC=13000000 refA=245926000 refB=117481000 refC=5028000 bend_chk=['2673119955', '2405573331', '594522835'] ref_chk=['2673119955', '2405573331', '594522835']
priority_queue.new large count=38400000 reps=1 sample=1 order=CBA bendA=263000000 bendB=127000000 bendC=11000000 refA=241818000 refB=130091000 refC=5880000 bend_chk=['2673119955', '2405573331', '594522835'] ref_chk=['2673119955', '2405573331', '594522835']
priority_queue.new large count=38400000 reps=1 sample=2 order=ABC bendA=264000000 bendB=139000000 bendC=11000000 refA=238798000 refB=115934000 refC=5051000 bend_chk=['2673119955', '2405573331', '594522835'] ref_chk=['2673119955', '2405573331', '594522835']
priority_queue.new large count=38400000 reps=1 sample=3 order=CBA bendA=260000000 bendB=128000000 bendC=11000000 refA=227619000 refB=121819000 refC=5563000 bend_chk=['2673119955', '2405573331', '594522835'] ref_chk=['2673119955', '2405573331', '594522835']
priority_queue.new large count=38400000 reps=1 sample=4 order=ABC bendA=243000000 bendB=131000000 bendC=12000000 refA=239260000 refB=115926000 refC=5141000 bend_chk=['2673119955', '2405573331', '594522835'] ref_chk=['2673119955', '2405573331', '594522835']
priority_queue.new large count=38400000 reps=1 sample=5 order=CBA bendA=252000000 bendB=123000000 bendC=11000000 refA=238060000 refB=122310000 refC=5839000 bend_chk=['2673119955', '2405573331', '594522835'] ref_chk=['2673119955', '2405573331', '594522835']
dlist_iterator.iter_first small calibrate count=50000 reps=1 bend_delta=1000000ns ref_delta=209000ns bendA=1000000ns
dlist_iterator.iter_first small calibrate count=3200000 reps=1 bend_delta=19000000ns ref_delta=12489000ns bendA=37000000ns
dlist_iterator.iter_first small calibrate count=19200000 reps=1 bend_delta=108000000ns ref_delta=75798000ns bendA=217000000ns
dlist_iterator.iter_first small count=19200000 reps=1 sample=0 order=ABC bendA=218000000 bendB=109000000 bendC=0 refA=149552000 refB=77859000 refC=27000 bend_chk=['2919093441', '3604151489', '1420305601'] ref_chk=['2919093441', '3604151489', '1420305601']
dlist_iterator.iter_first small count=19200000 reps=1 sample=1 order=CBA bendA=225000000 bendB=109000000 bendC=0 refA=149878000 refB=75119000 refC=4000 bend_chk=['2919093441', '3604151489', '1420305601'] ref_chk=['2919093441', '3604151489', '1420305601']
dlist_iterator.iter_first small count=19200000 reps=1 sample=2 order=ABC bendA=218000000 bendB=111000000 bendC=0 refA=152545000 refB=74834000 refC=2000 bend_chk=['2919093441', '3604151489', '1420305601'] ref_chk=['2919093441', '3604151489', '1420305601']
dlist_iterator.iter_first small count=19200000 reps=1 sample=3 order=CBA bendA=223000000 bendB=109000000 bendC=0 refA=149687000 refB=74823000 refC=4000 bend_chk=['2919093441', '3604151489', '1420305601'] ref_chk=['2919093441', '3604151489', '1420305601']
dlist_iterator.iter_first small count=19200000 reps=1 sample=4 order=ABC bendA=218000000 bendB=110000000 bendC=0 refA=155471000 refB=74892000 refC=1000 bend_chk=['2919093441', '3604151489', '1420305601'] ref_chk=['2919093441', '3604151489', '1420305601']
dlist_iterator.iter_first small count=19200000 reps=1 sample=5 order=CBA bendA=217000000 bendB=109000000 bendC=0 refA=147890000 refB=74957000 refC=4000 bend_chk=['2919093441', '3604151489', '1420305601'] ref_chk=['2919093441', '3604151489', '1420305601']
dlist_iterator.iter_first medium calibrate count=20000 reps=1 bend_delta=-1000000ns ref_delta=80000ns bendA=0ns
dlist_iterator.iter_first medium calibrate count=1280000 reps=1 bend_delta=8000000ns ref_delta=4959000ns bendA=15000000ns
dlist_iterator.iter_first medium calibrate count=16640000 reps=1 bend_delta=93000000ns ref_delta=67987000ns bendA=189000000ns
dlist_iterator.iter_first medium calibrate count=33280000 reps=1 bend_delta=188000000ns ref_delta=125846000ns bendA=381000000ns
dlist_iterator.iter_first medium count=33280000 reps=1 sample=0 order=ABC bendA=384000000 bendB=192000000 bendC=0 refA=259576000 refB=125634000 refC=20000 bend_chk=['1400600917', '69675349', '953342293'] ref_chk=['1400600917', '69675349', '953342293']
dlist_iterator.iter_first medium count=33280000 reps=1 sample=1 order=CBA bendA=376000000 bendB=186000000 bendC=0 refA=281247000 refB=136456000 refC=41000 bend_chk=['1400600917', '69675349', '953342293'] ref_chk=['1400600917', '69675349', '953342293']
dlist_iterator.iter_first medium count=33280000 reps=1 sample=2 order=ABC bendA=394000000 bendB=228000000 bendC=0 refA=303524000 refB=144159000 refC=45000 bend_chk=['1400600917', '69675349', '953342293'] ref_chk=['1400600917', '69675349', '953342293']
dlist_iterator.iter_first medium count=33280000 reps=1 sample=3 order=CBA bendA=463000000 bendB=208000000 bendC=0 refA=298904000 refB=150638000 refC=73000 bend_chk=['1400600917', '69675349', '953342293'] ref_chk=['1400600917', '69675349', '953342293']
dlist_iterator.iter_first medium count=33280000 reps=1 sample=4 order=ABC bendA=454000000 bendB=238000000 bendC=1000000 refA=298307000 refB=138606000 refC=65000 bend_chk=['1400600917', '69675349', '953342293'] ref_chk=['1400600917', '69675349', '953342293']
dlist_iterator.iter_first medium count=33280000 reps=1 sample=5 order=CBA bendA=403000000 bendB=201000000 bendC=0 refA=270678000 refB=138398000 refC=37000 bend_chk=['1400600917', '69675349', '953342293'] ref_chk=['1400600917', '69675349', '953342293']
dlist_iterator.iter_first large calibrate count=10000 reps=1 bend_delta=-1000000ns ref_delta=41000ns bendA=1000000ns
dlist_iterator.iter_first large calibrate count=640000 reps=1 bend_delta=3000000ns ref_delta=2447000ns bendA=8000000ns
dlist_iterator.iter_first large calibrate count=21760000 reps=1 bend_delta=123000000ns ref_delta=88814000ns bendA=248000000ns
dlist_iterator.iter_first large count=21760000 reps=1 sample=0 order=ABC bendA=252000000 bendB=126000000 bendC=1000000 refA=178530000 refB=91139000 refC=523000 bend_chk=['2351711465', '4061388009', '4110120169'] ref_chk=['2351711465', '4061388009', '4110120169']
dlist_iterator.iter_first large count=21760000 reps=1 sample=1 order=CBA bendA=261000000 bendB=124000000 bendC=2000000 refA=172148000 refB=91000000 refC=542000 bend_chk=['2351711465', '4061388009', '4110120169'] ref_chk=['2351711465', '4061388009', '4110120169']
dlist_iterator.iter_first large count=21760000 reps=1 sample=2 order=ABC bendA=256000000 bendB=126000000 bendC=1000000 refA=170246000 refB=85402000 refC=436000 bend_chk=['2351711465', '4061388009', '4110120169'] ref_chk=['2351711465', '4061388009', '4110120169']
dlist_iterator.iter_first large count=21760000 reps=1 sample=3 order=CBA bendA=258000000 bendB=125000000 bendC=1000000 refA=170377000 refB=85855000 refC=535000 bend_chk=['2351711465', '4061388009', '4110120169'] ref_chk=['2351711465', '4061388009', '4110120169']
dlist_iterator.iter_first large count=21760000 reps=1 sample=4 order=ABC bendA=248000000 bendB=125000000 bendC=1000000 refA=170247000 refB=85609000 refC=541000 bend_chk=['2351711465', '4061388009', '4110120169'] ref_chk=['2351711465', '4061388009', '4110120169']
dlist_iterator.iter_first large count=21760000 reps=1 sample=5 order=CBA bendA=265000000 bendB=131000000 bendC=1000000 refA=181682000 refB=91063000 refC=549000 bend_chk=['2351711465', '4061388009', '4110120169'] ref_chk=['2351711465', '4061388009', '4110120169']
dlist_iterator.iter_last small calibrate count=50000 reps=1 bend_delta=1000000ns ref_delta=227000ns bendA=1000000ns
dlist_iterator.iter_last small calibrate count=3200000 reps=1 bend_delta=19000000ns ref_delta=13027000ns bendA=35000000ns
dlist_iterator.iter_last small calibrate count=19200000 reps=1 bend_delta=95000000ns ref_delta=84240000ns bendA=202000000ns
dlist_iterator.iter_last small calibrate count=38400000 reps=1 bend_delta=212000000ns ref_delta=158097000ns bendA=414000000ns
dlist_iterator.iter_last small count=38400000 reps=1 sample=0 order=ABC bendA=414000000 bendB=217000000 bendC=0 refA=334143000 refB=163650000 refC=4000 bend_chk=['3450811261', '2340701053', '3445183357'] ref_chk=['3450811261', '2340701053', '3445183357']
dlist_iterator.iter_last small count=38400000 reps=1 sample=1 order=CBA bendA=425000000 bendB=210000000 bendC=0 refA=332796000 refB=167460000 refC=5000 bend_chk=['3450811261', '2340701053', '3445183357'] ref_chk=['3450811261', '2340701053', '3445183357']
dlist_iterator.iter_last small count=38400000 reps=1 sample=2 order=ABC bendA=417000000 bendB=226000000 bendC=0 refA=334521000 refB=160287000 refC=2000 bend_chk=['3450811261', '2340701053', '3445183357'] ref_chk=['3450811261', '2340701053', '3445183357']
dlist_iterator.iter_last small count=38400000 reps=1 sample=3 order=CBA bendA=413000000 bendB=204000000 bendC=0 refA=313774000 refB=155477000 refC=4000 bend_chk=['3450811261', '2340701053', '3445183357'] ref_chk=['3450811261', '2340701053', '3445183357']
dlist_iterator.iter_last small count=38400000 reps=1 sample=4 order=ABC bendA=406000000 bendB=201000000 bendC=0 refA=313721000 refB=157283000 refC=2000 bend_chk=['3450811261', '2340701053', '3445183357'] ref_chk=['3450811261', '2340701053', '3445183357']
dlist_iterator.iter_last small count=38400000 reps=1 sample=5 order=CBA bendA=406000000 bendB=200000000 bendC=0 refA=334703000 refB=158401000 refC=4000 bend_chk=['3450811261', '2340701053', '3445183357'] ref_chk=['3450811261', '2340701053', '3445183357']
dlist_iterator.iter_last medium calibrate count=20000 reps=1 bend_delta=1000000ns ref_delta=87000ns bendA=1000000ns
dlist_iterator.iter_last medium calibrate count=1280000 reps=1 bend_delta=6000000ns ref_delta=5377000ns bendA=13000000ns
dlist_iterator.iter_last medium calibrate count=21760000 reps=1 bend_delta=111000000ns ref_delta=88613000ns bendA=227000000ns
dlist_iterator.iter_last medium count=21760000 reps=1 sample=0 order=ABC bendA=227000000 bendB=121000000 bendC=0 refA=185103000 refB=89227000 refC=36000 bend_chk=['154221585', '440570897', '3495160849'] ref_chk=['154221585', '440570897', '3495160849']
dlist_iterator.iter_last medium count=21760000 reps=1 sample=1 order=CBA bendA=227000000 bendB=113000000 bendC=1000000 refA=172505000 refB=88944000 refC=35000 bend_chk=['154221585', '440570897', '3495160849'] ref_chk=['154221585', '440570897', '3495160849']
dlist_iterator.iter_last medium count=21760000 reps=1 sample=2 order=ABC bendA=227000000 bendB=118000000 bendC=0 refA=177043000 refB=85991000 refC=33000 bend_chk=['154221585', '440570897', '3495160849'] ref_chk=['154221585', '440570897', '3495160849']
dlist_iterator.iter_last medium count=21760000 reps=1 sample=3 order=CBA bendA=227000000 bendB=112000000 bendC=0 refA=170980000 refB=89170000 refC=37000 bend_chk=['154221585', '440570897', '3495160849'] ref_chk=['154221585', '440570897', '3495160849']
dlist_iterator.iter_last medium count=21760000 reps=1 sample=4 order=ABC bendA=227000000 bendB=115000000 bendC=0 refA=187286000 refB=92806000 refC=66000 bend_chk=['154221585', '440570897', '3495160849'] ref_chk=['154221585', '440570897', '3495160849']
dlist_iterator.iter_last medium count=21760000 reps=1 sample=5 order=CBA bendA=237000000 bendB=116000000 bendC=0 refA=186921000 refB=90439000 refC=41000 bend_chk=['154221585', '440570897', '3495160849'] ref_chk=['154221585', '440570897', '3495160849']
dlist_iterator.iter_last large calibrate count=10000 reps=1 bend_delta=1000000ns ref_delta=52000ns bendA=2000000ns
dlist_iterator.iter_last large calibrate count=640000 reps=1 bend_delta=2000000ns ref_delta=2624000ns bendA=7000000ns
dlist_iterator.iter_last large calibrate count=32640000 reps=1 bend_delta=180000000ns ref_delta=135658000ns bendA=360000000ns
dlist_iterator.iter_last large count=32640000 reps=1 sample=0 order=ABC bendA=358000000 bendB=180000000 bendC=1000000 refA=268073000 refB=133686000 refC=433000 bend_chk=['3115507621', '1074541477', '3802498981'] ref_chk=['3115507621', '1074541477', '3802498981']
dlist_iterator.iter_last large count=32640000 reps=1 sample=1 order=CBA bendA=359000000 bendB=172000000 bendC=1000000 refA=261094000 refB=133755000 refC=526000 bend_chk=['3115507621', '1074541477', '3802498981'] ref_chk=['3115507621', '1074541477', '3802498981']
dlist_iterator.iter_last large count=32640000 reps=1 sample=2 order=ABC bendA=363000000 bendB=193000000 bendC=1000000 refA=281932000 refB=133441000 refC=507000 bend_chk=['3115507621', '1074541477', '3802498981'] ref_chk=['3115507621', '1074541477', '3802498981']
dlist_iterator.iter_last large count=32640000 reps=1 sample=3 order=CBA bendA=355000000 bendB=173000000 bendC=1000000 refA=268640000 refB=142345000 refC=534000 bend_chk=['3115507621', '1074541477', '3802498981'] ref_chk=['3115507621', '1074541477', '3802498981']
dlist_iterator.iter_last large count=32640000 reps=1 sample=4 order=ABC bendA=341000000 bendB=174000000 bendC=1000000 refA=267504000 refB=134024000 refC=427000 bend_chk=['3115507621', '1074541477', '3802498981'] ref_chk=['3115507621', '1074541477', '3802498981']
dlist_iterator.iter_last large count=32640000 reps=1 sample=5 order=CBA bendA=341000000 bendB=171000000 bendC=1000000 refA=261642000 refB=133625000 refC=500000 bend_chk=['3115507621', '1074541477', '3802498981'] ref_chk=['3115507621', '1074541477', '3802498981']
dlist_iterator.next small calibrate count=50000 reps=1 bend_delta=0ns ref_delta=120000ns bendA=0ns
dlist_iterator.next small calibrate count=3200000 reps=1 bend_delta=6000000ns ref_delta=6872000ns bendA=14000000ns
dlist_iterator.next small calibrate count=54400000 reps=1 bend_delta=119000000ns ref_delta=111475000ns bendA=235000000ns
dlist_iterator.next small count=54400000 reps=1 sample=0 order=ABC bendA=231000000 bendB=117000000 bendC=0 refA=223858000 refB=111785000 refC=25000 bend_chk=['317126201', '3143154745', '1175093817'] ref_chk=['317126201', '3143154745', '1175093817']
dlist_iterator.next small count=54400000 reps=1 sample=1 order=CBA bendA=234000000 bendB=117000000 bendC=0 refA=223230000 refB=111835000 refC=5000 bend_chk=['317126201', '3143154745', '1175093817'] ref_chk=['317126201', '3143154745', '1175093817']
dlist_iterator.next small count=54400000 reps=1 sample=2 order=ABC bendA=235000000 bendB=113000000 bendC=0 refA=222093000 refB=111871000 refC=5000 bend_chk=['317126201', '3143154745', '1175093817'] ref_chk=['317126201', '3143154745', '1175093817']
dlist_iterator.next small count=54400000 reps=1 sample=3 order=CBA bendA=226000000 bendB=116000000 bendC=0 refA=224673000 refB=112142000 refC=5000 bend_chk=['317126201', '3143154745', '1175093817'] ref_chk=['317126201', '3143154745', '1175093817']
dlist_iterator.next small count=54400000 reps=1 sample=4 order=ABC bendA=235000000 bendB=117000000 bendC=0 refA=223837000 refB=111955000 refC=26000 bend_chk=['317126201', '3143154745', '1175093817'] ref_chk=['317126201', '3143154745', '1175093817']
dlist_iterator.next small count=54400000 reps=1 sample=5 order=CBA bendA=234000000 bendB=118000000 bendC=0 refA=228251000 refB=115026000 refC=3000 bend_chk=['317126201', '3143154745', '1175093817'] ref_chk=['317126201', '3143154745', '1175093817']
dlist_iterator.next medium calibrate count=20000 reps=1 bend_delta=0ns ref_delta=65000ns bendA=0ns
dlist_iterator.next medium calibrate count=1280000 reps=1 bend_delta=1000000ns ref_delta=2631000ns bendA=4000000ns
dlist_iterator.next medium calibrate count=81920000 reps=1 bend_delta=164000000ns ref_delta=160677000ns bendA=289000000ns
dlist_iterator.next medium count=81920000 reps=1 sample=0 order=ABC bendA=259000000 bendB=118000000 bendC=0 refA=338700000 refB=172804000 refC=27000 bend_chk=['2496593613', '4266786509', '1742012109'] ref_chk=['2496593613', '4266786509', '1742012109']
dlist_iterator.next medium count=81920000 reps=1 sample=1 order=CBA bendA=294000000 bendB=152000000 bendC=0 refA=341459000 refB=169147000 refC=30000 bend_chk=['2496593613', '4266786509', '1742012109'] ref_chk=['2496593613', '4266786509', '1742012109']
dlist_iterator.next medium count=81920000 reps=1 sample=2 order=ABC bendA=259000000 bendB=128000000 bendC=0 refA=394867000 refB=204465000 refC=50000 bend_chk=['2496593613', '4266786509', '1742012109'] ref_chk=['2496593613', '4266786509', '1742012109']
dlist_iterator.next medium count=81920000 reps=1 sample=3 order=CBA bendA=352000000 bendB=182000000 bendC=0 refA=357821000 refB=187302000 refC=42000 bend_chk=['2496593613', '4266786509', '1742012109'] ref_chk=['2496593613', '4266786509', '1742012109']
dlist_iterator.next medium count=81920000 reps=1 sample=4 order=ABC bendA=316000000 bendB=169000000 bendC=0 refA=377232000 refB=177825000 refC=43000 bend_chk=['2496593613', '4266786509', '1742012109'] ref_chk=['2496593613', '4266786509', '1742012109']
dlist_iterator.next medium count=81920000 reps=1 sample=5 order=CBA bendA=309000000 bendB=144000000 bendC=0 refA=342134000 refB=177851000 refC=74000 bend_chk=['2496593613', '4266786509', '1742012109'] ref_chk=['2496593613', '4266786509', '1742012109']
dlist_iterator.next large calibrate count=10000 reps=1 bend_delta=1000000ns ref_delta=16000ns bendA=2000000ns
dlist_iterator.next large calibrate count=640000 reps=1 bend_delta=2000000ns ref_delta=1381000ns bendA=3000000ns
dlist_iterator.next large calibrate count=32640000 reps=1 bend_delta=41000000ns ref_delta=67662000ns bendA=84000000ns
dlist_iterator.next large calibrate count=97920000 reps=1 bend_delta=139000000ns ref_delta=234410000ns bendA=263000000ns
dlist_iterator.next large count=97920000 reps=1 sample=0 order=ABC bendA=265000000 bendB=137000000 bendC=2000000 refA=454888000 refB=224233000 refC=803000 bend_chk=['415888993', '933021793', '3494877793'] ref_chk=['415888993', '933021793', '3494877793']
dlist_iterator.next large count=97920000 reps=1 sample=1 order=CBA bendA=276000000 bendB=152000000 bendC=2000000 refA=439867000 refB=228941000 refC=522000 bend_chk=['415888993', '933021793', '3494877793'] ref_chk=['415888993', '933021793', '3494877793']
dlist_iterator.next large count=97920000 reps=1 sample=2 order=ABC bendA=256000000 bendB=125000000 bendC=2000000 refA=432782000 refB=210597000 refC=502000 bend_chk=['415888993', '933021793', '3494877793'] ref_chk=['415888993', '933021793', '3494877793']
dlist_iterator.next large count=97920000 reps=1 sample=3 order=CBA bendA=244000000 bendB=126000000 bendC=1000000 refA=420923000 refB=214319000 refC=485000 bend_chk=['415888993', '933021793', '3494877793'] ref_chk=['415888993', '933021793', '3494877793']
dlist_iterator.next large count=97920000 reps=1 sample=4 order=ABC bendA=248000000 bendB=123000000 bendC=1000000 refA=425170000 refB=207302000 refC=514000 bend_chk=['415888993', '933021793', '3494877793'] ref_chk=['415888993', '933021793', '3494877793']
dlist_iterator.next large count=97920000 reps=1 sample=5 order=CBA bendA=247000000 bendB=122000000 bendC=2000000 refA=427823000 refB=209179000 refC=506000 bend_chk=['415888993', '933021793', '3494877793'] ref_chk=['415888993', '933021793', '3494877793']
dlist_iterator.previous small calibrate count=50000 reps=1 bend_delta=0ns ref_delta=135000ns bendA=0ns
dlist_iterator.previous small calibrate count=3200000 reps=1 bend_delta=6000000ns ref_delta=7427000ns bendA=11000000ns
dlist_iterator.previous small calibrate count=54400000 reps=1 bend_delta=96000000ns ref_delta=128049000ns bendA=185000000ns
dlist_iterator.previous small calibrate count=108800000 reps=1 bend_delta=191000000ns ref_delta=271062000ns bendA=365000000ns
dlist_iterator.previous small count=108800000 reps=1 sample=0 order=ABC bendA=356000000 bendB=175000000 bendC=0 refA=535712000 refB=277362000 refC=11000 bend_chk=['859441397', '981130485', '3199971573'] ref_chk=['859441397', '981130485', '3199971573']
dlist_iterator.previous small count=108800000 reps=1 sample=1 order=CBA bendA=296000000 bendB=173000000 bendC=0 refA=533611000 refB=264869000 refC=4000 bend_chk=['859441397', '981130485', '3199971573'] ref_chk=['859441397', '981130485', '3199971573']
dlist_iterator.previous small count=108800000 reps=1 sample=2 order=ABC bendA=372000000 bendB=149000000 bendC=0 refA=526722000 refB=260774000 refC=21000 bend_chk=['859441397', '981130485', '3199971573'] ref_chk=['859441397', '981130485', '3199971573']
dlist_iterator.previous small count=108800000 reps=1 sample=3 order=CBA bendA=368000000 bendB=185000000 bendC=0 refA=529759000 refB=261328000 refC=5000 bend_chk=['859441397', '981130485', '3199971573'] ref_chk=['859441397', '981130485', '3199971573']
dlist_iterator.previous small count=108800000 reps=1 sample=4 order=ABC bendA=356000000 bendB=159000000 bendC=0 refA=538425000 refB=284121000 refC=15000 bend_chk=['859441397', '981130485', '3199971573'] ref_chk=['859441397', '981130485', '3199971573']
dlist_iterator.previous small count=108800000 reps=1 sample=5 order=CBA bendA=342000000 bendB=171000000 bendC=0 refA=548449000 refB=266847000 refC=5000 bend_chk=['859441397', '981130485', '3199971573'] ref_chk=['859441397', '981130485', '3199971573']
dlist_iterator.previous medium calibrate count=20000 reps=1 bend_delta=-1000000ns ref_delta=53000ns bendA=0ns
dlist_iterator.previous medium calibrate count=1280000 reps=1 bend_delta=3000000ns ref_delta=2945000ns bendA=4000000ns
dlist_iterator.previous medium calibrate count=43520000 reps=1 bend_delta=44000000ns ref_delta=117990000ns bendA=112000000ns
dlist_iterator.previous medium calibrate count=130560000 reps=1 bend_delta=165000000ns ref_delta=298326000ns bendA=335000000ns
dlist_iterator.previous medium count=130560000 reps=1 sample=0 order=ABC bendA=322000000 bendB=160000000 bendC=0 refA=592892000 refB=299258000 refC=64000 bend_chk=['750002569', '335878537', '4283830665'] ref_chk=['750002569', '335878537', '4283830665']
dlist_iterator.previous medium count=130560000 reps=1 sample=1 order=CBA bendA=306000000 bendB=158000000 bendC=0 refA=595334000 refB=290032000 refC=35000 bend_chk=['750002569', '335878537', '4283830665'] ref_chk=['750002569', '335878537', '4283830665']
dlist_iterator.previous medium count=130560000 reps=1 sample=2 order=ABC bendA=311000000 bendB=156000000 bendC=0 refA=593041000 refB=299385000 refC=68000 bend_chk=['750002569', '335878537', '4283830665'] ref_chk=['750002569', '335878537', '4283830665']
dlist_iterator.previous medium count=130560000 reps=1 sample=3 order=CBA bendA=306000000 bendB=155000000 bendC=0 refA=589519000 refB=297055000 refC=35000 bend_chk=['750002569', '335878537', '4283830665'] ref_chk=['750002569', '335878537', '4283830665']
dlist_iterator.previous medium count=130560000 reps=1 sample=4 order=ABC bendA=313000000 bendB=160000000 bendC=1000000 refA=590802000 refB=294427000 refC=45000 bend_chk=['750002569', '335878537', '4283830665'] ref_chk=['750002569', '335878537', '4283830665']
dlist_iterator.previous medium count=130560000 reps=1 sample=5 order=CBA bendA=308000000 bendB=159000000 bendC=1000000 refA=599343000 refB=290310000 refC=32000 bend_chk=['750002569', '335878537', '4283830665'] ref_chk=['750002569', '335878537', '4283830665']
dlist_iterator.previous large calibrate count=10000 reps=1 bend_delta=0ns ref_delta=47000ns bendA=1000000ns
dlist_iterator.previous large calibrate count=640000 reps=1 bend_delta=0ns ref_delta=1417000ns bendA=2000000ns
dlist_iterator.previous large calibrate count=40960000 reps=1 bend_delta=49000000ns ref_delta=94165000ns bendA=101000000ns
dlist_iterator.previous large calibrate count=122880000 reps=1 bend_delta=149000000ns ref_delta=282079000ns bendA=299000000ns
dlist_iterator.previous large count=122880000 reps=1 sample=0 order=ABC bendA=298000000 bendB=150000000 bendC=1000000 refA=562444000 refB=281444000 refC=551000 bend_chk=['238988573', '3860606237', '3187256605'] ref_chk=['238988573', '3860606237', '3187256605']
dlist_iterator.previous large count=122880000 reps=1 sample=1 order=CBA bendA=295000000 bendB=148000000 bendC=1000000 refA=576209000 refB=281214000 refC=493000 bend_chk=['238988573', '3860606237', '3187256605'] ref_chk=['238988573', '3860606237', '3187256605']
dlist_iterator.previous large count=122880000 reps=1 sample=2 order=ABC bendA=306000000 bendB=161000000 bendC=1000000 refA=628547000 refB=330352000 refC=503000 bend_chk=['238988573', '3860606237', '3187256605'] ref_chk=['238988573', '3860606237', '3187256605']
dlist_iterator.previous large count=122880000 reps=1 sample=3 order=CBA bendA=344000000 bendB=184000000 bendC=1000000 refA=639749000 refB=338517000 refC=555000 bend_chk=['238988573', '3860606237', '3187256605'] ref_chk=['238988573', '3860606237', '3187256605']
dlist_iterator.previous large count=122880000 reps=1 sample=4 order=ABC bendA=312000000 bendB=152000000 bendC=1000000 refA=580501000 refB=281661000 refC=529000 bend_chk=['238988573', '3860606237', '3187256605'] ref_chk=['238988573', '3860606237', '3187256605']
dlist_iterator.previous large count=122880000 reps=1 sample=5 order=CBA bendA=303000000 bendB=152000000 bendC=1000000 refA=554346000 refB=280419000 refC=523000 bend_chk=['238988573', '3860606237', '3187256605'] ref_chk=['238988573', '3860606237', '3187256605']
dlist_iterator.set small calibrate count=50000 reps=1 bend_delta=0ns ref_delta=66000ns bendA=0ns
dlist_iterator.set small calibrate count=3200000 reps=1 bend_delta=3000000ns ref_delta=3527000ns bendA=7000000ns
dlist_iterator.set small calibrate count=108800000 reps=1 bend_delta=131000000ns ref_delta=129963000ns bendA=264000000ns
dlist_iterator.set small count=108800000 reps=1 sample=0 order=ABC bendA=262000000 bendB=134000000 bendC=0 refA=271729000 refB=136248000 refC=26000 bend_chk=['1854561536', '2343492864', '929882033'] ref_chk=['1854561536', '2343492864', '929882033']
dlist_iterator.set small count=108800000 reps=1 sample=1 order=CBA bendA=285000000 bendB=141000000 bendC=0 refA=285032000 refB=143205000 refC=6000 bend_chk=['1854561536', '2343492864', '929882033'] ref_chk=['1854561536', '2343492864', '929882033']
dlist_iterator.set small count=108800000 reps=1 sample=2 order=ABC bendA=283000000 bendB=141000000 bendC=0 refA=288195000 refB=142919000 refC=15000 bend_chk=['1854561536', '2343492864', '929882033'] ref_chk=['1854561536', '2343492864', '929882033']
dlist_iterator.set small count=108800000 reps=1 sample=3 order=CBA bendA=282000000 bendB=141000000 bendC=0 refA=272296000 refB=134537000 refC=5000 bend_chk=['1854561536', '2343492864', '929882033'] ref_chk=['1854561536', '2343492864', '929882033']
dlist_iterator.set small count=108800000 reps=1 sample=4 order=ABC bendA=266000000 bendB=135000000 bendC=0 refA=273246000 refB=136422000 refC=1000 bend_chk=['1854561536', '2343492864', '929882033'] ref_chk=['1854561536', '2343492864', '929882033']
dlist_iterator.set small count=108800000 reps=1 sample=5 order=CBA bendA=266000000 bendB=132000000 bendC=0 refA=273073000 refB=134338000 refC=4000 bend_chk=['1854561536', '2343492864', '929882033'] ref_chk=['1854561536', '2343492864', '929882033']
dlist_iterator.set medium calibrate count=20000 reps=1 bend_delta=0ns ref_delta=34000ns bendA=0ns
dlist_iterator.set medium calibrate count=1280000 reps=1 bend_delta=1000000ns ref_delta=1674000ns bendA=3000000ns
dlist_iterator.set medium calibrate count=81920000 reps=1 bend_delta=101000000ns ref_delta=102943000ns bendA=201000000ns
dlist_iterator.set medium count=81920000 reps=1 sample=0 order=ABC bendA=200000000 bendB=100000000 bendC=0 refA=206354000 refB=104344000 refC=35000 bend_chk=['1835019872', '1069559392', '2530681925'] ref_chk=['1835019872', '1069559392', '2530681925']
dlist_iterator.set medium count=81920000 reps=1 sample=1 order=CBA bendA=200000000 bendB=101000000 bendC=0 refA=203769000 refB=99970000 refC=39000 bend_chk=['1835019872', '1069559392', '2530681925'] ref_chk=['1835019872', '1069559392', '2530681925']
dlist_iterator.set medium count=81920000 reps=1 sample=2 order=ABC bendA=201000000 bendB=106000000 bendC=0 refA=206201000 refB=100836000 refC=34000 bend_chk=['1835019872', '1069559392', '2530681925'] ref_chk=['1835019872', '1069559392', '2530681925']
dlist_iterator.set medium count=81920000 reps=1 sample=3 order=CBA bendA=200000000 bendB=100000000 bendC=0 refA=202824000 refB=100731000 refC=36000 bend_chk=['1835019872', '1069559392', '2530681925'] ref_chk=['1835019872', '1069559392', '2530681925']
dlist_iterator.set medium count=81920000 reps=1 sample=4 order=ABC bendA=204000000 bendB=104000000 bendC=0 refA=199970000 refB=99385000 refC=25000 bend_chk=['1835019872', '1069559392', '2530681925'] ref_chk=['1835019872', '1069559392', '2530681925']
dlist_iterator.set medium count=81920000 reps=1 sample=5 order=CBA bendA=200000000 bendB=100000000 bendC=1000000 refA=196837000 refB=98150000 refC=36000 bend_chk=['1835019872', '1069559392', '2530681925'] ref_chk=['1835019872', '1069559392', '2530681925']
dlist_iterator.set large calibrate count=10000 reps=1 bend_delta=0ns ref_delta=-9000ns bendA=1000000ns
dlist_iterator.set large calibrate count=640000 reps=1 bend_delta=0ns ref_delta=831000ns bendA=2000000ns
dlist_iterator.set large calibrate count=40960000 reps=1 bend_delta=52000000ns ref_delta=49380000ns bendA=103000000ns
dlist_iterator.set large calibrate count=81920000 reps=1 bend_delta=106000000ns ref_delta=115370000ns bendA=208000000ns
dlist_iterator.set large count=81920000 reps=1 sample=0 order=ABC bendA=219000000 bendB=110000000 bendC=1000000 refA=226879000 refB=112419000 refC=562000 bend_chk=['1536799104', '3015291264', '2879635417'] ref_chk=['1536799104', '3015291264', '2879635417']
dlist_iterator.set large count=81920000 reps=1 sample=1 order=CBA bendA=216000000 bendB=108000000 bendC=1000000 refA=216317000 refB=108390000 refC=533000 bend_chk=['1536799104', '3015291264', '2879635417'] ref_chk=['1536799104', '3015291264', '2879635417']
dlist_iterator.set large count=81920000 reps=1 sample=2 order=ABC bendA=210000000 bendB=103000000 bendC=1000000 refA=204274000 refB=102217000 refC=508000 bend_chk=['1536799104', '3015291264', '2879635417'] ref_chk=['1536799104', '3015291264', '2879635417']
dlist_iterator.set large count=81920000 reps=1 sample=3 order=CBA bendA=201000000 bendB=101000000 bendC=1000000 refA=206426000 refB=100275000 refC=498000 bend_chk=['1536799104', '3015291264', '2879635417'] ref_chk=['1536799104', '3015291264', '2879635417']
dlist_iterator.set large count=81920000 reps=1 sample=4 order=ABC bendA=201000000 bendB=101000000 bendC=1000000 refA=203090000 refB=101603000 refC=505000 bend_chk=['1536799104', '3015291264', '2879635417'] ref_chk=['1536799104', '3015291264', '2879635417']
dlist_iterator.set large count=81920000 reps=1 sample=5 order=CBA bendA=201000000 bendB=101000000 bendC=1000000 refA=203207000 refB=100850000 refC=521000 bend_chk=['1536799104', '3015291264', '2879635417'] ref_chk=['1536799104', '3015291264', '2879635417']
dlist_iterator.add small calibrate count=50000 reps=1 bend_delta=0ns ref_delta=366000ns bendA=1000000ns
dlist_iterator.add small calibrate count=3200000 reps=1 bend_delta=30000000ns ref_delta=22173000ns bendA=59000000ns
dlist_iterator.add small calibrate count=12800000 reps=1 bend_delta=120000000ns ref_delta=86950000ns bendA=243000000ns
dlist_iterator.add small count=12800000 reps=1 sample=0 order=ABC bendA=250000000 bendB=122000000 bendC=0 refA=185038000 refB=90813000 refC=1000 bend_chk=['2892177005', '155227757', '2954759789'] ref_chk=['2892177005', '155227757', '2954759789']
dlist_iterator.add small count=12800000 reps=1 sample=1 order=CBA bendA=249000000 bendB=120000000 bendC=0 refA=186124000 refB=94545000 refC=5000 bend_chk=['2892177005', '155227757', '2954759789'] ref_chk=['2892177005', '155227757', '2954759789']
dlist_iterator.add small count=12800000 reps=1 sample=2 order=ABC bendA=245000000 bendB=126000000 bendC=0 refA=176581000 refB=88043000 refC=2000 bend_chk=['2892177005', '155227757', '2954759789'] ref_chk=['2892177005', '155227757', '2954759789']
dlist_iterator.add small count=12800000 reps=1 sample=3 order=CBA bendA=251000000 bendB=125000000 bendC=0 refA=189187000 refB=95286000 refC=4000 bend_chk=['2892177005', '155227757', '2954759789'] ref_chk=['2892177005', '155227757', '2954759789']
dlist_iterator.add small count=12800000 reps=1 sample=4 order=ABC bendA=251000000 bendB=125000000 bendC=0 refA=183585000 refB=93772000 refC=4000 bend_chk=['2892177005', '155227757', '2954759789'] ref_chk=['2892177005', '155227757', '2954759789']
dlist_iterator.add small count=12800000 reps=1 sample=5 order=CBA bendA=262000000 bendB=126000000 bendC=0 refA=191893000 refB=96214000 refC=6000 bend_chk=['2892177005', '155227757', '2954759789'] ref_chk=['2892177005', '155227757', '2954759789']
dlist_iterator.add medium calibrate count=20000 reps=1 bend_delta=1000000ns ref_delta=148000ns bendA=1000000ns
dlist_iterator.add medium calibrate count=1280000 reps=1 bend_delta=14000000ns ref_delta=9445000ns bendA=26000000ns
dlist_iterator.add medium calibrate count=10240000 reps=1 bend_delta=100000000ns ref_delta=75515000ns bendA=201000000ns
dlist_iterator.add medium count=10240000 reps=1 sample=0 order=ABC bendA=200000000 bendB=101000000 bendC=0 refA=151305000 refB=76062000 refC=59000 bend_chk=['2149873409', '3342751489', '777533185'] ref_chk=['2149873409', '3342751489', '777533185']
dlist_iterator.add medium count=10240000 reps=1 sample=1 order=CBA bendA=198000000 bendB=101000000 bendC=0 refA=151135000 refB=74782000 refC=39000 bend_chk=['2149873409', '3342751489', '777533185'] ref_chk=['2149873409', '3342751489', '777533185']
dlist_iterator.add medium count=10240000 reps=1 sample=2 order=ABC bendA=195000000 bendB=97000000 bendC=0 refA=143743000 refB=74454000 refC=34000 bend_chk=['2149873409', '3342751489', '777533185'] ref_chk=['2149873409', '3342751489', '777533185']
dlist_iterator.add medium count=10240000 reps=1 sample=3 order=CBA bendA=195000000 bendB=98000000 bendC=0 refA=151203000 refB=74077000 refC=51000 bend_chk=['2149873409', '3342751489', '777533185'] ref_chk=['2149873409', '3342751489', '777533185']
dlist_iterator.add medium count=10240000 reps=1 sample=4 order=ABC bendA=198000000 bendB=99000000 bendC=0 refA=142865000 refB=74293000 refC=84000 bend_chk=['2149873409', '3342751489', '777533185'] ref_chk=['2149873409', '3342751489', '777533185']
dlist_iterator.add medium count=10240000 reps=1 sample=5 order=CBA bendA=196000000 bendB=95000000 bendC=0 refA=164881000 refB=71457000 refC=39000 bend_chk=['2149873409', '3342751489', '777533185'] ref_chk=['2149873409', '3342751489', '777533185']
dlist_iterator.add large calibrate count=10000 reps=1 bend_delta=1000000ns ref_delta=71000ns bendA=2000000ns
dlist_iterator.add large calibrate count=640000 reps=1 bend_delta=6000000ns ref_delta=4802000ns bendA=14000000ns
dlist_iterator.add large calibrate count=10880000 reps=1 bend_delta=108000000ns ref_delta=82720000ns bendA=216000000ns
dlist_iterator.add large count=10880000 reps=1 sample=0 order=ABC bendA=206000000 bendB=102000000 bendC=1000000 refA=160019000 refB=80768000 refC=524000 bend_chk=['3602458261', '2159246485', '2572014229'] ref_chk=['3602458261', '2159246485', '2572014229']
dlist_iterator.add large count=10880000 reps=1 sample=1 order=CBA bendA=215000000 bendB=108000000 bendC=1000000 refA=159464000 refB=81087000 refC=554000 bend_chk=['3602458261', '2159246485', '2572014229'] ref_chk=['3602458261', '2159246485', '2572014229']
dlist_iterator.add large count=10880000 reps=1 sample=2 order=ABC bendA=212000000 bendB=108000000 bendC=2000000 refA=157050000 refB=76535000 refC=520000 bend_chk=['3602458261', '2159246485', '2572014229'] ref_chk=['3602458261', '2159246485', '2572014229']
dlist_iterator.add large count=10880000 reps=1 sample=3 order=CBA bendA=203000000 bendB=102000000 bendC=1000000 refA=157727000 refB=76194000 refC=529000 bend_chk=['3602458261', '2159246485', '2572014229'] ref_chk=['3602458261', '2159246485', '2572014229']
dlist_iterator.add large count=10880000 reps=1 sample=4 order=ABC bendA=212000000 bendB=109000000 bendC=1000000 refA=161331000 refB=76797000 refC=492000 bend_chk=['3602458261', '2159246485', '2572014229'] ref_chk=['3602458261', '2159246485', '2572014229']
dlist_iterator.add large count=10880000 reps=1 sample=5 order=CBA bendA=207000000 bendB=103000000 bendC=2000000 refA=153809000 refB=78432000 refC=519000 bend_chk=['3602458261', '2159246485', '2572014229'] ref_chk=['3602458261', '2159246485', '2572014229']
dlist_iterator.remove small calibrate count=50000 reps=1 bend_delta=1000000ns ref_delta=340000ns bendA=1000000ns
dlist_iterator.remove small calibrate count=3200000 reps=1 bend_delta=29000000ns ref_delta=22701000ns bendA=59000000ns
dlist_iterator.remove small calibrate count=12800000 reps=1 bend_delta=123000000ns ref_delta=104704000ns bendA=270000000ns
dlist_iterator.remove small count=12800000 reps=1 sample=0 order=ABC bendA=260000000 bendB=140000000 bendC=0 refA=206282000 refB=112214000 refC=15000 bend_chk=['2104692009', '841033001', '684670249'] ref_chk=['2104692009', '841033001', '684670249']
dlist_iterator.remove small count=12800000 reps=1 sample=1 order=CBA bendA=272000000 bendB=146000000 bendC=0 refA=206636000 refB=102682000 refC=5000 bend_chk=['2104692009', '841033001', '684670249'] ref_chk=['2104692009', '841033001', '684670249']
dlist_iterator.remove small count=12800000 reps=1 sample=2 order=ABC bendA=279000000 bendB=146000000 bendC=0 refA=211238000 refB=113051000 refC=5000 bend_chk=['2104692009', '841033001', '684670249'] ref_chk=['2104692009', '841033001', '684670249']
dlist_iterator.remove small count=12800000 reps=1 sample=3 order=CBA bendA=279000000 bendB=149000000 bendC=0 refA=200664000 refB=101157000 refC=5000 bend_chk=['2104692009', '841033001', '684670249'] ref_chk=['2104692009', '841033001', '684670249']
dlist_iterator.remove small count=12800000 reps=1 sample=4 order=ABC bendA=252000000 bendB=126000000 bendC=0 refA=189430000 refB=95197000 refC=1000 bend_chk=['2104692009', '841033001', '684670249'] ref_chk=['2104692009', '841033001', '684670249']
dlist_iterator.remove small count=12800000 reps=1 sample=5 order=CBA bendA=256000000 bendB=125000000 bendC=0 refA=188842000 refB=95862000 refC=5000 bend_chk=['2104692009', '841033001', '684670249'] ref_chk=['2104692009', '841033001', '684670249']
dlist_iterator.remove medium calibrate count=20000 reps=1 bend_delta=-1000000ns ref_delta=156000ns bendA=0ns
dlist_iterator.remove medium calibrate count=1280000 reps=1 bend_delta=13000000ns ref_delta=9434000ns bendA=25000000ns
dlist_iterator.remove medium calibrate count=10240000 reps=1 bend_delta=96000000ns ref_delta=68752000ns bendA=194000000ns
dlist_iterator.remove medium calibrate count=20480000 reps=1 bend_delta=208000000ns ref_delta=143368000ns bendA=409000000ns
dlist_iterator.remove medium count=20480000 reps=1 sample=0 order=ABC bendA=399000000 bendB=202000000 bendC=0 refA=299519000 refB=150023000 refC=79000 bend_chk=['846186941', '3156511165', '3319351741'] ref_chk=['846186941', '3156511165', '3319351741']
dlist_iterator.remove medium count=20480000 reps=1 sample=1 order=CBA bendA=402000000 bendB=200000000 bendC=0 refA=297208000 refB=151001000 refC=36000 bend_chk=['846186941', '3156511165', '3319351741'] ref_chk=['846186941', '3156511165', '3319351741']
dlist_iterator.remove medium count=20480000 reps=1 sample=2 order=ABC bendA=395000000 bendB=201000000 bendC=1000000 refA=302193000 refB=150016000 refC=36000 bend_chk=['846186941', '3156511165', '3319351741'] ref_chk=['846186941', '3156511165', '3319351741']
dlist_iterator.remove medium count=20480000 reps=1 sample=3 order=CBA bendA=393000000 bendB=196000000 bendC=0 refA=324230000 refB=151630000 refC=39000 bend_chk=['846186941', '3156511165', '3319351741'] ref_chk=['846186941', '3156511165', '3319351741']
dlist_iterator.remove medium count=20480000 reps=1 sample=4 order=ABC bendA=402000000 bendB=201000000 bendC=0 refA=303391000 refB=150754000 refC=40000 bend_chk=['846186941', '3156511165', '3319351741'] ref_chk=['846186941', '3156511165', '3319351741']
dlist_iterator.remove medium count=20480000 reps=1 sample=5 order=CBA bendA=401000000 bendB=198000000 bendC=0 refA=307587000 refB=162303000 refC=37000 bend_chk=['846186941', '3156511165', '3319351741'] ref_chk=['846186941', '3156511165', '3319351741']
dlist_iterator.remove large calibrate count=10000 reps=1 bend_delta=0ns ref_delta=61000ns bendA=2000000ns
dlist_iterator.remove large calibrate count=640000 reps=1 bend_delta=5000000ns ref_delta=4592000ns bendA=13000000ns
dlist_iterator.remove large calibrate count=13440000 reps=1 bend_delta=126000000ns ref_delta=98560000ns bendA=259000000ns
dlist_iterator.remove large count=13440000 reps=1 sample=0 order=ABC bendA=266000000 bendB=131000000 bendC=1000000 refA=204638000 refB=101115000 refC=551000 bend_chk=['2876389713', '3131379537', '2264393041'] ref_chk=['2876389713', '3131379537', '2264393041']
dlist_iterator.remove large count=13440000 reps=1 sample=1 order=CBA bendA=276000000 bendB=134000000 bendC=1000000 refA=201544000 refB=106303000 refC=569000 bend_chk=['2876389713', '3131379537', '2264393041'] ref_chk=['2876389713', '3131379537', '2264393041']
dlist_iterator.remove large count=13440000 reps=1 sample=2 order=ABC bendA=276000000 bendB=142000000 bendC=1000000 refA=200137000 refB=100399000 refC=589000 bend_chk=['2876389713', '3131379537', '2264393041'] ref_chk=['2876389713', '3131379537', '2264393041']
dlist_iterator.remove large count=13440000 reps=1 sample=3 order=CBA bendA=288000000 bendB=146000000 bendC=2000000 refA=200117000 refB=99980000 refC=533000 bend_chk=['2876389713', '3131379537', '2264393041'] ref_chk=['2876389713', '3131379537', '2264393041']
dlist_iterator.remove large count=13440000 reps=1 sample=4 order=ABC bendA=266000000 bendB=133000000 bendC=1000000 refA=199503000 refB=100493000 refC=598000 bend_chk=['2876389713', '3131379537', '2264393041'] ref_chk=['2876389713', '3131379537', '2264393041']
dlist_iterator.remove large count=13440000 reps=1 sample=5 order=CBA bendA=265000000 bendB=134000000 bendC=1000000 refA=198625000 refB=100179000 refC=534000 bend_chk=['2876389713', '3131379537', '2264393041'] ref_chk=['2876389713', '3131379537', '2264393041']
dlist_iterator.has_next small calibrate count=50000 reps=1 bend_delta=1000000ns ref_delta=63000ns bendA=1000000ns
dlist_iterator.has_next small calibrate count=3200000 reps=1 bend_delta=4000000ns ref_delta=3893000ns bendA=8000000ns
dlist_iterator.has_next small calibrate count=83200000 reps=1 bend_delta=104000000ns ref_delta=91424000ns bendA=199000000ns
dlist_iterator.has_next small count=83200000 reps=1 sample=0 order=ABC bendA=184000000 bendB=92000000 bendC=0 refA=187214000 refB=93138000 refC=21000 bend_chk=['452066277', '968438757', '2709548005'] ref_chk=['452066277', '968438757', '2709548005']
dlist_iterator.has_next small count=83200000 reps=1 sample=1 order=CBA bendA=181000000 bendB=92000000 bendC=0 refA=185872000 refB=90819000 refC=3000 bend_chk=['452066277', '968438757', '2709548005'] ref_chk=['452066277', '968438757', '2709548005']
dlist_iterator.has_next small count=83200000 reps=1 sample=2 order=ABC bendA=178000000 bendB=86000000 bendC=0 refA=178144000 refB=94181000 refC=21000 bend_chk=['452066277', '968438757', '2709548005'] ref_chk=['452066277', '968438757', '2709548005']
dlist_iterator.has_next small count=83200000 reps=1 sample=3 order=CBA bendA=177000000 bendB=92000000 bendC=0 refA=185824000 refB=90543000 refC=4000 bend_chk=['452066277', '968438757', '2709548005'] ref_chk=['452066277', '968438757', '2709548005']
dlist_iterator.has_next small count=83200000 reps=1 sample=4 order=ABC bendA=178000000 bendB=88000000 bendC=0 refA=182308000 refB=92407000 refC=21000 bend_chk=['452066277', '968438757', '2709548005'] ref_chk=['452066277', '968438757', '2709548005']
dlist_iterator.has_next small count=83200000 reps=1 sample=5 order=CBA bendA=177000000 bendB=92000000 bendC=0 refA=186346000 refB=92139000 refC=4000 bend_chk=['452066277', '968438757', '2709548005'] ref_chk=['452066277', '968438757', '2709548005']
dlist_iterator.has_next medium calibrate count=20000 reps=1 bend_delta=0ns ref_delta=28000ns bendA=0ns
dlist_iterator.has_next medium calibrate count=1280000 reps=1 bend_delta=2000000ns ref_delta=1430000ns bendA=3000000ns
dlist_iterator.has_next medium calibrate count=65280000 reps=1 bend_delta=70000000ns ref_delta=70398000ns bendA=140000000ns
dlist_iterator.has_next medium calibrate count=130560000 reps=1 bend_delta=138000000ns ref_delta=150913000ns bendA=283000000ns
dlist_iterator.has_next medium count=130560000 reps=1 sample=0 order=ABC bendA=284000000 bendB=143000000 bendC=0 refA=290912000 refB=145671000 refC=33000 bend_chk=['199703673', '2325793913', '1566203001'] ref_chk=['199703673', '2325793913', '1566203001']
dlist_iterator.has_next medium count=130560000 reps=1 sample=1 order=CBA bendA=288000000 bendB=144000000 bendC=0 refA=318455000 refB=161143000 refC=32000 bend_chk=['199703673', '2325793913', '1566203001'] ref_chk=['199703673', '2325793913', '1566203001']
dlist_iterator.has_next medium count=130560000 reps=1 sample=2 order=ABC bendA=302000000 bendB=151000000 bendC=0 refA=310255000 refB=161381000 refC=35000 bend_chk=['199703673', '2325793913', '1566203001'] ref_chk=['199703673', '2325793913', '1566203001']
dlist_iterator.has_next medium count=130560000 reps=1 sample=3 order=CBA bendA=303000000 bendB=154000000 bendC=0 refA=305974000 refB=151593000 refC=33000 bend_chk=['199703673', '2325793913', '1566203001'] ref_chk=['199703673', '2325793913', '1566203001']
dlist_iterator.has_next medium count=130560000 reps=1 sample=4 order=ABC bendA=302000000 bendB=146000000 bendC=0 refA=301584000 refB=151453000 refC=25000 bend_chk=['199703673', '2325793913', '1566203001'] ref_chk=['199703673', '2325793913', '1566203001']
dlist_iterator.has_next medium count=130560000 reps=1 sample=5 order=CBA bendA=290000000 bendB=145000000 bendC=1000000 refA=295774000 refB=146034000 refC=33000 bend_chk=['199703673', '2325793913', '1566203001'] ref_chk=['199703673', '2325793913', '1566203001']
dlist_iterator.has_next large calibrate count=10000 reps=1 bend_delta=0ns ref_delta=19000ns bendA=1000000ns
dlist_iterator.has_next large calibrate count=640000 reps=1 bend_delta=0ns ref_delta=755000ns bendA=2000000ns
dlist_iterator.has_next large calibrate count=40960000 reps=1 bend_delta=46000000ns ref_delta=44369000ns bendA=92000000ns
dlist_iterator.has_next large calibrate count=122880000 reps=1 bend_delta=136000000ns ref_delta=135993000ns bendA=273000000ns
dlist_iterator.has_next large count=122880000 reps=1 sample=0 order=ABC bendA=273000000 bendB=131000000 bendC=1000000 refA=268811000 refB=137719000 refC=397000 bend_chk=['560461837', '1258616845', '1956771853'] ref_chk=['560461837', '1258616845', '1956771853']
dlist_iterator.has_next large count=122880000 reps=1 sample=1 order=CBA bendA=265000000 bendB=136000000 bendC=1000000 refA=276342000 refB=135450000 refC=433000 bend_chk=['560461837', '1258616845', '1956771853'] ref_chk=['560461837', '1258616845', '1956771853']
dlist_iterator.has_next large count=122880000 reps=1 sample=2 order=ABC bendA=266000000 bendB=131000000 bendC=1000000 refA=273439000 refB=139611000 refC=463000 bend_chk=['560461837', '1258616845', '1956771853'] ref_chk=['560461837', '1258616845', '1956771853']
dlist_iterator.has_next large count=122880000 reps=1 sample=3 order=CBA bendA=263000000 bendB=136000000 bendC=1000000 refA=276094000 refB=138778000 refC=444000 bend_chk=['560461837', '1258616845', '1956771853'] ref_chk=['560461837', '1258616845', '1956771853']
dlist_iterator.has_next large count=122880000 reps=1 sample=4 order=ABC bendA=272000000 bendB=143000000 bendC=1000000 refA=304477000 refB=153241000 refC=553000 bend_chk=['560461837', '1258616845', '1956771853'] ref_chk=['560461837', '1258616845', '1956771853']
dlist_iterator.has_next large count=122880000 reps=1 sample=5 order=CBA bendA=285000000 bendB=149000000 bendC=2000000 refA=330089000 refB=154309000 refC=518000 bend_chk=['560461837', '1258616845', '1956771853'] ref_chk=['560461837', '1258616845', '1956771853']
dlist_iterator.has_previous small calibrate count=50000 reps=1 bend_delta=0ns ref_delta=87000ns bendA=0ns
dlist_iterator.has_previous small calibrate count=3200000 reps=1 bend_delta=4000000ns ref_delta=4650000ns bendA=8000000ns
dlist_iterator.has_previous small calibrate count=83200000 reps=1 bend_delta=107000000ns ref_delta=109586000ns bendA=208000000ns
dlist_iterator.has_previous small count=83200000 reps=1 sample=0 order=ABC bendA=216000000 bendB=102000000 bendC=0 refA=218846000 refB=123730000 refC=24000 bend_chk=['2049567393', '531481249', '439458465'] ref_chk=['2049567393', '531481249', '439458465']
dlist_iterator.has_previous small count=83200000 reps=1 sample=1 order=CBA bendA=206000000 bendB=110000000 bendC=0 refA=202456000 refB=102694000 refC=4000 bend_chk=['2049567393', '531481249', '439458465'] ref_chk=['2049567393', '531481249', '439458465']
dlist_iterator.has_previous small count=83200000 reps=1 sample=2 order=ABC bendA=193000000 bendB=98000000 bendC=0 refA=203574000 refB=102518000 refC=31000 bend_chk=['2049567393', '531481249', '439458465'] ref_chk=['2049567393', '531481249', '439458465']
dlist_iterator.has_previous small count=83200000 reps=1 sample=3 order=CBA bendA=192000000 bendB=98000000 bendC=0 refA=193722000 refB=94623000 refC=4000 bend_chk=['2049567393', '531481249', '439458465'] ref_chk=['2049567393', '531481249', '439458465']
dlist_iterator.has_previous small count=83200000 reps=1 sample=4 order=ABC bendA=186000000 bendB=96000000 bendC=0 refA=192840000 refB=96468000 refC=2000 bend_chk=['2049567393', '531481249', '439458465'] ref_chk=['2049567393', '531481249', '439458465']
dlist_iterator.has_previous small count=83200000 reps=1 sample=5 order=CBA bendA=184000000 bendB=92000000 bendC=0 refA=185269000 refB=92328000 refC=4000 bend_chk=['2049567393', '531481249', '439458465'] ref_chk=['2049567393', '531481249', '439458465']
dlist_iterator.has_previous medium calibrate count=20000 reps=1 bend_delta=0ns ref_delta=69000ns bendA=0ns
dlist_iterator.has_previous medium calibrate count=1280000 reps=1 bend_delta=1000000ns ref_delta=1417000ns bendA=3000000ns
dlist_iterator.has_previous medium calibrate count=81920000 reps=1 bend_delta=90000000ns ref_delta=89578000ns bendA=181000000ns
dlist_iterator.has_previous medium calibrate count=163840000 reps=1 bend_delta=170000000ns ref_delta=187696000ns bendA=352000000ns
dlist_iterator.has_previous medium count=163840000 reps=1 sample=0 order=ABC bendA=356000000 bendB=176000000 bendC=0 refA=368371000 refB=183788000 refC=43000 bend_chk=['941846325', '2524933941', '4108021557'] ref_chk=['941846325', '2524933941', '4108021557']
dlist_iterator.has_previous medium count=163840000 reps=1 sample=1 order=CBA bendA=351000000 bendB=182000000 bendC=0 refA=369312000 refB=183921000 refC=30000 bend_chk=['941846325', '2524933941', '4108021557'] ref_chk=['941846325', '2524933941', '4108021557']
dlist_iterator.has_previous medium count=163840000 reps=1 sample=2 order=ABC bendA=361000000 bendB=178000000 bendC=0 refA=368280000 refB=186266000 refC=69000 bend_chk=['941846325', '2524933941', '4108021557'] ref_chk=['941846325', '2524933941', '4108021557']
dlist_iterator.has_previous medium count=163840000 reps=1 sample=3 order=CBA bendA=367000000 bendB=182000000 bendC=0 refA=404807000 refB=193724000 refC=36000 bend_chk=['941846325', '2524933941', '4108021557'] ref_chk=['941846325', '2524933941', '4108021557']
dlist_iterator.has_previous medium count=163840000 reps=1 sample=4 order=ABC bendA=383000000 bendB=190000000 bendC=0 refA=401233000 refB=199493000 refC=42000 bend_chk=['941846325', '2524933941', '4108021557'] ref_chk=['941846325', '2524933941', '4108021557']
dlist_iterator.has_previous medium count=163840000 reps=1 sample=5 order=CBA bendA=368000000 bendB=191000000 bendC=1000000 refA=383391000 refB=190426000 refC=45000 bend_chk=['941846325', '2524933941', '4108021557'] ref_chk=['941846325', '2524933941', '4108021557']
dlist_iterator.has_previous large calibrate count=10000 reps=1 bend_delta=0ns ref_delta=101000ns bendA=1000000ns
dlist_iterator.has_previous large calibrate count=640000 reps=1 bend_delta=0ns ref_delta=682000ns bendA=2000000ns
dlist_iterator.has_previous large calibrate count=40960000 reps=1 bend_delta=48000000ns ref_delta=46758000ns bendA=96000000ns
dlist_iterator.has_previous large calibrate count=122880000 reps=1 bend_delta=147000000ns ref_delta=145150000ns bendA=284000000ns
dlist_iterator.has_previous large count=122880000 reps=1 sample=0 order=ABC bendA=276000000 bendB=137000000 bendC=1000000 refA=276205000 refB=140879000 refC=395000 bend_chk=['932842185', '1290996425', '1649150665'] ref_chk=['932842185', '1290996425', '1649150665']
dlist_iterator.has_previous large count=122880000 reps=1 sample=1 order=CBA bendA=272000000 bendB=138000000 bendC=1000000 refA=277090000 refB=139972000 refC=459000 bend_chk=['932842185', '1290996425', '1649150665'] ref_chk=['932842185', '1290996425', '1649150665']
dlist_iterator.has_previous large count=122880000 reps=1 sample=2 order=ABC bendA=273000000 bendB=134000000 bendC=1000000 refA=272707000 refB=136610000 refC=396000 bend_chk=['932842185', '1290996425', '1649150665'] ref_chk=['932842185', '1290996425', '1649150665']
dlist_iterator.has_previous large count=122880000 reps=1 sample=3 order=CBA bendA=274000000 bendB=139000000 bendC=2000000 refA=274459000 refB=138136000 refC=480000 bend_chk=['932842185', '1290996425', '1649150665'] ref_chk=['932842185', '1290996425', '1649150665']
dlist_iterator.has_previous large count=122880000 reps=1 sample=4 order=ABC bendA=274000000 bendB=137000000 bendC=1000000 refA=274494000 refB=142270000 refC=510000 bend_chk=['932842185', '1290996425', '1649150665'] ref_chk=['932842185', '1290996425', '1649150665']
dlist_iterator.has_previous large count=122880000 reps=1 sample=5 order=CBA bendA=272000000 bendB=137000000 bendC=2000000 refA=273141000 refB=139031000 refC=466000 bend_chk=['932842185', '1290996425', '1649150665'] ref_chk=['932842185', '1290996425', '1649150665']
dlist_iterator.position small calibrate count=50000 reps=1 bend_delta=0ns ref_delta=61000ns bendA=0ns
dlist_iterator.position small calibrate count=3200000 reps=1 bend_delta=5000000ns ref_delta=3702000ns bendA=8000000ns
dlist_iterator.position small calibrate count=67200000 reps=1 bend_delta=78000000ns ref_delta=77747000ns bendA=156000000ns
dlist_iterator.position small calibrate count=134400000 reps=1 bend_delta=157000000ns ref_delta=170198000ns bendA=316000000ns
dlist_iterator.position small count=134400000 reps=1 sample=0 order=ABC bendA=321000000 bendB=155000000 bendC=0 refA=319812000 refB=166138000 refC=4000 bend_chk=['1587304797', '4165981', '2464336221'] ref_chk=['1587304797', '4165981', '2464336221']
dlist_iterator.position small count=134400000 reps=1 sample=1 order=CBA bendA=301000000 bendB=155000000 bendC=0 refA=309510000 refB=152269000 refC=4000 bend_chk=['1587304797', '4165981', '2464336221'] ref_chk=['1587304797', '4165981', '2464336221']
dlist_iterator.position small count=134400000 reps=1 sample=2 order=ABC bendA=300000000 bendB=149000000 bendC=0 refA=303636000 refB=153120000 refC=23000 bend_chk=['1587304797', '4165981', '2464336221'] ref_chk=['1587304797', '4165981', '2464336221']
dlist_iterator.position small count=134400000 reps=1 sample=3 order=CBA bendA=297000000 bendB=148000000 bendC=0 refA=306563000 refB=151522000 refC=12000 bend_chk=['1587304797', '4165981', '2464336221'] ref_chk=['1587304797', '4165981', '2464336221']
dlist_iterator.position small count=134400000 reps=1 sample=4 order=ABC bendA=298000000 bendB=147000000 bendC=0 refA=300572000 refB=149033000 refC=2000 bend_chk=['1587304797', '4165981', '2464336221'] ref_chk=['1587304797', '4165981', '2464336221']
dlist_iterator.position small count=134400000 reps=1 sample=5 order=CBA bendA=289000000 bendB=149000000 bendC=0 refA=303745000 refB=148629000 refC=4000 bend_chk=['1587304797', '4165981', '2464336221'] ref_chk=['1587304797', '4165981', '2464336221']
dlist_iterator.position medium calibrate count=20000 reps=1 bend_delta=0ns ref_delta=27000ns bendA=0ns
dlist_iterator.position medium calibrate count=1280000 reps=1 bend_delta=2000000ns ref_delta=1410000ns bendA=3000000ns
dlist_iterator.position medium calibrate count=65280000 reps=1 bend_delta=71000000ns ref_delta=70242000ns bendA=144000000ns
dlist_iterator.position medium calibrate count=130560000 reps=1 bend_delta=141000000ns ref_delta=148289000ns bendA=285000000ns
dlist_iterator.position medium count=130560000 reps=1 sample=0 order=ABC bendA=285000000 bendB=140000000 bendC=0 refA=292701000 refB=148040000 refC=22000 bend_chk=['3507118577', '1421046257', '2354872817'] ref_chk=['3507118577', '1421046257', '2354872817']
dlist_iterator.position medium count=130560000 reps=1 sample=1 order=CBA bendA=284000000 bendB=145000000 bendC=0 refA=297095000 refB=145616000 refC=35000 bend_chk=['3507118577', '1421046257', '2354872817'] ref_chk=['3507118577', '1421046257', '2354872817']
dlist_iterator.position medium count=130560000 reps=1 sample=2 order=ABC bendA=288000000 bendB=140000000 bendC=0 refA=289755000 refB=147088000 refC=21000 bend_chk=['3507118577', '1421046257', '2354872817'] ref_chk=['3507118577', '1421046257', '2354872817']
dlist_iterator.position medium count=130560000 reps=1 sample=3 order=CBA bendA=285000000 bendB=145000000 bendC=0 refA=328130000 refB=149064000 refC=39000 bend_chk=['3507118577', '1421046257', '2354872817'] ref_chk=['3507118577', '1421046257', '2354872817']
dlist_iterator.position medium count=130560000 reps=1 sample=4 order=ABC bendA=332000000 bendB=166000000 bendC=0 refA=355434000 refB=176591000 refC=71000 bend_chk=['3507118577', '1421046257', '2354872817'] ref_chk=['3507118577', '1421046257', '2354872817']
dlist_iterator.position medium count=130560000 reps=1 sample=5 order=CBA bendA=335000000 bendB=165000000 bendC=0 refA=336182000 refB=166412000 refC=49000 bend_chk=['3507118577', '1421046257', '2354872817'] ref_chk=['3507118577', '1421046257', '2354872817']
dlist_iterator.position large calibrate count=10000 reps=1 bend_delta=0ns ref_delta=5000ns bendA=1000000ns
dlist_iterator.position large calibrate count=640000 reps=1 bend_delta=0ns ref_delta=937000ns bendA=2000000ns
dlist_iterator.position large calibrate count=40960000 reps=1 bend_delta=50000000ns ref_delta=49336000ns bendA=101000000ns
dlist_iterator.position large calibrate count=122880000 reps=1 bend_delta=139000000ns ref_delta=186028000ns bendA=285000000ns
dlist_iterator.position large count=122880000 reps=1 sample=0 order=ABC bendA=299000000 bendB=141000000 bendC=1000000 refA=285946000 refB=144124000 refC=481000 bend_chk=['1305222533', '1323376005', '1341529477'] ref_chk=['1305222533', '1323376005', '1341529477']
dlist_iterator.position large count=122880000 reps=1 sample=1 order=CBA bendA=276000000 bendB=143000000 bendC=2000000 refA=312937000 refB=146206000 refC=462000 bend_chk=['1305222533', '1323376005', '1341529477'] ref_chk=['1305222533', '1323376005', '1341529477']
dlist_iterator.position large count=122880000 reps=1 sample=2 order=ABC bendA=303000000 bendB=145000000 bendC=0 refA=304787000 refB=158395000 refC=625000 bend_chk=['1305222533', '1323376005', '1341529477'] ref_chk=['1305222533', '1323376005', '1341529477']
dlist_iterator.position large count=122880000 reps=1 sample=3 order=CBA bendA=290000000 bendB=151000000 bendC=1000000 refA=291939000 refB=144096000 refC=479000 bend_chk=['1305222533', '1323376005', '1341529477'] ref_chk=['1305222533', '1323376005', '1341529477']
dlist_iterator.position large count=122880000 reps=1 sample=4 order=ABC bendA=281000000 bendB=138000000 bendC=1000000 refA=289616000 refB=147575000 refC=484000 bend_chk=['1305222533', '1323376005', '1341529477'] ref_chk=['1305222533', '1323376005', '1341529477']
dlist_iterator.position large count=122880000 reps=1 sample=5 order=CBA bendA=276000000 bendB=139000000 bendC=1000000 refA=286560000 refB=142438000 refC=459000 bend_chk=['1305222533', '1323376005', '1341529477'] ref_chk=['1305222533', '1323376005', '1341529477']
dlist_iterator.finish small calibrate count=50000 reps=1 bend_delta=0ns ref_delta=191000ns bendA=0ns
dlist_iterator.finish small calibrate count=3200000 reps=1 bend_delta=19000000ns ref_delta=12235000ns bendA=36000000ns
dlist_iterator.finish small calibrate count=19200000 reps=1 bend_delta=109000000ns ref_delta=75273000ns bendA=218000000ns
dlist_iterator.finish small count=19200000 reps=1 sample=0 order=ABC bendA=217000000 bendB=115000000 bendC=0 refA=155585000 refB=74842000 refC=2000 bend_chk=['3804112921', '279515161', '194246681'] ref_chk=['3804112921', '279515161', '194246681']
dlist_iterator.finish small count=19200000 reps=1 sample=1 order=CBA bendA=228000000 bendB=109000000 bendC=0 refA=149860000 refB=78970000 refC=5000 bend_chk=['3804112921', '279515161', '194246681'] ref_chk=['3804112921', '279515161', '194246681']
dlist_iterator.finish small count=19200000 reps=1 sample=2 order=ABC bendA=227000000 bendB=120000000 bendC=0 refA=159986000 refB=76205000 refC=1000 bend_chk=['3804112921', '279515161', '194246681'] ref_chk=['3804112921', '279515161', '194246681']
dlist_iterator.finish small count=19200000 reps=1 sample=3 order=CBA bendA=227000000 bendB=111000000 bendC=0 refA=149940000 refB=75011000 refC=4000 bend_chk=['3804112921', '279515161', '194246681'] ref_chk=['3804112921', '279515161', '194246681']
dlist_iterator.finish small count=19200000 reps=1 sample=4 order=ABC bendA=221000000 bendB=116000000 bendC=0 refA=153399000 refB=74940000 refC=20000 bend_chk=['3804112921', '279515161', '194246681'] ref_chk=['3804112921', '279515161', '194246681']
dlist_iterator.finish small count=19200000 reps=1 sample=5 order=CBA bendA=220000000 bendB=109000000 bendC=0 refA=149767000 refB=74932000 refC=5000 bend_chk=['3804112921', '279515161', '194246681'] ref_chk=['3804112921', '279515161', '194246681']
dlist_iterator.finish medium calibrate count=20000 reps=1 bend_delta=0ns ref_delta=86000ns bendA=0ns
dlist_iterator.finish medium calibrate count=1280000 reps=1 bend_delta=8000000ns ref_delta=4986000ns bendA=15000000ns
dlist_iterator.finish medium calibrate count=16640000 reps=1 bend_delta=90000000ns ref_delta=66270000ns bendA=191000000ns
dlist_iterator.finish medium calibrate count=33280000 reps=1 bend_delta=204000000ns ref_delta=141801000ns bendA=393000000ns
dlist_iterator.finish medium count=33280000 reps=1 sample=0 order=ABC bendA=381000000 bendB=199000000 bendC=0 refA=261519000 refB=129918000 refC=65000 bend_chk=['1101083821', '2160026797', '601724077'] ref_chk=['1101083821', '2160026797', '601724077']
dlist_iterator.finish medium count=33280000 reps=1 sample=1 order=CBA bendA=386000000 bendB=189000000 bendC=0 refA=256566000 refB=131286000 refC=38000 bend_chk=['1101083821', '2160026797', '601724077'] ref_chk=['1101083821', '2160026797', '601724077']
dlist_iterator.finish medium count=33280000 reps=1 sample=2 order=ABC bendA=389000000 bendB=191000000 bendC=0 refA=277250000 refB=139386000 refC=68000 bend_chk=['1101083821', '2160026797', '601724077'] ref_chk=['1101083821', '2160026797', '601724077']
dlist_iterator.finish medium count=33280000 reps=1 sample=3 order=CBA bendA=455000000 bendB=208000000 bendC=0 refA=278648000 refB=151716000 refC=43000 bend_chk=['1101083821', '2160026797', '601724077'] ref_chk=['1101083821', '2160026797', '601724077']
dlist_iterator.finish medium count=33280000 reps=1 sample=4 order=ABC bendA=400000000 bendB=202000000 bendC=0 refA=276315000 refB=130333000 refC=115000 bend_chk=['1101083821', '2160026797', '601724077'] ref_chk=['1101083821', '2160026797', '601724077']
dlist_iterator.finish medium count=33280000 reps=1 sample=5 order=CBA bendA=395000000 bendB=191000000 bendC=0 refA=263911000 refB=138553000 refC=41000 bend_chk=['1101083821', '2160026797', '601724077'] ref_chk=['1101083821', '2160026797', '601724077']
dlist_iterator.finish large calibrate count=10000 reps=1 bend_delta=0ns ref_delta=20000ns bendA=1000000ns
dlist_iterator.finish large calibrate count=640000 reps=1 bend_delta=3000000ns ref_delta=2545000ns bendA=8000000ns
dlist_iterator.finish large calibrate count=21760000 reps=1 bend_delta=123000000ns ref_delta=85065000ns bendA=248000000ns
dlist_iterator.finish large count=21760000 reps=1 sample=0 order=ABC bendA=249000000 bendB=124000000 bendC=1000000 refA=170714000 refB=85268000 refC=520000 bend_chk=['1106018369', '893802561', '1033908289'] ref_chk=['1106018369', '893802561', '1033908289']
dlist_iterator.finish large count=21760000 reps=1 sample=1 order=CBA bendA=259000000 bendB=125000000 bendC=1000000 refA=171317000 refB=91282000 refC=524000 bend_chk=['1106018369', '893802561', '1033908289'] ref_chk=['1106018369', '893802561', '1033908289']
dlist_iterator.finish large count=21760000 reps=1 sample=2 order=ABC bendA=252000000 bendB=133000000 bendC=1000000 refA=180888000 refB=87303000 refC=536000 bend_chk=['1106018369', '893802561', '1033908289'] ref_chk=['1106018369', '893802561', '1033908289']
dlist_iterator.finish large count=21760000 reps=1 sample=3 order=CBA bendA=276000000 bendB=127000000 bendC=2000000 refA=181626000 refB=90979000 refC=540000 bend_chk=['1106018369', '893802561', '1033908289'] ref_chk=['1106018369', '893802561', '1033908289']
dlist_iterator.finish large count=21760000 reps=1 sample=4 order=ABC bendA=257000000 bendB=131000000 bendC=1000000 refA=170620000 refB=85396000 refC=492000 bend_chk=['1106018369', '893802561', '1033908289'] ref_chk=['1106018369', '893802561', '1033908289']
dlist_iterator.finish large count=21760000 reps=1 sample=5 order=CBA bendA=255000000 bendB=124000000 bendC=2000000 refA=170631000 refB=86159000 refC=523000 bend_chk=['1106018369', '893802561', '1033908289'] ref_chk=['1106018369', '893802561', '1033908289']
