deque.push_front small calibrate count=200000 reps=1 bend_delta=0ns ref_delta=494000ns bendA=1000000ns
deque.push_front small calibrate count=200000 reps=64 bend_delta=29000000ns ref_delta=34018000ns bendA=58000000ns
deque.push_front small calibrate count=200000 reps=256 bend_delta=117000000ns ref_delta=125084000ns bendA=233000000ns
deque.push_front small count=200000 reps=256 sample=0 order=ABC bendA=233000000 bendB=116000000 bendC=0 refA=255526000 refB=133269000 refC=95000 bend_chk=['835764352', '1546535040', '1057734784'] ref_chk=['835764352', '1546535040', '1057734784']
deque.push_front small count=200000 reps=256 sample=1 order=CBA bendA=246000000 bendB=120000000 bendC=0 refA=271072000 refB=131276000 refC=101000 bend_chk=['835764352', '1546535040', '1057734784'] ref_chk=['835764352', '1546535040', '1057734784']
deque.push_front small count=200000 reps=256 sample=2 order=ABC bendA=240000000 bendB=121000000 bendC=0 refA=276595000 refB=132668000 refC=103000 bend_chk=['835764352', '1546535040', '1057734784'] ref_chk=['835764352', '1546535040', '1057734784']
deque.push_front small count=200000 reps=256 sample=3 order=CBA bendA=241000000 bendB=122000000 bendC=0 refA=268296000 refB=130688000 refC=97000 bend_chk=['835764352', '1546535040', '1057734784'] ref_chk=['835764352', '1546535040', '1057734784']
deque.push_front small count=200000 reps=256 sample=4 order=ABC bendA=237000000 bendB=119000000 bendC=0 refA=252667000 refB=126212000 refC=99000 bend_chk=['835764352', '1546535040', '1057734784'] ref_chk=['835764352', '1546535040', '1057734784']
deque.push_front small count=200000 reps=256 sample=5 order=CBA bendA=237000000 bendB=119000000 bendC=0 refA=265091000 refB=130001000 refC=94000 bend_chk=['835764352', '1546535040', '1057734784'] ref_chk=['835764352', '1546535040', '1057734784']
deque.push_front medium calibrate count=100000 reps=1 bend_delta=1000000ns ref_delta=267000ns bendA=1000000ns
deque.push_front medium calibrate count=100000 reps=64 bend_delta=14000000ns ref_delta=16791000ns bendA=30000000ns
deque.push_front medium calibrate count=100000 reps=512 bend_delta=118000000ns ref_delta=121768000ns bendA=243000000ns
deque.push_front medium count=100000 reps=512 sample=0 order=ABC bendA=243000000 bendB=125000000 bendC=8000000 refA=262752000 refB=134555000 refC=5920000 bend_chk=['704700672', '2911789312', '3848003840'] ref_chk=['704700672', '2911789312', '3848003840']
deque.push_front medium count=100000 reps=512 sample=1 order=CBA bendA=245000000 bendB=125000000 bendC=9000000 refA=264103000 refB=134623000 refC=5828000 bend_chk=['704700672', '2911789312', '3848003840'] ref_chk=['704700672', '2911789312', '3848003840']
deque.push_front medium count=100000 reps=512 sample=2 order=ABC bendA=243000000 bendB=125000000 bendC=9000000 refA=275879000 refB=135145000 refC=6036000 bend_chk=['704700672', '2911789312', '3848003840'] ref_chk=['704700672', '2911789312', '3848003840']
deque.push_front medium count=100000 reps=512 sample=3 order=CBA bendA=243000000 bendB=125000000 bendC=9000000 refA=269019000 refB=131630000 refC=5951000 bend_chk=['704700672', '2911789312', '3848003840'] ref_chk=['704700672', '2911789312', '3848003840']
deque.push_front medium count=100000 reps=512 sample=4 order=ABC bendA=245000000 bendB=125000000 bendC=9000000 refA=265339000 refB=135541000 refC=6035000 bend_chk=['704700672', '2911789312', '3848003840'] ref_chk=['704700672', '2911789312', '3848003840']
deque.push_front medium count=100000 reps=512 sample=5 order=CBA bendA=245000000 bendB=125000000 bendC=9000000 refA=267523000 refB=135277000 refC=6045000 bend_chk=['704700672', '2911789312', '3848003840'] ref_chk=['704700672', '2911789312', '3848003840']
deque.push_front large calibrate count=50000 reps=1 bend_delta=1000000ns ref_delta=108000ns bendA=2000000ns
deque.push_front large calibrate count=262144 reps=1 bend_delta=0ns ref_delta=1185000ns bendA=2000000ns
deque.push_front large calibrate count=262144 reps=64 bend_delta=52000000ns ref_delta=59162000ns bendA=147000000ns
deque.push_front large calibrate count=262144 reps=128 bend_delta=101000000ns ref_delta=114713000ns bendA=294000000ns
deque.push_front large count=262144 reps=128 sample=0 order=ABC bendA=293000000 bendB=191000000 bendC=125000000 refA=299444000 refB=190252000 refC=100561000 bend_chk=['3678072896', '2537222208', '1396371520'] ref_chk=['3678072896', '2537222208', '1396371520']
deque.push_front large count=262144 reps=128 sample=1 order=CBA bendA=292000000 bendB=191000000 bendC=125000000 refA=306384000 refB=188780000 refC=98953000 bend_chk=['3678072896', '2537222208', '1396371520'] ref_chk=['3678072896', '2537222208', '1396371520']
deque.push_front large count=262144 reps=128 sample=2 order=ABC bendA=293000000 bendB=191000000 bendC=124000000 refA=306023000 refB=182665000 refC=99370000 bend_chk=['3678072896', '2537222208', '1396371520'] ref_chk=['3678072896', '2537222208', '1396371520']
deque.push_front large count=262144 reps=128 sample=3 order=CBA bendA=292000000 bendB=191000000 bendC=126000000 refA=318393000 refB=196254000 refC=105748000 bend_chk=['3678072896', '2537222208', '1396371520'] ref_chk=['3678072896', '2537222208', '1396371520']
deque.push_front large count=262144 reps=128 sample=4 order=ABC bendA=295000000 bendB=193000000 bendC=128000000 refA=350677000 refB=188500000 refC=101011000 bend_chk=['3678072896', '2537222208', '1396371520'] ref_chk=['3678072896', '2537222208', '1396371520']
deque.push_front large count=262144 reps=128 sample=5 order=CBA bendA=295000000 bendB=191000000 bendC=125000000 refA=295069000 refB=185951000 refC=98530000 bend_chk=['3678072896', '2537222208', '1396371520'] ref_chk=['3678072896', '2537222208', '1396371520']
deque.push_back small calibrate count=200000 reps=1 bend_delta=0ns ref_delta=512000ns bendA=1000000ns
deque.push_back small calibrate count=200000 reps=64 bend_delta=29000000ns ref_delta=32409000ns bendA=59000000ns
deque.push_back small calibrate count=200000 reps=256 bend_delta=121000000ns ref_delta=126466000ns bendA=239000000ns
deque.push_back small count=200000 reps=256 sample=0 order=ABC bendA=237000000 bendB=118000000 bendC=0 refA=259511000 refB=127422000 refC=100000 bend_chk=['3945304192', '410390656', '1313050752'] ref_chk=['3945304192', '410390656', '1313050752']
deque.push_back small count=200000 reps=256 sample=1 order=CBA bendA=237000000 bendB=119000000 bendC=0 refA=248770000 refB=125322000 refC=87000 bend_chk=['3945304192', '410390656', '1313050752'] ref_chk=['3945304192', '410390656', '1313050752']
deque.push_back small count=200000 reps=256 sample=2 order=ABC bendA=239000000 bendB=118000000 bendC=0 refA=250930000 refB=126041000 refC=96000 bend_chk=['3945304192', '410390656', '1313050752'] ref_chk=['3945304192', '410390656', '1313050752']
deque.push_back small count=200000 reps=256 sample=3 order=CBA bendA=237000000 bendB=119000000 bendC=0 refA=255413000 refB=130246000 refC=89000 bend_chk=['3945304192', '410390656', '1313050752'] ref_chk=['3945304192', '410390656', '1313050752']
deque.push_back small count=200000 reps=256 sample=4 order=ABC bendA=236000000 bendB=119000000 bendC=0 refA=250566000 refB=125721000 refC=98000 bend_chk=['3945304192', '410390656', '1313050752'] ref_chk=['3945304192', '410390656', '1313050752']
deque.push_back small count=200000 reps=256 sample=5 order=CBA bendA=237000000 bendB=121000000 bendC=0 refA=249328000 refB=124635000 refC=98000 bend_chk=['3945304192', '410390656', '1313050752'] ref_chk=['3945304192', '410390656', '1313050752']
deque.push_back medium calibrate count=100000 reps=1 bend_delta=1000000ns ref_delta=245000ns bendA=1000000ns
deque.push_back medium calibrate count=100000 reps=64 bend_delta=14000000ns ref_delta=15484000ns bendA=30000000ns
deque.push_back medium calibrate count=100000 reps=512 bend_delta=117000000ns ref_delta=122162000ns bendA=244000000ns
deque.push_back medium count=100000 reps=512 sample=0 order=ABC bendA=245000000 bendB=125000000 bendC=9000000 refA=260705000 refB=135488000 refC=5950000 bend_chk=['3294658816', '2531131648', '3315302656'] ref_chk=['3294658816', '2531131648', '3315302656']
deque.push_back medium count=100000 reps=512 sample=1 order=CBA bendA=245000000 bendB=125000000 bendC=9000000 refA=253412000 refB=128138000 refC=6022000 bend_chk=['3294658816', '2531131648', '3315302656'] ref_chk=['3294658816', '2531131648', '3315302656']
deque.push_back medium count=100000 reps=512 sample=2 order=ABC bendA=260000000 bendB=144000000 bendC=9000000 refA=271619000 refB=136339000 refC=5901000 bend_chk=['3294658816', '2531131648', '3315302656'] ref_chk=['3294658816', '2531131648', '3315302656']
deque.push_back medium count=100000 reps=512 sample=3 order=CBA bendA=249000000 bendB=126000000 bendC=9000000 refA=269818000 refB=138036000 refC=6714000 bend_chk=['3294658816', '2531131648', '3315302656'] ref_chk=['3294658816', '2531131648', '3315302656']
deque.push_back medium count=100000 reps=512 sample=4 order=ABC bendA=246000000 bendB=125000000 bendC=9000000 refA=260864000 refB=136893000 refC=6123000 bend_chk=['3294658816', '2531131648', '3315302656'] ref_chk=['3294658816', '2531131648', '3315302656']
deque.push_back medium count=100000 reps=512 sample=5 order=CBA bendA=244000000 bendB=126000000 bendC=9000000 refA=259738000 refB=130193000 refC=5881000 bend_chk=['3294658816', '2531131648', '3315302656'] ref_chk=['3294658816', '2531131648', '3315302656']
deque.push_back large calibrate count=50000 reps=1 bend_delta=1000000ns ref_delta=141000ns bendA=2000000ns
deque.push_back large calibrate count=262144 reps=1 bend_delta=2000000ns ref_delta=1145000ns bendA=3000000ns
deque.push_back large calibrate count=262144 reps=51 bend_delta=41000000ns ref_delta=57913000ns bendA=117000000ns
deque.push_back large calibrate count=262144 reps=153 bend_delta=123000000ns ref_delta=121797000ns bendA=351000000ns
deque.push_back large count=262144 reps=153 sample=0 order=ABC bendA=351000000 bendB=231000000 bendC=150000000 refA=363282000 refB=226584000 refC=127513000 bend_chk=['401577151', '1791988927', '3182400703'] ref_chk=['401577151', '1791988927', '3182400703']
deque.push_back large count=262144 reps=153 sample=1 order=CBA bendA=351000000 bendB=229000000 bendC=151000000 refA=365565000 refB=217225000 refC=118063000 bend_chk=['401577151', '1791988927', '3182400703'] ref_chk=['401577151', '1791988927', '3182400703']
deque.push_back large count=262144 reps=153 sample=2 order=ABC bendA=350000000 bendB=229000000 bendC=149000000 refA=360025000 refB=215876000 refC=118363000 bend_chk=['401577151', '1791988927', '3182400703'] ref_chk=['401577151', '1791988927', '3182400703']
deque.push_back large count=262144 reps=153 sample=3 order=CBA bendA=351000000 bendB=231000000 bendC=149000000 refA=365283000 refB=229564000 refC=120622000 bend_chk=['401577151', '1791988927', '3182400703'] ref_chk=['401577151', '1791988927', '3182400703']
deque.push_back large count=262144 reps=153 sample=4 order=ABC bendA=352000000 bendB=229000000 bendC=149000000 refA=366136000 refB=216559000 refC=129515000 bend_chk=['401577151', '1791988927', '3182400703'] ref_chk=['401577151', '1791988927', '3182400703']
deque.push_back large count=262144 reps=153 sample=5 order=CBA bendA=351000000 bendB=228000000 bendC=150000000 refA=357328000 refB=225125000 refC=118583000 bend_chk=['401577151', '1791988927', '3182400703'] ref_chk=['401577151', '1791988927', '3182400703']
deque.peek_front small calibrate count=200000 reps=1 bend_delta=1000000ns ref_delta=193000ns bendA=1000000ns
deque.peek_front small calibrate count=12800000 reps=1 bend_delta=12000000ns ref_delta=13165000ns bendA=25000000ns
deque.peek_front small calibrate count=115200000 reps=1 bend_delta=116000000ns ref_delta=115782000ns bendA=231000000ns
deque.peek_front small count=115200000 reps=1 sample=0 order=ABC bendA=233000000 bendB=116000000 bendC=0 refA=231199000 refB=115272000 refC=0 bend_chk=['3758310282', '494326666', '2263507850'] ref_chk=['3758310282', '494326666', '2263507850']
deque.peek_front small count=115200000 reps=1 sample=1 order=CBA bendA=232000000 bendB=115000000 bendC=0 refA=231427000 refB=115425000 refC=3000 bend_chk=['3758310282', '494326666', '2263507850'] ref_chk=['3758310282', '494326666', '2263507850']
deque.peek_front small count=115200000 reps=1 sample=2 order=ABC bendA=230000000 bendB=116000000 bendC=0 refA=232373000 refB=117338000 refC=1000 bend_chk=['3758310282', '494326666', '2263507850'] ref_chk=['3758310282', '494326666', '2263507850']
deque.peek_front small count=115200000 reps=1 sample=3 order=CBA bendA=230000000 bendB=115000000 bendC=0 refA=232733000 refB=115603000 refC=2000 bend_chk=['3758310282', '494326666', '2263507850'] ref_chk=['3758310282', '494326666', '2263507850']
deque.peek_front small count=115200000 reps=1 sample=4 order=ABC bendA=231000000 bendB=116000000 bendC=0 refA=231304000 refB=116154000 refC=0 bend_chk=['3758310282', '494326666', '2263507850'] ref_chk=['3758310282', '494326666', '2263507850']
deque.peek_front small count=115200000 reps=1 sample=5 order=CBA bendA=231000000 bendB=117000000 bendC=0 refA=232652000 refB=115830000 refC=2000 bend_chk=['3758310282', '494326666', '2263507850'] ref_chk=['3758310282', '494326666', '2263507850']
deque.peek_front medium calibrate count=100000 reps=1 bend_delta=-1000000ns ref_delta=95000ns bendA=0ns
deque.peek_front medium calibrate count=6400000 reps=1 bend_delta=6000000ns ref_delta=6590000ns bendA=13000000ns
deque.peek_front medium calibrate count=108800000 reps=1 bend_delta=108000000ns ref_delta=109883000ns bendA=218000000ns
deque.peek_front medium count=108800000 reps=1 sample=0 order=ABC bendA=217000000 bendB=110000000 bendC=0 refA=219459000 refB=110240000 refC=20000 bend_chk=['2066843337', '1194438345', '1781651145'] ref_chk=['2066843337', '1194438345', '1781651145']
deque.peek_front medium count=108800000 reps=1 sample=1 order=CBA bendA=218000000 bendB=108000000 bendC=0 refA=219559000 refB=110326000 refC=22000 bend_chk=['2066843337', '1194438345', '1781651145'] ref_chk=['2066843337', '1194438345', '1781651145']
deque.peek_front medium count=108800000 reps=1 sample=2 order=ABC bendA=220000000 bendB=108000000 bendC=0 refA=218886000 refB=111165000 refC=12000 bend_chk=['2066843337', '1194438345', '1781651145'] ref_chk=['2066843337', '1194438345', '1781651145']
deque.peek_front medium count=108800000 reps=1 sample=3 order=CBA bendA=218000000 bendB=108000000 bendC=0 refA=220376000 refB=109750000 refC=18000 bend_chk=['2066843337', '1194438345', '1781651145'] ref_chk=['2066843337', '1194438345', '1781651145']
deque.peek_front medium count=108800000 reps=1 sample=4 order=ABC bendA=217000000 bendB=109000000 bendC=0 refA=221212000 refB=109476000 refC=13000 bend_chk=['2066843337', '1194438345', '1781651145'] ref_chk=['2066843337', '1194438345', '1781651145']
deque.peek_front medium count=108800000 reps=1 sample=5 order=CBA bendA=220000000 bendB=110000000 bendC=0 refA=225209000 refB=110954000 refC=23000 bend_chk=['2066843337', '1194438345', '1781651145'] ref_chk=['2066843337', '1194438345', '1781651145']
deque.peek_front large calibrate count=50000 reps=1 bend_delta=1000000ns ref_delta=50000ns bendA=2000000ns
deque.peek_front large calibrate count=3200000 reps=1 bend_delta=4000000ns ref_delta=3359000ns bendA=8000000ns
deque.peek_front large calibrate count=83200000 reps=1 bend_delta=87000000ns ref_delta=86719000ns bendA=172000000ns
deque.peek_front large calibrate count=166400000 reps=1 bend_delta=167000000ns ref_delta=199196000ns bendA=339000000ns
deque.peek_front large count=166400000 reps=1 sample=0 order=ABC bendA=344000000 bendB=173000000 bendC=1000000 refA=344303000 refB=172185000 refC=923000 bend_chk=['1823596264', '268971752', '3747512040'] ref_chk=['1823596264', '268971752', '3747512040']
deque.peek_front large count=166400000 reps=1 sample=1 order=CBA bendA=352000000 bendB=170000000 bendC=1000000 refA=344953000 refB=171654000 refC=862000 bend_chk=['1823596264', '268971752', '3747512040'] ref_chk=['1823596264', '268971752', '3747512040']
deque.peek_front large count=166400000 reps=1 sample=2 order=ABC bendA=343000000 bendB=170000000 bendC=2000000 refA=342664000 refB=173067000 refC=876000 bend_chk=['1823596264', '268971752', '3747512040'] ref_chk=['1823596264', '268971752', '3747512040']
deque.peek_front large count=166400000 reps=1 sample=3 order=CBA bendA=340000000 bendB=175000000 bendC=2000000 refA=345755000 refB=171350000 refC=868000 bend_chk=['1823596264', '268971752', '3747512040'] ref_chk=['1823596264', '268971752', '3747512040']
deque.peek_front large count=166400000 reps=1 sample=4 order=ABC bendA=340000000 bendB=171000000 bendC=1000000 refA=342652000 refB=172399000 refC=903000 bend_chk=['1823596264', '268971752', '3747512040'] ref_chk=['1823596264', '268971752', '3747512040']
deque.peek_front large count=166400000 reps=1 sample=5 order=CBA bendA=341000000 bendB=169000000 bendC=1000000 refA=342965000 refB=172948000 refC=834000 bend_chk=['1823596264', '268971752', '3747512040'] ref_chk=['1823596264', '268971752', '3747512040']
deque.peek_back small calibrate count=200000 reps=1 bend_delta=0ns ref_delta=162000ns bendA=0ns
deque.peek_back small calibrate count=12800000 reps=1 bend_delta=13000000ns ref_delta=13482000ns bendA=26000000ns
deque.peek_back small calibrate count=102400000 reps=1 bend_delta=104000000ns ref_delta=103842000ns bendA=210000000ns
deque.peek_back small count=102400000 reps=1 sample=0 order=ABC bendA=210000000 bendB=104000000 bendC=0 refA=211489000 refB=106476000 refC=1000 bend_chk=['1017361767', '2428122471', '3838883175'] ref_chk=['1017361767', '2428122471', '3838883175']
deque.peek_back small count=102400000 reps=1 sample=1 order=CBA bendA=210000000 bendB=104000000 bendC=0 refA=223338000 refB=106370000 refC=2000 bend_chk=['1017361767', '2428122471', '3838883175'] ref_chk=['1017361767', '2428122471', '3838883175']
deque.peek_back small count=102400000 reps=1 sample=2 order=ABC bendA=209000000 bendB=105000000 bendC=0 refA=222591000 refB=103746000 refC=1000 bend_chk=['1017361767', '2428122471', '3838883175'] ref_chk=['1017361767', '2428122471', '3838883175']
deque.peek_back small count=102400000 reps=1 sample=3 order=CBA bendA=208000000 bendB=104000000 bendC=0 refA=210431000 refB=104325000 refC=3000 bend_chk=['1017361767', '2428122471', '3838883175'] ref_chk=['1017361767', '2428122471', '3838883175']
deque.peek_back small count=102400000 reps=1 sample=4 order=ABC bendA=212000000 bendB=106000000 bendC=0 refA=210798000 refB=105305000 refC=1000 bend_chk=['1017361767', '2428122471', '3838883175'] ref_chk=['1017361767', '2428122471', '3838883175']
deque.peek_back small count=102400000 reps=1 sample=5 order=CBA bendA=210000000 bendB=105000000 bendC=0 refA=210097000 refB=105458000 refC=2000 bend_chk=['1017361767', '2428122471', '3838883175'] ref_chk=['1017361767', '2428122471', '3838883175']
deque.peek_back medium calibrate count=100000 reps=1 bend_delta=0ns ref_delta=114000ns bendA=0ns
deque.peek_back medium calibrate count=6400000 reps=1 bend_delta=8000000ns ref_delta=6577000ns bendA=14000000ns
deque.peek_back medium calibrate count=83200000 reps=1 bend_delta=83000000ns ref_delta=87040000ns bendA=169000000ns
deque.peek_back medium calibrate count=166400000 reps=1 bend_delta=171000000ns ref_delta=170368000ns bendA=339000000ns
deque.peek_back medium count=166400000 reps=1 sample=0 order=ABC bendA=336000000 bendB=172000000 bendC=0 refA=339904000 refB=172875000 refC=43000 bend_chk=['89036582', '456288038', '1024866086'] ref_chk=['89036582', '456288038', '1024866086']
deque.peek_back medium count=166400000 reps=1 sample=1 order=CBA bendA=336000000 bendB=167000000 bendC=0 refA=337100000 refB=169375000 refC=84000 bend_chk=['89036582', '456288038', '1024866086'] ref_chk=['89036582', '456288038', '1024866086']
deque.peek_back medium count=166400000 reps=1 sample=2 order=ABC bendA=336000000 bendB=168000000 bendC=0 refA=335645000 refB=167894000 refC=13000 bend_chk=['89036582', '456288038', '1024866086'] ref_chk=['89036582', '456288038', '1024866086']
deque.peek_back medium count=166400000 reps=1 sample=3 order=CBA bendA=336000000 bendB=169000000 bendC=1000000 refA=336250000 refB=167312000 refC=52000 bend_chk=['89036582', '456288038', '1024866086'] ref_chk=['89036582', '456288038', '1024866086']
deque.peek_back medium count=166400000 reps=1 sample=4 order=ABC bendA=336000000 bendB=169000000 bendC=0 refA=334451000 refB=168395000 refC=17000 bend_chk=['89036582', '456288038', '1024866086'] ref_chk=['89036582', '456288038', '1024866086']
deque.peek_back medium count=166400000 reps=1 sample=5 order=CBA bendA=337000000 bendB=168000000 bendC=0 refA=335901000 refB=167247000 refC=21000 bend_chk=['89036582', '456288038', '1024866086'] ref_chk=['89036582', '456288038', '1024866086']
deque.peek_back large calibrate count=50000 reps=1 bend_delta=1000000ns ref_delta=29000ns bendA=2000000ns
deque.peek_back large calibrate count=3200000 reps=1 bend_delta=4000000ns ref_delta=3732000ns bendA=8000000ns
deque.peek_back large calibrate count=83200000 reps=1 bend_delta=85000000ns ref_delta=83819000ns bendA=169000000ns
deque.peek_back large calibrate count=166400000 reps=1 bend_delta=165000000ns ref_delta=168620000ns bendA=333000000ns
deque.peek_back large count=166400000 reps=1 sample=0 order=ABC bendA=334000000 bendB=168000000 bendC=1000000 refA=336869000 refB=169480000 refC=867000 bend_chk=['3826278213', '3225644869', '2557902661'] ref_chk=['3826278213', '3225644869', '2557902661']
deque.peek_back large count=166400000 reps=1 sample=1 order=CBA bendA=336000000 bendB=169000000 bendC=1000000 refA=335663000 refB=167987000 refC=806000 bend_chk=['3826278213', '3225644869', '2557902661'] ref_chk=['3826278213', '3225644869', '2557902661']
deque.peek_back large count=166400000 reps=1 sample=2 order=ABC bendA=338000000 bendB=167000000 bendC=1000000 refA=336342000 refB=168971000 refC=810000 bend_chk=['3826278213', '3225644869', '2557902661'] ref_chk=['3826278213', '3225644869', '2557902661']
deque.peek_back large count=166400000 reps=1 sample=3 order=CBA bendA=336000000 bendB=170000000 bendC=1000000 refA=336440000 refB=169869000 refC=822000 bend_chk=['3826278213', '3225644869', '2557902661'] ref_chk=['3826278213', '3225644869', '2557902661']
deque.peek_back large count=166400000 reps=1 sample=4 order=ABC bendA=338000000 bendB=170000000 bendC=1000000 refA=337552000 refB=168246000 refC=839000 bend_chk=['3826278213', '3225644869', '2557902661'] ref_chk=['3826278213', '3225644869', '2557902661']
deque.peek_back large count=166400000 reps=1 sample=5 order=CBA bendA=336000000 bendB=167000000 bendC=2000000 refA=337273000 refB=169891000 refC=816000 bend_chk=['3826278213', '3225644869', '2557902661'] ref_chk=['3826278213', '3225644869', '2557902661']
deque.length small calibrate count=200000 reps=1 bend_delta=-1000000ns ref_delta=535000ns bendA=0ns
deque.length small calibrate count=12800000 reps=1 bend_delta=12000000ns ref_delta=32231000ns bendA=24000000ns
deque.length small calibrate count=115200000 reps=1 bend_delta=106000000ns ref_delta=302243000ns bendA=221000000ns
deque.length small count=115200000 reps=1 sample=0 order=ABC bendA=223000000 bendB=112000000 bendC=0 refA=613656000 refB=322502000 refC=3000 bend_chk=['477554500', '1234630468', '1119291204'] ref_chk=['477554500', '1234630468', '1119291204']
deque.length small count=115200000 reps=1 sample=1 order=CBA bendA=222000000 bendB=113000000 bendC=0 refA=606828000 refB=302498000 refC=2000 bend_chk=['477554500', '1234630468', '1119291204'] ref_chk=['477554500', '1234630468', '1119291204']
deque.length small count=115200000 reps=1 sample=2 order=ABC bendA=220000000 bendB=111000000 bendC=0 refA=612452000 refB=301488000 refC=2000 bend_chk=['477554500', '1234630468', '1119291204'] ref_chk=['477554500', '1234630468', '1119291204']
deque.length small count=115200000 reps=1 sample=3 order=CBA bendA=220000000 bendB=112000000 bendC=0 refA=612443000 refB=304576000 refC=4000 bend_chk=['477554500', '1234630468', '1119291204'] ref_chk=['477554500', '1234630468', '1119291204']
deque.length small count=115200000 reps=1 sample=4 order=ABC bendA=221000000 bendB=110000000 bendC=0 refA=613381000 refB=301417000 refC=6000 bend_chk=['477554500', '1234630468', '1119291204'] ref_chk=['477554500', '1234630468', '1119291204']
deque.length small count=115200000 reps=1 sample=5 order=CBA bendA=221000000 bendB=109000000 bendC=0 refA=605273000 refB=301230000 refC=14000 bend_chk=['477554500', '1234630468', '1119291204'] ref_chk=['477554500', '1234630468', '1119291204']
deque.length medium calibrate count=100000 reps=1 bend_delta=0ns ref_delta=269000ns bendA=0ns
deque.length medium calibrate count=6400000 reps=1 bend_delta=6000000ns ref_delta=16857000ns bendA=12000000ns
deque.length medium calibrate count=108800000 reps=1 bend_delta=105000000ns ref_delta=292797000ns bendA=210000000ns
deque.length medium count=108800000 reps=1 sample=0 order=ABC bendA=211000000 bendB=105000000 bendC=0 refA=575647000 refB=284775000 refC=45000 bend_chk=['1286129539', '785493891', '268081027'] ref_chk=['1286129539', '785493891', '268081027']
deque.length medium count=108800000 reps=1 sample=1 order=CBA bendA=210000000 bendB=106000000 bendC=0 refA=613443000 refB=284918000 refC=22000 bend_chk=['1286129539', '785493891', '268081027'] ref_chk=['1286129539', '785493891', '268081027']
deque.length medium count=108800000 reps=1 sample=2 order=ABC bendA=211000000 bendB=104000000 bendC=0 refA=571572000 refB=287258000 refC=18000 bend_chk=['1286129539', '785493891', '268081027'] ref_chk=['1286129539', '785493891', '268081027']
deque.length medium count=108800000 reps=1 sample=3 order=CBA bendA=208000000 bendB=104000000 bendC=0 refA=570709000 refB=286030000 refC=25000 bend_chk=['1286129539', '785493891', '268081027'] ref_chk=['1286129539', '785493891', '268081027']
deque.length medium count=108800000 reps=1 sample=4 order=ABC bendA=209000000 bendB=105000000 bendC=0 refA=571729000 refB=284377000 refC=17000 bend_chk=['1286129539', '785493891', '268081027'] ref_chk=['1286129539', '785493891', '268081027']
deque.length medium count=108800000 reps=1 sample=5 order=CBA bendA=210000000 bendB=104000000 bendC=0 refA=570502000 refB=285543000 refC=23000 bend_chk=['1286129539', '785493891', '268081027'] ref_chk=['1286129539', '785493891', '268081027']
deque.length large calibrate count=50000 reps=1 bend_delta=0ns ref_delta=105000ns bendA=1000000ns
deque.length large calibrate count=3200000 reps=1 bend_delta=3000000ns ref_delta=8350000ns bendA=7000000ns
deque.length large calibrate count=108800000 reps=1 bend_delta=104000000ns ref_delta=339106000ns bendA=209000000ns
deque.length large count=108800000 reps=1 sample=0 order=ABC bendA=211000000 bendB=105000000 bendC=1000000 refA=571445000 refB=286024000 refC=931000 bend_chk=['3038212002', '903018402', '1368293282'] ref_chk=['3038212002', '903018402', '1368293282']
deque.length large count=108800000 reps=1 sample=1 order=CBA bendA=211000000 bendB=105000000 bendC=1000000 refA=571145000 refB=286729000 refC=820000 bend_chk=['3038212002', '903018402', '1368293282'] ref_chk=['3038212002', '903018402', '1368293282']
deque.length large count=108800000 reps=1 sample=2 order=ABC bendA=210000000 bendB=108000000 bendC=1000000 refA=571283000 refB=286538000 refC=754000 bend_chk=['3038212002', '903018402', '1368293282'] ref_chk=['3038212002', '903018402', '1368293282']
deque.length large count=108800000 reps=1 sample=3 order=CBA bendA=214000000 bendB=105000000 bendC=1000000 refA=571031000 refB=285984000 refC=823000 bend_chk=['3038212002', '903018402', '1368293282'] ref_chk=['3038212002', '903018402', '1368293282']
deque.length large count=108800000 reps=1 sample=4 order=ABC bendA=213000000 bendB=106000000 bendC=1000000 refA=571575000 refB=285426000 refC=823000 bend_chk=['3038212002', '903018402', '1368293282'] ref_chk=['3038212002', '903018402', '1368293282']
deque.length large count=108800000 reps=1 sample=5 order=CBA bendA=210000000 bendB=107000000 bendC=2000000 refA=572098000 refB=286449000 refC=809000 bend_chk=['3038212002', '903018402', '1368293282'] ref_chk=['3038212002', '903018402', '1368293282']
deque.to_list small calibrate count=20000 reps=1 bend_delta=3000000ns ref_delta=2394000ns bendA=7000000ns
deque.to_list small calibrate count=680000 reps=1 bend_delta=121000000ns ref_delta=92132000ns bendA=241000000ns
deque.to_list small count=680000 reps=1 sample=0 order=ABC bendA=241000000 bendB=122000000 bendC=0 refA=170626000 refB=82511000 refC=1000 bend_chk=['3665361057', '3906029793', '2694666529'] ref_chk=['3665361057', '3906029793', '2694666529']
deque.to_list small count=680000 reps=1 sample=1 order=CBA bendA=242000000 bendB=120000000 bendC=0 refA=172503000 refB=85852000 refC=3000 bend_chk=['3665361057', '3906029793', '2694666529'] ref_chk=['3665361057', '3906029793', '2694666529']
deque.to_list small count=680000 reps=1 sample=2 order=ABC bendA=243000000 bendB=120000000 bendC=0 refA=227506000 refB=114236000 refC=1000 bend_chk=['3665361057', '3906029793', '2694666529'] ref_chk=['3665361057', '3906029793', '2694666529']
deque.to_list small count=680000 reps=1 sample=3 order=CBA bendA=241000000 bendB=120000000 bendC=0 refA=173769000 refB=86072000 refC=3000 bend_chk=['3665361057', '3906029793', '2694666529'] ref_chk=['3665361057', '3906029793', '2694666529']
deque.to_list small count=680000 reps=1 sample=4 order=ABC bendA=240000000 bendB=122000000 bendC=0 refA=170146000 refB=85374000 refC=1000 bend_chk=['3665361057', '3906029793', '2694666529'] ref_chk=['3665361057', '3906029793', '2694666529']
deque.to_list small count=680000 reps=1 sample=5 order=CBA bendA=241000000 bendB=120000000 bendC=0 refA=178479000 refB=113299000 refC=4000 bend_chk=['3665361057', '3906029793', '2694666529'] ref_chk=['3665361057', '3906029793', '2694666529']
deque.to_list medium calibrate count=1000 reps=1 bend_delta=9000000ns ref_delta=2707000ns bendA=18000000ns
deque.to_list medium calibrate count=12000 reps=1 bend_delta=111000000ns ref_delta=25148000ns bendA=220000000ns
deque.to_list medium count=12000 reps=1 sample=0 order=ABC bendA=220000000 bendB=110000000 bendC=0 refA=67443000 refB=32197000 refC=12000 bend_chk=['3606094624', '604108160', '3806263264'] ref_chk=['3606094624', '604108160', '3806263264']
deque.to_list medium count=12000 reps=1 sample=1 order=CBA bendA=221000000 bendB=110000000 bendC=0 refA=75760000 refB=33564000 refC=68000 bend_chk=['3606094624', '604108160', '3806263264'] ref_chk=['3606094624', '604108160', '3806263264']
deque.to_list medium count=12000 reps=1 sample=2 order=ABC bendA=220000000 bendB=110000000 bendC=0 refA=67293000 refB=33338000 refC=15000 bend_chk=['3606094624', '604108160', '3806263264'] ref_chk=['3606094624', '604108160', '3806263264']
deque.to_list medium count=12000 reps=1 sample=3 order=CBA bendA=221000000 bendB=113000000 bendC=0 refA=73431000 refB=36114000 refC=22000 bend_chk=['3606094624', '604108160', '3806263264'] ref_chk=['3606094624', '604108160', '3806263264']
deque.to_list medium count=12000 reps=1 sample=4 order=ABC bendA=219000000 bendB=110000000 bendC=0 refA=79211000 refB=39628000 refC=12000 bend_chk=['3606094624', '604108160', '3806263264'] ref_chk=['3606094624', '604108160', '3806263264']
deque.to_list medium count=12000 reps=1 sample=5 order=CBA bendA=222000000 bendB=109000000 bendC=0 refA=67664000 refB=37493000 refC=24000 bend_chk=['3606094624', '604108160', '3806263264'] ref_chk=['3606094624', '604108160', '3806263264']
deque.to_list large calibrate count=50 reps=1 bend_delta=22000000ns ref_delta=36648000ns bendA=47000000ns
deque.to_list large calibrate count=250 reps=1 bend_delta=115000000ns ref_delta=195401000ns bendA=234000000ns
deque.to_list large count=250 reps=1 sample=0 order=ABC bendA=233000000 bendB=118000000 bendC=1000000 refA=371487000 refB=193091000 refC=910000 bend_chk=['817997131', '3041414253', '178683903'] ref_chk=['817997131', '3041414253', '178683903']
deque.to_list large count=250 reps=1 sample=1 order=CBA bendA=235000000 bendB=120000000 bendC=2000000 refA=371094000 refB=185964000 refC=821000 bend_chk=['817997131', '3041414253', '178683903'] ref_chk=['817997131', '3041414253', '178683903']
deque.to_list large count=250 reps=1 sample=2 order=ABC bendA=236000000 bendB=120000000 bendC=1000000 refA=377132000 refB=184789000 refC=824000 bend_chk=['817997131', '3041414253', '178683903'] ref_chk=['817997131', '3041414253', '178683903']
deque.to_list large count=250 reps=1 sample=3 order=CBA bendA=235000000 bendB=118000000 bendC=2000000 refA=382056000 refB=191251000 refC=842000 bend_chk=['817997131', '3041414253', '178683903'] ref_chk=['817997131', '3041414253', '178683903']
deque.to_list large count=250 reps=1 sample=4 order=ABC bendA=233000000 bendB=117000000 bendC=1000000 refA=389912000 refB=189711000 refC=754000 bend_chk=['817997131', '3041414253', '178683903'] ref_chk=['817997131', '3041414253', '178683903']
deque.to_list large count=250 reps=1 sample=5 order=CBA bendA=234000000 bendB=117000000 bendC=2000000 refA=381391000 refB=184362000 refC=854000 bend_chk=['817997131', '3041414253', '178683903'] ref_chk=['817997131', '3041414253', '178683903']
deque.pop_front small calibrate count=200000 reps=1 bend_delta=-1000000ns ref_delta=1114000ns bendA=0ns
deque.pop_front small calibrate count=12800000 reps=1 bend_delta=27000000ns ref_delta=84103000ns bendA=52000000ns
deque.pop_front small calibrate count=51200000 reps=1 bend_delta=103000000ns ref_delta=326015000ns bendA=206000000ns
deque.pop_front small count=51200000 reps=1 sample=0 order=ABC bendA=205000000 bendB=104000000 bendC=0 refA=646299000 refB=323590000 refC=1000 bend_chk=['1200499454', '1393093374', '4270041854'] ref_chk=['1200499454', '1393093374', '4270041854']
deque.pop_front small count=51200000 reps=1 sample=1 order=CBA bendA=206000000 bendB=104000000 bendC=0 refA=645680000 refB=324067000 refC=2000 bend_chk=['1200499454', '1393093374', '4270041854'] ref_chk=['1200499454', '1393093374', '4270041854']
deque.pop_front small count=51200000 reps=1 sample=2 order=ABC bendA=205000000 bendB=103000000 bendC=0 refA=627201000 refB=319073000 refC=20000 bend_chk=['1200499454', '1393093374', '4270041854'] ref_chk=['1200499454', '1393093374', '4270041854']
deque.pop_front small count=51200000 reps=1 sample=3 order=CBA bendA=206000000 bendB=103000000 bendC=0 refA=654118000 refB=324362000 refC=12000 bend_chk=['1200499454', '1393093374', '4270041854'] ref_chk=['1200499454', '1393093374', '4270041854']
deque.pop_front small count=51200000 reps=1 sample=4 order=ABC bendA=206000000 bendB=103000000 bendC=0 refA=640523000 refB=326637000 refC=1000 bend_chk=['1200499454', '1393093374', '4270041854'] ref_chk=['1200499454', '1393093374', '4270041854']
deque.pop_front small count=51200000 reps=1 sample=5 order=CBA bendA=205000000 bendB=102000000 bendC=0 refA=646200000 refB=324429000 refC=2000 bend_chk=['1200499454', '1393093374', '4270041854'] ref_chk=['1200499454', '1393093374', '4270041854']
deque.pop_front medium calibrate count=100000 reps=1 bend_delta=-1000000ns ref_delta=519000ns bendA=0ns
deque.pop_front medium calibrate count=6400000 reps=1 bend_delta=13000000ns ref_delta=42965000ns bendA=26000000ns
deque.pop_front medium calibrate count=51200000 reps=1 bend_delta=106000000ns ref_delta=321961000ns bendA=208000000ns
deque.pop_front medium count=51200000 reps=1 sample=0 order=ABC bendA=206000000 bendB=103000000 bendC=0 refA=644804000 refB=314956000 refC=25000 bend_chk=['2323142717', '2417875005', '3049478205'] ref_chk=['2323142717', '2417875005', '3049478205']
deque.pop_front medium count=51200000 reps=1 sample=1 order=CBA bendA=217000000 bendB=102000000 bendC=1000000 refA=643302000 refB=316650000 refC=23000 bend_chk=['2323142717', '2417875005', '3049478205'] ref_chk=['2323142717', '2417875005', '3049478205']
deque.pop_front medium count=51200000 reps=1 sample=2 order=ABC bendA=207000000 bendB=103000000 bendC=0 refA=648544000 refB=317087000 refC=16000 bend_chk=['2323142717', '2417875005', '3049478205'] ref_chk=['2323142717', '2417875005', '3049478205']
deque.pop_front medium count=51200000 reps=1 sample=3 order=CBA bendA=205000000 bendB=103000000 bendC=0 refA=646451000 refB=324456000 refC=23000 bend_chk=['2323142717', '2417875005', '3049478205'] ref_chk=['2323142717', '2417875005', '3049478205']
deque.pop_front medium count=51200000 reps=1 sample=4 order=ABC bendA=205000000 bendB=104000000 bendC=0 refA=650348000 refB=320646000 refC=14000 bend_chk=['2323142717', '2417875005', '3049478205'] ref_chk=['2323142717', '2417875005', '3049478205']
deque.pop_front medium count=51200000 reps=1 sample=5 order=CBA bendA=206000000 bendB=104000000 bendC=0 refA=638195000 refB=322987000 refC=58000 bend_chk=['2323142717', '2417875005', '3049478205'] ref_chk=['2323142717', '2417875005', '3049478205']
deque.pop_front large calibrate count=50000 reps=1 bend_delta=0ns ref_delta=269000ns bendA=2000000ns
deque.pop_front large calibrate count=3200000 reps=1 bend_delta=8000000ns ref_delta=20970000ns bendA=15000000ns
deque.pop_front large calibrate count=41600000 reps=1 bend_delta=84000000ns ref_delta=276250000ns bendA=169000000ns
deque.pop_front large calibrate count=83200000 reps=1 bend_delta=167000000ns ref_delta=529611000ns bendA=335000000ns
deque.pop_front large count=83200000 reps=1 sample=0 order=ABC bendA=336000000 bendB=168000000 bendC=1000000 refA=1050102000 refB=525241000 refC=914000 bend_chk=['3989680220', '1669732444', '3284041820'] ref_chk=['3989680220', '1669732444', '3284041820']
deque.pop_front large count=83200000 reps=1 sample=1 order=CBA bendA=337000000 bendB=177000000 bendC=2000000 refA=1036180000 refB=497045000 refC=922000 bend_chk=['3989680220', '1669732444', '3284041820'] ref_chk=['3989680220', '1669732444', '3284041820']
deque.pop_front large count=83200000 reps=1 sample=2 order=ABC bendA=338000000 bendB=168000000 bendC=1000000 refA=1053446000 refB=493057000 refC=928000 bend_chk=['3989680220', '1669732444', '3284041820'] ref_chk=['3989680220', '1669732444', '3284041820']
deque.pop_front large count=83200000 reps=1 sample=3 order=CBA bendA=337000000 bendB=168000000 bendC=1000000 refA=1060753000 refB=526528000 refC=883000 bend_chk=['3989680220', '1669732444', '3284041820'] ref_chk=['3989680220', '1669732444', '3284041820']
deque.pop_front large count=83200000 reps=1 sample=4 order=ABC bendA=335000000 bendB=169000000 bendC=1000000 refA=1052637000 refB=528038000 refC=877000 bend_chk=['3989680220', '1669732444', '3284041820'] ref_chk=['3989680220', '1669732444', '3284041820']
deque.pop_front large count=83200000 reps=1 sample=5 order=CBA bendA=335000000 bendB=168000000 bendC=1000000 refA=1053981000 refB=526296000 refC=852000 bend_chk=['3989680220', '1669732444', '3284041820'] ref_chk=['3989680220', '1669732444', '3284041820']
deque.pop_back small calibrate count=200000 reps=1 bend_delta=1000000ns ref_delta=1137000ns bendA=1000000ns
deque.pop_back small calibrate count=12800000 reps=1 bend_delta=26000000ns ref_delta=79648000ns bendA=51000000ns
deque.pop_back small calibrate count=51200000 reps=1 bend_delta=116000000ns ref_delta=325549000ns bendA=219000000ns
deque.pop_back small count=51200000 reps=1 sample=0 order=ABC bendA=214000000 bendB=103000000 bendC=0 refA=636128000 refB=323300000 refC=12000 bend_chk=['3058957531', '2036268251', '1550449883'] ref_chk=['3058957531', '2036268251', '1550449883']
deque.pop_back small count=51200000 reps=1 sample=1 order=CBA bendA=259000000 bendB=104000000 bendC=0 refA=630429000 refB=316703000 refC=4000 bend_chk=['3058957531', '2036268251', '1550449883'] ref_chk=['3058957531', '2036268251', '1550449883']
deque.pop_back small count=51200000 reps=1 sample=2 order=ABC bendA=206000000 bendB=102000000 bendC=0 refA=612306000 refB=314748000 refC=1000 bend_chk=['3058957531', '2036268251', '1550449883'] ref_chk=['3058957531', '2036268251', '1550449883']
deque.pop_back small count=51200000 reps=1 sample=3 order=CBA bendA=205000000 bendB=103000000 bendC=0 refA=640079000 refB=305152000 refC=2000 bend_chk=['3058957531', '2036268251', '1550449883'] ref_chk=['3058957531', '2036268251', '1550449883']
deque.pop_back small count=51200000 reps=1 sample=4 order=ABC bendA=206000000 bendB=103000000 bendC=0 refA=612872000 refB=313778000 refC=2000 bend_chk=['3058957531', '2036268251', '1550449883'] ref_chk=['3058957531', '2036268251', '1550449883']
deque.pop_back small count=51200000 reps=1 sample=5 order=CBA bendA=205000000 bendB=103000000 bendC=0 refA=649927000 refB=301535000 refC=3000 bend_chk=['3058957531', '2036268251', '1550449883'] ref_chk=['3058957531', '2036268251', '1550449883']
deque.pop_back medium calibrate count=100000 reps=1 bend_delta=0ns ref_delta=587000ns bendA=0ns
deque.pop_back medium calibrate count=6400000 reps=1 bend_delta=13000000ns ref_delta=43535000ns bendA=26000000ns
deque.pop_back medium calibrate count=51200000 reps=1 bend_delta=102000000ns ref_delta=303281000ns bendA=206000000ns
deque.pop_back medium count=51200000 reps=1 sample=0 order=ABC bendA=206000000 bendB=103000000 bendC=0 refA=637183000 refB=324066000 refC=49000 bend_chk=['4139530394', '4021418138', '2292693146'] ref_chk=['4139530394', '4021418138', '2292693146']
deque.pop_back medium count=51200000 reps=1 sample=1 order=CBA bendA=206000000 bendB=103000000 bendC=0 refA=643682000 refB=305505000 refC=22000 bend_chk=['4139530394', '4021418138', '2292693146'] ref_chk=['4139530394', '4021418138', '2292693146']
deque.pop_back medium count=51200000 reps=1 sample=2 order=ABC bendA=206000000 bendB=103000000 bendC=0 refA=634498000 refB=316727000 refC=14000 bend_chk=['4139530394', '4021418138', '2292693146'] ref_chk=['4139530394', '4021418138', '2292693146']
deque.pop_back medium count=51200000 reps=1 sample=3 order=CBA bendA=205000000 bendB=103000000 bendC=0 refA=625076000 refB=325181000 refC=22000 bend_chk=['4139530394', '4021418138', '2292693146'] ref_chk=['4139530394', '4021418138', '2292693146']
deque.pop_back medium count=51200000 reps=1 sample=4 order=ABC bendA=206000000 bendB=104000000 bendC=0 refA=631502000 refB=325612000 refC=14000 bend_chk=['4139530394', '4021418138', '2292693146'] ref_chk=['4139530394', '4021418138', '2292693146']
deque.pop_back medium count=51200000 reps=1 sample=5 order=CBA bendA=206000000 bendB=103000000 bendC=0 refA=635581000 refB=321263000 refC=23000 bend_chk=['4139530394', '4021418138', '2292693146'] ref_chk=['4139530394', '4021418138', '2292693146']
deque.pop_back large calibrate count=50000 reps=1 bend_delta=0ns ref_delta=286000ns bendA=2000000ns
deque.pop_back large calibrate count=3200000 reps=1 bend_delta=6000000ns ref_delta=20258000ns bendA=14000000ns
deque.pop_back large calibrate count=54400000 reps=1 bend_delta=110000000ns ref_delta=332939000ns bendA=220000000ns
deque.pop_back large count=54400000 reps=1 sample=0 order=ABC bendA=220000000 bendB=110000000 bendC=1000000 refA=680956000 refB=343545000 refC=841000 bend_chk=['87257273', '3111450809', '2094432441'] ref_chk=['87257273', '3111450809', '2094432441']
deque.pop_back large count=54400000 reps=1 sample=1 order=CBA bendA=221000000 bendB=110000000 bendC=2000000 refA=666835000 refB=334228000 refC=831000 bend_chk=['87257273', '3111450809', '2094432441'] ref_chk=['87257273', '3111450809', '2094432441']
deque.pop_back large count=54400000 reps=1 sample=2 order=ABC bendA=222000000 bendB=111000000 bendC=1000000 refA=670121000 refB=331942000 refC=793000 bend_chk=['87257273', '3111450809', '2094432441'] ref_chk=['87257273', '3111450809', '2094432441']
deque.pop_back large count=54400000 reps=1 sample=3 order=CBA bendA=219000000 bendB=110000000 bendC=2000000 refA=693043000 refB=345794000 refC=820000 bend_chk=['87257273', '3111450809', '2094432441'] ref_chk=['87257273', '3111450809', '2094432441']
deque.pop_back large count=54400000 reps=1 sample=4 order=ABC bendA=220000000 bendB=111000000 bendC=1000000 refA=653507000 refB=330346000 refC=911000 bend_chk=['87257273', '3111450809', '2094432441'] ref_chk=['87257273', '3111450809', '2094432441']
deque.pop_back large count=54400000 reps=1 sample=5 order=CBA bendA=220000000 bendB=110000000 bendC=2000000 refA=682143000 refB=344387000 refC=856000 bend_chk=['87257273', '3111450809', '2094432441'] ref_chk=['87257273', '3111450809', '2094432441']
deque.new small calibrate count=200000 reps=1 bend_delta=1000000ns ref_delta=2947000ns bendA=1000000ns
deque.new small calibrate count=12800000 reps=1 bend_delta=10000000ns ref_delta=110130000ns bendA=24000000ns
deque.new small calibrate count=140800000 reps=1 bend_delta=136000000ns ref_delta=1253015000ns bendA=269000000ns
deque.new small count=140800000 reps=1 sample=0 order=ABC bendA=270000000 bendB=134000000 bendC=0 refA=2570944000 refB=1268728000 refC=13000 bend_chk=['2964844216', '3213106872', '3125825208'] ref_chk=['2964844216', '3213106872', '3125825208']
deque.new small count=140800000 reps=1 sample=1 order=CBA bendA=269000000 bendB=140000000 bendC=0 refA=2547344000 refB=1299612000 refC=14000 bend_chk=['2964844216', '3213106872', '3125825208'] ref_chk=['2964844216', '3213106872', '3125825208']
deque.new small count=140800000 reps=1 sample=2 order=ABC bendA=276000000 bendB=134000000 bendC=0 refA=2399570000 refB=1196165000 refC=2000 bend_chk=['2964844216', '3213106872', '3125825208'] ref_chk=['2964844216', '3213106872', '3125825208']
deque.new small count=140800000 reps=1 sample=3 order=CBA bendA=271000000 bendB=137000000 bendC=0 refA=2479787000 refB=1229544000 refC=3000 bend_chk=['2964844216', '3213106872', '3125825208'] ref_chk=['2964844216', '3213106872', '3125825208']
deque.new small count=140800000 reps=1 sample=4 order=ABC bendA=273000000 bendB=134000000 bendC=0 refA=2366045000 refB=1261587000 refC=20000 bend_chk=['2964844216', '3213106872', '3125825208'] ref_chk=['2964844216', '3213106872', '3125825208']
deque.new small count=140800000 reps=1 sample=5 order=CBA bendA=269000000 bendB=139000000 bendC=0 refA=2594395000 refB=1246451000 refC=3000 bend_chk=['2964844216', '3213106872', '3125825208'] ref_chk=['2964844216', '3213106872', '3125825208']
deque.new medium calibrate count=200000 reps=1 bend_delta=-1000000ns ref_delta=1595000ns bendA=0ns
deque.new medium calibrate count=12800000 reps=1 bend_delta=13000000ns ref_delta=107368000ns bendA=25000000ns
deque.new medium calibrate count=102400000 reps=1 bend_delta=103000000ns ref_delta=933773000ns bendA=201000000ns
deque.new medium count=102400000 reps=1 sample=0 order=ABC bendA=201000000 bendB=99000000 bendC=0 refA=1888455000 refB=917473000 refC=22000 bend_chk=['1045371127', '1290639607', '1535908087'] ref_chk=['1045371127', '1290639607', '1535908087']
deque.new medium count=102400000 reps=1 sample=1 order=CBA bendA=203000000 bendB=102000000 bendC=0 refA=1825852000 refB=892087000 refC=25000 bend_chk=['1045371127', '1290639607', '1535908087'] ref_chk=['1045371127', '1290639607', '1535908087']
deque.new medium count=102400000 reps=1 sample=2 order=ABC bendA=202000000 bendB=99000000 bendC=0 refA=1788556000 refB=897590000 refC=42000 bend_chk=['1045371127', '1290639607', '1535908087'] ref_chk=['1045371127', '1290639607', '1535908087']
deque.new medium count=102400000 reps=1 sample=3 order=CBA bendA=199000000 bendB=98000000 bendC=0 refA=1832352000 refB=894393000 refC=28000 bend_chk=['1045371127', '1290639607', '1535908087'] ref_chk=['1045371127', '1290639607', '1535908087']
deque.new medium count=102400000 reps=1 sample=4 order=ABC bendA=198000000 bendB=99000000 bendC=0 refA=1816417000 refB=916820000 refC=17000 bend_chk=['1045371127', '1290639607', '1535908087'] ref_chk=['1045371127', '1290639607', '1535908087']
deque.new medium count=102400000 reps=1 sample=5 order=CBA bendA=200000000 bendB=100000000 bendC=0 refA=1961172000 refB=973155000 refC=25000 bend_chk=['1045371127', '1290639607', '1535908087'] ref_chk=['1045371127', '1290639607', '1535908087']
deque.new large calibrate count=50000 reps=1 bend_delta=1000000ns ref_delta=566000ns bendA=2000000ns
deque.new large calibrate count=3200000 reps=1 bend_delta=4000000ns ref_delta=29441000ns bendA=8000000ns
deque.new large calibrate count=83200000 reps=1 bend_delta=85000000ns ref_delta=728170000ns bendA=168000000ns
deque.new large calibrate count=166400000 reps=1 bend_delta=41000000ns ref_delta=1478642000ns bendA=385000000ns
deque.new large calibrate count=499200000 reps=1 bend_delta=491000000ns ref_delta=4504034000ns bendA=980000000ns
deque.new large count=499200000 reps=1 sample=0 order=ABC bendA=978000000 bendB=480000000 bendC=1000000 refA=9022749000 refB=4472654000 refC=877000 bend_chk=['1512284438', '2450067734', '904823062'] ref_chk=['1512284438', '2450067734', '904823062']
deque.new large count=499200000 reps=1 sample=1 order=CBA bendA=1002000000 bendB=499000000 bendC=2000000 refA=8960866000 refB=4434908000 refC=832000 bend_chk=['1512284438', '2450067734', '904823062'] ref_chk=['1512284438', '2450067734', '904823062']
deque.new large count=499200000 reps=1 sample=2 order=ABC bendA=990000000 bendB=491000000 bendC=1000000 refA=8936263000 refB=4437391000 refC=865000 bend_chk=['1512284438', '2450067734', '904823062'] ref_chk=['1512284438', '2450067734', '904823062']
deque.new large count=499200000 reps=1 sample=3 order=CBA bendA=993000000 bendB=495000000 bendC=1000000 refA=8927876000 refB=4512949000 refC=848000 bend_chk=['1512284438', '2450067734', '904823062'] ref_chk=['1512284438', '2450067734', '904823062']
deque.new large count=499200000 reps=1 sample=4 order=ABC bendA=985000000 bendB=491000000 bendC=1000000 refA=9541639000 refB=4437834000 refC=877000 bend_chk=['1512284438', '2450067734', '904823062'] ref_chk=['1512284438', '2450067734', '904823062']
deque.new large count=499200000 reps=1 sample=5 order=CBA bendA=1018000000 bendB=500000000 bendC=1000000 refA=8962560000 refB=4484237000 refC=872000 bend_chk=['1512284438', '2450067734', '904823062'] ref_chk=['1512284438', '2450067734', '904823062']
deque.new edge-empty calibrate count=200000 reps=1 bend_delta=1000000ns ref_delta=1697000ns bendA=1000000ns
deque.new edge-empty calibrate count=12800000 reps=1 bend_delta=12000000ns ref_delta=114394000ns bendA=25000000ns
deque.new edge-empty calibrate count=115200000 reps=1 bend_delta=116000000ns ref_delta=1060547000ns bendA=230000000ns
deque.new edge-empty count=115200000 reps=1 sample=0 order=ABC bendA=230000000 bendB=115000000 bendC=0 refA=2051998000 refB=1027834000 refC=0 bend_chk=['749658421', '3898061109', '33077'] ref_chk=['749658421', '3898061109', '33077']
deque.new edge-empty count=115200000 reps=1 sample=1 order=CBA bendA=229000000 bendB=114000000 bendC=0 refA=2040603000 refB=1025196000 refC=0 bend_chk=['749658421', '3898061109', '33077'] ref_chk=['749658421', '3898061109', '33077']
deque.new edge-empty count=115200000 reps=1 sample=2 order=ABC bendA=229000000 bendB=115000000 bendC=0 refA=2038320000 refB=1021008000 refC=0 bend_chk=['749658421', '3898061109', '33077'] ref_chk=['749658421', '3898061109', '33077']
deque.new edge-empty count=115200000 reps=1 sample=3 order=CBA bendA=230000000 bendB=115000000 bendC=0 refA=2056644000 refB=1031638000 refC=0 bend_chk=['749658421', '3898061109', '33077'] ref_chk=['749658421', '3898061109', '33077']
deque.new edge-empty count=115200000 reps=1 sample=4 order=ABC bendA=231000000 bendB=116000000 bendC=0 refA=2029268000 refB=1014994000 refC=1000 bend_chk=['749658421', '3898061109', '33077'] ref_chk=['749658421', '3898061109', '33077']
deque.new edge-empty count=115200000 reps=1 sample=5 order=CBA bendA=230000000 bendB=116000000 bendC=0 refA=2037863000 refB=1020296000 refC=0 bend_chk=['749658421', '3898061109', '33077'] ref_chk=['749658421', '3898061109', '33077']
deque.length edge-empty calibrate count=200000 reps=1 bend_delta=0ns ref_delta=585000ns bendA=0ns
deque.length edge-empty calibrate count=12800000 reps=1 bend_delta=13000000ns ref_delta=35819000ns bendA=26000000ns
deque.length edge-empty calibrate count=102400000 reps=1 bend_delta=104000000ns ref_delta=278141000ns bendA=207000000ns
deque.length edge-empty count=102400000 reps=1 sample=0 order=ABC bendA=205000000 bendB=102000000 bendC=0 refA=559291000 refB=280549000 refC=3000 bend_chk=['1602715988', '2948858196', '33108'] ref_chk=['1602715988', '2948858196', '33108']
deque.length edge-empty count=102400000 reps=1 sample=1 order=CBA bendA=205000000 bendB=102000000 bendC=0 refA=559722000 refB=276465000 refC=0 bend_chk=['1602715988', '2948858196', '33108'] ref_chk=['1602715988', '2948858196', '33108']
deque.length edge-empty count=102400000 reps=1 sample=2 order=ABC bendA=205000000 bendB=102000000 bendC=0 refA=555231000 refB=279238000 refC=0 bend_chk=['1602715988', '2948858196', '33108'] ref_chk=['1602715988', '2948858196', '33108']
deque.length edge-empty count=102400000 reps=1 sample=3 order=CBA bendA=204000000 bendB=102000000 bendC=0 refA=555787000 refB=276039000 refC=1000 bend_chk=['1602715988', '2948858196', '33108'] ref_chk=['1602715988', '2948858196', '33108']
deque.length edge-empty count=102400000 reps=1 sample=4 order=ABC bendA=205000000 bendB=103000000 bendC=0 refA=557793000 refB=275498000 refC=0 bend_chk=['1602715988', '2948858196', '33108'] ref_chk=['1602715988', '2948858196', '33108']
deque.length edge-empty count=102400000 reps=1 sample=5 order=CBA bendA=205000000 bendB=102000000 bendC=0 refA=553519000 refB=274554000 refC=0 bend_chk=['1602715988', '2948858196', '33108'] ref_chk=['1602715988', '2948858196', '33108']
deque.push_front edge-empty calibrate count=200000 reps=1 bend_delta=0ns ref_delta=492000ns bendA=1000000ns
deque.push_front edge-empty calibrate count=200000 reps=64 bend_delta=29000000ns ref_delta=32021000ns bendA=59000000ns
deque.push_front edge-empty calibrate count=200000 reps=256 bend_delta=118000000ns ref_delta=147567000ns bendA=238000000ns
deque.push_front edge-empty count=200000 reps=256 sample=0 order=ABC bendA=238000000 bendB=118000000 bendC=0 refA=257975000 refB=132724000 refC=3000 bend_chk=['1861300352', '618573952', '3276550272'] ref_chk=['1861300352', '618573952', '3276550272']
deque.push_front edge-empty count=200000 reps=256 sample=1 order=CBA bendA=237000000 bendB=119000000 bendC=0 refA=256549000 refB=126270000 refC=3000 bend_chk=['1861300352', '618573952', '3276550272'] ref_chk=['1861300352', '618573952', '3276550272']
deque.push_front edge-empty count=200000 reps=256 sample=2 order=ABC bendA=239000000 bendB=120000000 bendC=0 refA=250886000 refB=126296000 refC=3000 bend_chk=['1861300352', '618573952', '3276550272'] ref_chk=['1861300352', '618573952', '3276550272']
deque.push_front edge-empty count=200000 reps=256 sample=3 order=CBA bendA=238000000 bendB=119000000 bendC=0 refA=262924000 refB=124771000 refC=3000 bend_chk=['1861300352', '618573952', '3276550272'] ref_chk=['1861300352', '618573952', '3276550272']
deque.push_front edge-empty count=200000 reps=256 sample=4 order=ABC bendA=238000000 bendB=119000000 bendC=0 refA=254424000 refB=126627000 refC=2000 bend_chk=['1861300352', '618573952', '3276550272'] ref_chk=['1861300352', '618573952', '3276550272']
deque.push_front edge-empty count=200000 reps=256 sample=5 order=CBA bendA=240000000 bendB=119000000 bendC=0 refA=256561000 refB=124345000 refC=3000 bend_chk=['1861300352', '618573952', '3276550272'] ref_chk=['1861300352', '618573952', '3276550272']
deque.push_back edge-empty calibrate count=200000 reps=1 bend_delta=0ns ref_delta=515000ns bendA=1000000ns
deque.push_back edge-empty calibrate count=200000 reps=64 bend_delta=31000000ns ref_delta=33002000ns bendA=60000000ns
deque.push_back edge-empty calibrate count=200000 reps=256 bend_delta=117000000ns ref_delta=126345000ns bendA=237000000ns
deque.push_back edge-empty count=200000 reps=256 sample=0 order=ABC bendA=238000000 bendB=118000000 bendC=0 refA=252721000 refB=134533000 refC=2000 bend_chk=['2226200704', '2163122304', '3584827520'] ref_chk=['2226200704', '2163122304', '3584827520']
deque.push_back edge-empty count=200000 reps=256 sample=1 order=CBA bendA=238000000 bendB=119000000 bendC=0 refA=252810000 refB=124474000 refC=2000 bend_chk=['2226200704', '2163122304', '3584827520'] ref_chk=['2226200704', '2163122304', '3584827520']
deque.push_back edge-empty count=200000 reps=256 sample=2 order=ABC bendA=238000000 bendB=120000000 bendC=0 refA=258987000 refB=125304000 refC=2000 bend_chk=['2226200704', '2163122304', '3584827520'] ref_chk=['2226200704', '2163122304', '3584827520']
deque.push_back edge-empty count=200000 reps=256 sample=3 order=CBA bendA=238000000 bendB=119000000 bendC=0 refA=261213000 refB=124665000 refC=4000 bend_chk=['2226200704', '2163122304', '3584827520'] ref_chk=['2226200704', '2163122304', '3584827520']
deque.push_back edge-empty count=200000 reps=256 sample=4 order=ABC bendA=238000000 bendB=119000000 bendC=0 refA=253953000 refB=126079000 refC=3000 bend_chk=['2226200704', '2163122304', '3584827520'] ref_chk=['2226200704', '2163122304', '3584827520']
deque.push_back edge-empty count=200000 reps=256 sample=5 order=CBA bendA=240000000 bendB=119000000 bendC=0 refA=256543000 refB=127782000 refC=3000 bend_chk=['2226200704', '2163122304', '3584827520'] ref_chk=['2226200704', '2163122304', '3584827520']
deque.pop_front edge-empty calibrate count=200000 reps=1 bend_delta=1000000ns ref_delta=646000ns bendA=1000000ns
deque.pop_front edge-empty calibrate count=200000 reps=64 bend_delta=13000000ns ref_delta=42619000ns bendA=26000000ns
deque.pop_front edge-empty calibrate count=200000 reps=512 bend_delta=101000000ns ref_delta=343663000ns bendA=204000000ns
deque.pop_front edge-empty count=200000 reps=512 sample=0 order=ABC bendA=205000000 bendB=103000000 bendC=0 refA=661214000 refB=282314000 refC=6000 bend_chk=['208806144', '607461632', '3438813440'] ref_chk=['208806144', '607461632', '3438813440']
deque.pop_front edge-empty count=200000 reps=512 sample=1 order=CBA bendA=205000000 bendB=102000000 bendC=0 refA=655829000 refB=332674000 refC=5000 bend_chk=['208806144', '607461632', '3438813440'] ref_chk=['208806144', '607461632', '3438813440']
deque.pop_front edge-empty count=200000 reps=512 sample=2 order=ABC bendA=202000000 bendB=103000000 bendC=0 refA=661957000 refB=306925000 refC=5000 bend_chk=['208806144', '607461632', '3438813440'] ref_chk=['208806144', '607461632', '3438813440']
deque.pop_front edge-empty count=200000 reps=512 sample=3 order=CBA bendA=202000000 bendB=102000000 bendC=0 refA=646089000 refB=323313000 refC=5000 bend_chk=['208806144', '607461632', '3438813440'] ref_chk=['208806144', '607461632', '3438813440']
deque.pop_front edge-empty count=200000 reps=512 sample=4 order=ABC bendA=206000000 bendB=100000000 bendC=0 refA=653994000 refB=323425000 refC=5000 bend_chk=['208806144', '607461632', '3438813440'] ref_chk=['208806144', '607461632', '3438813440']
deque.pop_front edge-empty count=200000 reps=512 sample=5 order=CBA bendA=203000000 bendB=102000000 bendC=0 refA=649710000 refB=326342000 refC=5000 bend_chk=['208806144', '607461632', '3438813440'] ref_chk=['208806144', '607461632', '3438813440']
deque.pop_back edge-empty calibrate count=200000 reps=1 bend_delta=0ns ref_delta=615000ns bendA=0ns
deque.pop_back edge-empty calibrate count=200000 reps=64 bend_delta=13000000ns ref_delta=43507000ns bendA=25000000ns
deque.pop_back edge-empty calibrate count=200000 reps=512 bend_delta=102000000ns ref_delta=316164000ns bendA=203000000ns
deque.pop_back edge-empty count=200000 reps=512 sample=0 order=ABC bendA=202000000 bendB=100000000 bendC=0 refA=653129000 refB=339039000 refC=5000 bend_chk=['1509032192', '4266983680', '330825984'] ref_chk=['1509032192', '4266983680', '330825984']
deque.pop_back edge-empty count=200000 reps=512 sample=1 order=CBA bendA=202000000 bendB=101000000 bendC=0 refA=673377000 refB=320562000 refC=5000 bend_chk=['1509032192', '4266983680', '330825984'] ref_chk=['1509032192', '4266983680', '330825984']
deque.pop_back edge-empty count=200000 reps=512 sample=2 order=ABC bendA=201000000 bendB=100000000 bendC=0 refA=647694000 refB=319715000 refC=6000 bend_chk=['1509032192', '4266983680', '330825984'] ref_chk=['1509032192', '4266983680', '330825984']
deque.pop_back edge-empty count=200000 reps=512 sample=3 order=CBA bendA=204000000 bendB=101000000 bendC=0 refA=651399000 refB=320807000 refC=6000 bend_chk=['1509032192', '4266983680', '330825984'] ref_chk=['1509032192', '4266983680', '330825984']
deque.pop_back edge-empty count=200000 reps=512 sample=4 order=ABC bendA=203000000 bendB=102000000 bendC=0 refA=648562000 refB=289556000 refC=6000 bend_chk=['1509032192', '4266983680', '330825984'] ref_chk=['1509032192', '4266983680', '330825984']
deque.pop_back edge-empty count=200000 reps=512 sample=5 order=CBA bendA=200000000 bendB=101000000 bendC=0 refA=670718000 refB=327128000 refC=5000 bend_chk=['1509032192', '4266983680', '330825984'] ref_chk=['1509032192', '4266983680', '330825984']
deque.peek_front edge-empty calibrate count=200000 reps=1 bend_delta=0ns ref_delta=177000ns bendA=0ns
deque.peek_front edge-empty calibrate count=12800000 reps=1 bend_delta=13000000ns ref_delta=12787000ns bendA=25000000ns
deque.peek_front edge-empty calibrate count=102400000 reps=1 bend_delta=101000000ns ref_delta=103091000ns bendA=201000000ns
deque.peek_front edge-empty count=102400000 reps=1 sample=0 order=ABC bendA=202000000 bendB=102000000 bendC=0 refA=205321000 refB=102701000 refC=0 bend_chk=['1576239599', '2935620079', '33263'] ref_chk=['1576239599', '2935620079', '33263']
deque.peek_front edge-empty count=102400000 reps=1 sample=1 order=CBA bendA=202000000 bendB=100000000 bendC=0 refA=206234000 refB=102595000 refC=1000 bend_chk=['1576239599', '2935620079', '33263'] ref_chk=['1576239599', '2935620079', '33263']
deque.peek_front edge-empty count=102400000 reps=1 sample=2 order=ABC bendA=202000000 bendB=100000000 bendC=0 refA=205433000 refB=102972000 refC=3000 bend_chk=['1576239599', '2935620079', '33263'] ref_chk=['1576239599', '2935620079', '33263']
deque.peek_front edge-empty count=102400000 reps=1 sample=3 order=CBA bendA=201000000 bendB=100000000 bendC=0 refA=207077000 refB=102303000 refC=0 bend_chk=['1576239599', '2935620079', '33263'] ref_chk=['1576239599', '2935620079', '33263']
deque.peek_front edge-empty count=102400000 reps=1 sample=4 order=ABC bendA=202000000 bendB=100000000 bendC=0 refA=205764000 refB=102632000 refC=0 bend_chk=['1576239599', '2935620079', '33263'] ref_chk=['1576239599', '2935620079', '33263']
deque.peek_front edge-empty count=102400000 reps=1 sample=5 order=CBA bendA=204000000 bendB=101000000 bendC=0 refA=206164000 refB=105791000 refC=0 bend_chk=['1576239599', '2935620079', '33263'] ref_chk=['1576239599', '2935620079', '33263']
deque.peek_back edge-empty calibrate count=200000 reps=1 bend_delta=0ns ref_delta=197000ns bendA=0ns
deque.peek_back edge-empty calibrate count=12800000 reps=1 bend_delta=13000000ns ref_delta=12794000ns bendA=25000000ns
deque.peek_back edge-empty calibrate count=102400000 reps=1 bend_delta=103000000ns ref_delta=102496000ns bendA=204000000ns
deque.peek_back edge-empty count=102400000 reps=1 sample=0 order=ABC bendA=205000000 bendB=101000000 bendC=0 refA=205387000 refB=102858000 refC=4000 bend_chk=['484409870', '2389705230', '33294'] ref_chk=['484409870', '2389705230', '33294']
deque.peek_back edge-empty count=102400000 reps=1 sample=1 order=CBA bendA=201000000 bendB=100000000 bendC=0 refA=206886000 refB=102333000 refC=0 bend_chk=['484409870', '2389705230', '33294'] ref_chk=['484409870', '2389705230', '33294']
deque.peek_back edge-empty count=102400000 reps=1 sample=2 order=ABC bendA=201000000 bendB=100000000 bendC=0 refA=205701000 refB=102917000 refC=3000 bend_chk=['484409870', '2389705230', '33294'] ref_chk=['484409870', '2389705230', '33294']
deque.peek_back edge-empty count=102400000 reps=1 sample=3 order=CBA bendA=201000000 bendB=101000000 bendC=0 refA=205847000 refB=103364000 refC=0 bend_chk=['484409870', '2389705230', '33294'] ref_chk=['484409870', '2389705230', '33294']
deque.peek_back edge-empty count=102400000 reps=1 sample=4 order=ABC bendA=202000000 bendB=100000000 bendC=0 refA=205506000 refB=102848000 refC=0 bend_chk=['484409870', '2389705230', '33294'] ref_chk=['484409870', '2389705230', '33294']
deque.peek_back edge-empty count=102400000 reps=1 sample=5 order=CBA bendA=201000000 bendB=101000000 bendC=0 refA=205766000 refB=103019000 refC=0 bend_chk=['484409870', '2389705230', '33294'] ref_chk=['484409870', '2389705230', '33294']
deque.to_list edge-empty calibrate count=200000 reps=1 bend_delta=-1000000ns ref_delta=362000ns bendA=0ns
deque.to_list edge-empty calibrate count=12800000 reps=1 bend_delta=20000000ns ref_delta=25634000ns bendA=40000000ns
deque.to_list edge-empty calibrate count=76800000 reps=1 bend_delta=121000000ns ref_delta=154283000ns bendA=241000000ns
deque.to_list edge-empty count=76800000 reps=1 sample=0 order=ABC bendA=240000000 bendB=121000000 bendC=0 refA=305886000 refB=153055000 refC=4000 bend_chk=['1375519277', '2969477677', '33325'] ref_chk=['1375519277', '2969477677', '33325']
deque.to_list edge-empty count=76800000 reps=1 sample=1 order=CBA bendA=241000000 bendB=121000000 bendC=0 refA=305554000 refB=152887000 refC=0 bend_chk=['1375519277', '2969477677', '33325'] ref_chk=['1375519277', '2969477677', '33325']
deque.to_list edge-empty count=76800000 reps=1 sample=2 order=ABC bendA=242000000 bendB=121000000 bendC=0 refA=306291000 refB=153037000 refC=0 bend_chk=['1375519277', '2969477677', '33325'] ref_chk=['1375519277', '2969477677', '33325']
deque.to_list edge-empty count=76800000 reps=1 sample=3 order=CBA bendA=243000000 bendB=121000000 bendC=0 refA=306000000 refB=152956000 refC=1000 bend_chk=['1375519277', '2969477677', '33325'] ref_chk=['1375519277', '2969477677', '33325']
deque.to_list edge-empty count=76800000 reps=1 sample=4 order=ABC bendA=241000000 bendB=121000000 bendC=0 refA=306820000 refB=154097000 refC=3000 bend_chk=['1375519277', '2969477677', '33325'] ref_chk=['1375519277', '2969477677', '33325']
deque.to_list edge-empty count=76800000 reps=1 sample=5 order=CBA bendA=241000000 bendB=122000000 bendC=0 refA=305900000 refB=153155000 refC=1000 bend_chk=['1375519277', '2969477677', '33325'] ref_chk=['1375519277', '2969477677', '33325']
queue.enqueue small calibrate count=200000 reps=1 bend_delta=2000000ns ref_delta=549000ns bendA=2000000ns
queue.enqueue small calibrate count=200000 reps=51 bend_delta=25000000ns ref_delta=24699000ns bendA=48000000ns
queue.enqueue small calibrate count=200000 reps=255 bend_delta=121000000ns ref_delta=128894000ns bendA=240000000ns
queue.enqueue small count=200000 reps=255 sample=0 order=ABC bendA=239000000 bendB=119000000 bendC=0 refA=269797000 refB=130392000 refC=88000 bend_chk=['1523231405', '2745133741', '443411117'] ref_chk=['1523231405', '2745133741', '443411117']
queue.enqueue small count=200000 reps=255 sample=1 order=CBA bendA=238000000 bendB=119000000 bendC=0 refA=258938000 refB=125405000 refC=89000 bend_chk=['1523231405', '2745133741', '443411117'] ref_chk=['1523231405', '2745133741', '443411117']
queue.enqueue small count=200000 reps=255 sample=2 order=ABC bendA=240000000 bendB=119000000 bendC=0 refA=266311000 refB=135209000 refC=86000 bend_chk=['1523231405', '2745133741', '443411117'] ref_chk=['1523231405', '2745133741', '443411117']
queue.enqueue small count=200000 reps=255 sample=3 order=CBA bendA=240000000 bendB=119000000 bendC=1000000 refA=256989000 refB=128904000 refC=83000 bend_chk=['1523231405', '2745133741', '443411117'] ref_chk=['1523231405', '2745133741', '443411117']
queue.enqueue small count=200000 reps=255 sample=4 order=ABC bendA=239000000 bendB=118000000 bendC=0 refA=257274000 refB=135528000 refC=91000 bend_chk=['1523231405', '2745133741', '443411117'] ref_chk=['1523231405', '2745133741', '443411117']
queue.enqueue small count=200000 reps=255 sample=5 order=CBA bendA=240000000 bendB=121000000 bendC=0 refA=260451000 refB=128411000 refC=85000 bend_chk=['1523231405', '2745133741', '443411117'] ref_chk=['1523231405', '2745133741', '443411117']
queue.enqueue medium calibrate count=100000 reps=1 bend_delta=1000000ns ref_delta=252000ns bendA=1000000ns
queue.enqueue medium calibrate count=100000 reps=64 bend_delta=15000000ns ref_delta=15658000ns bendA=31000000ns
queue.enqueue medium calibrate count=100000 reps=448 bend_delta=106000000ns ref_delta=111033000ns bendA=217000000ns
queue.enqueue medium count=100000 reps=448 sample=0 order=ABC bendA=216000000 bendB=110000000 bendC=8000000 refA=230034000 refB=119984000 refC=5393000 bend_chk=['1824249056', '3207570656', '3009115360'] ref_chk=['1824249056', '3207570656', '3009115360']
queue.enqueue medium count=100000 reps=448 sample=1 order=CBA bendA=215000000 bendB=111000000 bendC=8000000 refA=228971000 refB=114882000 refC=4993000 bend_chk=['1824249056', '3207570656', '3009115360'] ref_chk=['1824249056', '3207570656', '3009115360']
queue.enqueue medium count=100000 reps=448 sample=2 order=ABC bendA=215000000 bendB=112000000 bendC=7000000 refA=230848000 refB=125009000 refC=4872000 bend_chk=['1824249056', '3207570656', '3009115360'] ref_chk=['1824249056', '3207570656', '3009115360']
queue.enqueue medium count=100000 reps=448 sample=3 order=CBA bendA=215000000 bendB=111000000 bendC=7000000 refA=229809000 refB=114898000 refC=4924000 bend_chk=['1824249056', '3207570656', '3009115360'] ref_chk=['1824249056', '3207570656', '3009115360']
queue.enqueue medium count=100000 reps=448 sample=4 order=ABC bendA=215000000 bendB=112000000 bendC=7000000 refA=229420000 refB=116621000 refC=5088000 bend_chk=['1824249056', '3207570656', '3009115360'] ref_chk=['1824249056', '3207570656', '3009115360']
queue.enqueue medium count=100000 reps=448 sample=5 order=CBA bendA=216000000 bendB=110000000 bendC=8000000 refA=234403000 refB=119305000 refC=4985000 bend_chk=['1824249056', '3207570656', '3009115360'] ref_chk=['1824249056', '3207570656', '3009115360']
queue.enqueue large calibrate count=50000 reps=1 bend_delta=1000000ns ref_delta=107000ns bendA=2000000ns
queue.enqueue large calibrate count=262144 reps=1 bend_delta=2000000ns ref_delta=981000ns bendA=3000000ns
queue.enqueue large calibrate count=262144 reps=51 bend_delta=42000000ns ref_delta=46557000ns bendA=119000000ns
queue.enqueue large calibrate count=262144 reps=153 bend_delta=119000000ns ref_delta=155861000ns bendA=353000000ns
queue.enqueue large count=262144 reps=153 sample=0 order=ABC bendA=354000000 bendB=231000000 bendC=151000000 refA=371764000 refB=222383000 refC=116466000 bend_chk=['77750846', '1049780798', '2021810750'] ref_chk=['77750846', '1049780798', '2021810750']
queue.enqueue large count=262144 reps=153 sample=1 order=CBA bendA=355000000 bendB=232000000 bendC=151000000 refA=358072000 refB=213647000 refC=113375000 bend_chk=['77750846', '1049780798', '2021810750'] ref_chk=['77750846', '1049780798', '2021810750']
queue.enqueue large count=262144 reps=153 sample=2 order=ABC bendA=354000000 bendB=233000000 bendC=150000000 refA=354617000 refB=211187000 refC=112596000 bend_chk=['77750846', '1049780798', '2021810750'] ref_chk=['77750846', '1049780798', '2021810750']
queue.enqueue large count=262144 reps=153 sample=3 order=CBA bendA=375000000 bendB=254000000 bendC=152000000 refA=409993000 refB=228693000 refC=133384000 bend_chk=['77750846', '1049780798', '2021810750'] ref_chk=['77750846', '1049780798', '2021810750']
queue.enqueue large count=262144 reps=153 sample=4 order=ABC bendA=357000000 bendB=229000000 bendC=152000000 refA=360809000 refB=213134000 refC=111341000 bend_chk=['77750846', '1049780798', '2021810750'] ref_chk=['77750846', '1049780798', '2021810750']
queue.enqueue large count=262144 reps=153 sample=5 order=CBA bendA=354000000 bendB=231000000 bendC=151000000 refA=356468000 refB=215728000 refC=112280000 bend_chk=['77750846', '1049780798', '2021810750'] ref_chk=['77750846', '1049780798', '2021810750']
queue.peek small calibrate count=200000 reps=1 bend_delta=1000000ns ref_delta=205000ns bendA=1000000ns
queue.peek small calibrate count=12800000 reps=1 bend_delta=12000000ns ref_delta=12998000ns bendA=25000000ns
queue.peek small calibrate count=115200000 reps=1 bend_delta=115000000ns ref_delta=116979000ns bendA=232000000ns
queue.peek small count=115200000 reps=1 sample=0 order=ABC bendA=232000000 bendB=117000000 bendC=0 refA=233314000 refB=116547000 refC=13000 bend_chk=['483674121', '2287081481', '2412767241'] ref_chk=['483674121', '2287081481', '2412767241']
queue.peek small count=115200000 reps=1 sample=1 order=CBA bendA=232000000 bendB=116000000 bendC=0 refA=232334000 refB=116146000 refC=3000 bend_chk=['483674121', '2287081481', '2412767241'] ref_chk=['483674121', '2287081481', '2412767241']
queue.peek small count=115200000 reps=1 sample=2 order=ABC bendA=234000000 bendB=116000000 bendC=0 refA=231386000 refB=115812000 refC=1000 bend_chk=['483674121', '2287081481', '2412767241'] ref_chk=['483674121', '2287081481', '2412767241']
queue.peek small count=115200000 reps=1 sample=3 order=CBA bendA=232000000 bendB=116000000 bendC=0 refA=232627000 refB=116868000 refC=2000 bend_chk=['483674121', '2287081481', '2412767241'] ref_chk=['483674121', '2287081481', '2412767241']
queue.peek small count=115200000 reps=1 sample=4 order=ABC bendA=232000000 bendB=116000000 bendC=0 refA=232946000 refB=117209000 refC=0 bend_chk=['483674121', '2287081481', '2412767241'] ref_chk=['483674121', '2287081481', '2412767241']
queue.peek small count=115200000 reps=1 sample=5 order=CBA bendA=232000000 bendB=116000000 bendC=0 refA=231521000 refB=115499000 refC=3000 bend_chk=['483674121', '2287081481', '2412767241'] ref_chk=['483674121', '2287081481', '2412767241']
queue.peek medium calibrate count=100000 reps=1 bend_delta=-1000000ns ref_delta=95000ns bendA=0ns
queue.peek medium calibrate count=6400000 reps=1 bend_delta=6000000ns ref_delta=6089000ns bendA=13000000ns
queue.peek medium calibrate count=108800000 reps=1 bend_delta=109000000ns ref_delta=109730000ns bendA=218000000ns
queue.peek medium count=108800000 reps=1 sample=0 order=ABC bendA=220000000 bendB=110000000 bendC=0 refA=219107000 refB=109213000 refC=37000 bend_chk=['385182408', '1325118152', '2046950088'] ref_chk=['385182408', '1325118152', '2046950088']
queue.peek medium count=108800000 reps=1 sample=1 order=CBA bendA=223000000 bendB=110000000 bendC=0 refA=219203000 refB=116816000 refC=24000 bend_chk=['385182408', '1325118152', '2046950088'] ref_chk=['385182408', '1325118152', '2046950088']
queue.peek medium count=108800000 reps=1 sample=2 order=ABC bendA=220000000 bendB=111000000 bendC=0 refA=219383000 refB=109862000 refC=56000 bend_chk=['385182408', '1325118152', '2046950088'] ref_chk=['385182408', '1325118152', '2046950088']
queue.peek medium count=108800000 reps=1 sample=3 order=CBA bendA=218000000 bendB=110000000 bendC=0 refA=219509000 refB=110024000 refC=21000 bend_chk=['385182408', '1325118152', '2046950088'] ref_chk=['385182408', '1325118152', '2046950088']
queue.peek medium count=108800000 reps=1 sample=4 order=ABC bendA=218000000 bendB=110000000 bendC=0 refA=220677000 refB=109119000 refC=11000 bend_chk=['385182408', '1325118152', '2046950088'] ref_chk=['385182408', '1325118152', '2046950088']
queue.peek medium count=108800000 reps=1 sample=5 order=CBA bendA=219000000 bendB=110000000 bendC=0 refA=219015000 refB=109927000 refC=23000 bend_chk=['385182408', '1325118152', '2046950088'] ref_chk=['385182408', '1325118152', '2046950088']
queue.peek large calibrate count=50000 reps=1 bend_delta=0ns ref_delta=45000ns bendA=1000000ns
queue.peek large calibrate count=3200000 reps=1 bend_delta=3000000ns ref_delta=3175000ns bendA=7000000ns
queue.peek large calibrate count=108800000 reps=1 bend_delta=111000000ns ref_delta=108640000ns bendA=222000000ns
queue.peek large count=108800000 reps=1 sample=0 order=ABC bendA=220000000 bendB=111000000 bendC=1000000 refA=220716000 refB=111727000 refC=807000 bend_chk=['1356182247', '178133735', '3546710759'] ref_chk=['1356182247', '178133735', '3546710759']
queue.peek large count=108800000 reps=1 sample=1 order=CBA bendA=221000000 bendB=110000000 bendC=2000000 refA=220441000 refB=110617000 refC=802000 bend_chk=['1356182247', '178133735', '3546710759'] ref_chk=['1356182247', '178133735', '3546710759']
queue.peek large count=108800000 reps=1 sample=2 order=ABC bendA=233000000 bendB=111000000 bendC=1000000 refA=221050000 refB=110595000 refC=809000 bend_chk=['1356182247', '178133735', '3546710759'] ref_chk=['1356182247', '178133735', '3546710759']
queue.peek large count=108800000 reps=1 sample=3 order=CBA bendA=221000000 bendB=111000000 bendC=1000000 refA=220800000 refB=112179000 refC=790000 bend_chk=['1356182247', '178133735', '3546710759'] ref_chk=['1356182247', '178133735', '3546710759']
queue.peek large count=108800000 reps=1 sample=4 order=ABC bendA=224000000 bendB=111000000 bendC=1000000 refA=219956000 refB=110148000 refC=936000 bend_chk=['1356182247', '178133735', '3546710759'] ref_chk=['1356182247', '178133735', '3546710759']
queue.peek large count=108800000 reps=1 sample=5 order=CBA bendA=220000000 bendB=117000000 bendC=2000000 refA=221623000 refB=111039000 refC=794000 bend_chk=['1356182247', '178133735', '3546710759'] ref_chk=['1356182247', '178133735', '3546710759']
queue.length small calibrate count=200000 reps=1 bend_delta=1000000ns ref_delta=509000ns bendA=1000000ns
queue.length small calibrate count=12800000 reps=1 bend_delta=13000000ns ref_delta=35316000ns bendA=26000000ns
queue.length small calibrate count=102400000 reps=1 bend_delta=103000000ns ref_delta=279045000ns bendA=205000000ns
queue.length small count=102400000 reps=1 sample=0 order=ABC bendA=206000000 bendB=102000000 bendC=0 refA=552978000 refB=274998000 refC=1000 bend_chk=['3844422118', '3916282342', '3988142566'] ref_chk=['3844422118', '3916282342', '3988142566']
queue.length small count=102400000 reps=1 sample=1 order=CBA bendA=204000000 bendB=103000000 bendC=0 refA=550720000 refB=273116000 refC=3000 bend_chk=['3844422118', '3916282342', '3988142566'] ref_chk=['3844422118', '3916282342', '3988142566']
queue.length small count=102400000 reps=1 sample=2 order=ABC bendA=204000000 bendB=102000000 bendC=0 refA=553022000 refB=276089000 refC=11000 bend_chk=['3844422118', '3916282342', '3988142566'] ref_chk=['3844422118', '3916282342', '3988142566']
queue.length small count=102400000 reps=1 sample=3 order=CBA bendA=204000000 bendB=101000000 bendC=0 refA=550792000 refB=275128000 refC=3000 bend_chk=['3844422118', '3916282342', '3988142566'] ref_chk=['3844422118', '3916282342', '3988142566']
queue.length small count=102400000 reps=1 sample=4 order=ABC bendA=203000000 bendB=102000000 bendC=0 refA=548368000 refB=273471000 refC=1000 bend_chk=['3844422118', '3916282342', '3988142566'] ref_chk=['3844422118', '3916282342', '3988142566']
queue.length small count=102400000 reps=1 sample=5 order=CBA bendA=206000000 bendB=102000000 bendC=0 refA=548937000 refB=273416000 refC=3000 bend_chk=['3844422118', '3916282342', '3988142566'] ref_chk=['3844422118', '3916282342', '3988142566']
queue.length medium calibrate count=100000 reps=1 bend_delta=0ns ref_delta=279000ns bendA=0ns
queue.length medium calibrate count=6400000 reps=1 bend_delta=6000000ns ref_delta=18608000ns bendA=12000000ns
queue.length medium calibrate count=108800000 reps=1 bend_delta=108000000ns ref_delta=290380000ns bendA=215000000ns
queue.length medium count=108800000 reps=1 sample=0 order=ABC bendA=217000000 bendB=108000000 bendC=0 refA=580781000 refB=291034000 refC=45000 bend_chk=['1597442853', '848212773', '1290165029'] ref_chk=['1597442853', '848212773', '1290165029']
queue.length medium count=108800000 reps=1 sample=1 order=CBA bendA=217000000 bendB=108000000 bendC=0 refA=583450000 refB=291118000 refC=24000 bend_chk=['1597442853', '848212773', '1290165029'] ref_chk=['1597442853', '848212773', '1290165029']
queue.length medium count=108800000 reps=1 sample=2 order=ABC bendA=217000000 bendB=107000000 bendC=0 refA=587491000 refB=293626000 refC=51000 bend_chk=['1597442853', '848212773', '1290165029'] ref_chk=['1597442853', '848212773', '1290165029']
queue.length medium count=108800000 reps=1 sample=3 order=CBA bendA=216000000 bendB=109000000 bendC=0 refA=586410000 refB=290588000 refC=21000 bend_chk=['1597442853', '848212773', '1290165029'] ref_chk=['1597442853', '848212773', '1290165029']
queue.length medium count=108800000 reps=1 sample=4 order=ABC bendA=218000000 bendB=109000000 bendC=0 refA=579282000 refB=294061000 refC=16000 bend_chk=['1597442853', '848212773', '1290165029'] ref_chk=['1597442853', '848212773', '1290165029']
queue.length medium count=108800000 reps=1 sample=5 order=CBA bendA=215000000 bendB=108000000 bendC=0 refA=582340000 refB=288135000 refC=21000 bend_chk=['1597442853', '848212773', '1290165029'] ref_chk=['1597442853', '848212773', '1290165029']
queue.length large calibrate count=50000 reps=1 bend_delta=1000000ns ref_delta=110000ns bendA=2000000ns
queue.length large calibrate count=3200000 reps=1 bend_delta=3000000ns ref_delta=8477000ns bendA=7000000ns
queue.length large calibrate count=108800000 reps=1 bend_delta=109000000ns ref_delta=291037000ns bendA=217000000ns
queue.length large count=108800000 reps=1 sample=0 order=ABC bendA=218000000 bendB=108000000 bendC=1000000 refA=582003000 refB=289169000 refC=848000 bend_chk=['2779378500', '664025924', '2357101380'] ref_chk=['2779378500', '664025924', '2357101380']
queue.length large count=108800000 reps=1 sample=1 order=CBA bendA=217000000 bendB=109000000 bendC=1000000 refA=582516000 refB=292402000 refC=785000 bend_chk=['2779378500', '664025924', '2357101380'] ref_chk=['2779378500', '664025924', '2357101380']
queue.length large count=108800000 reps=1 sample=2 order=ABC bendA=217000000 bendB=110000000 bendC=1000000 refA=580965000 refB=289934000 refC=828000 bend_chk=['2779378500', '664025924', '2357101380'] ref_chk=['2779378500', '664025924', '2357101380']
queue.length large count=108800000 reps=1 sample=3 order=CBA bendA=219000000 bendB=110000000 bendC=1000000 refA=580423000 refB=287740000 refC=780000 bend_chk=['2779378500', '664025924', '2357101380'] ref_chk=['2779378500', '664025924', '2357101380']
queue.length large count=108800000 reps=1 sample=4 order=ABC bendA=218000000 bendB=110000000 bendC=1000000 refA=576950000 refB=292846000 refC=802000 bend_chk=['2779378500', '664025924', '2357101380'] ref_chk=['2779378500', '664025924', '2357101380']
queue.length large count=108800000 reps=1 sample=5 order=CBA bendA=216000000 bendB=108000000 bendC=2000000 refA=577503000 refB=288918000 refC=782000 bend_chk=['2779378500', '664025924', '2357101380'] ref_chk=['2779378500', '664025924', '2357101380']
queue.to_list small calibrate count=20000 reps=1 bend_delta=3000000ns ref_delta=3218000ns bendA=7000000ns
queue.to_list small calibrate count=680000 reps=1 bend_delta=122000000ns ref_delta=87186000ns bendA=242000000ns
queue.to_list small count=680000 reps=1 sample=0 order=ABC bendA=242000000 bendB=121000000 bendC=0 refA=174435000 refB=87792000 refC=0 bend_chk=['809054019', '1669332355', '1268550595'] ref_chk=['809054019', '1669332355', '1268550595']
queue.to_list small count=680000 reps=1 sample=1 order=CBA bendA=241000000 bendB=120000000 bendC=0 refA=175025000 refB=86729000 refC=2000 bend_chk=['809054019', '1669332355', '1268550595'] ref_chk=['809054019', '1669332355', '1268550595']
queue.to_list small count=680000 reps=1 sample=2 order=ABC bendA=242000000 bendB=120000000 bendC=0 refA=232168000 refB=116185000 refC=0 bend_chk=['809054019', '1669332355', '1268550595'] ref_chk=['809054019', '1669332355', '1268550595']
queue.to_list small count=680000 reps=1 sample=3 order=CBA bendA=241000000 bendB=120000000 bendC=0 refA=175121000 refB=87512000 refC=2000 bend_chk=['809054019', '1669332355', '1268550595'] ref_chk=['809054019', '1669332355', '1268550595']
queue.to_list small count=680000 reps=1 sample=4 order=ABC bendA=241000000 bendB=120000000 bendC=0 refA=173464000 refB=88162000 refC=1000 bend_chk=['809054019', '1669332355', '1268550595'] ref_chk=['809054019', '1669332355', '1268550595']
queue.to_list small count=680000 reps=1 sample=5 order=CBA bendA=243000000 bendB=121000000 bendC=0 refA=233158000 refB=118617000 refC=2000 bend_chk=['809054019', '1669332355', '1268550595'] ref_chk=['809054019', '1669332355', '1268550595']
queue.to_list medium calibrate count=1000 reps=1 bend_delta=9000000ns ref_delta=2788000ns bendA=18000000ns
queue.to_list medium calibrate count=12000 reps=1 bend_delta=111000000ns ref_delta=36011000ns bendA=221000000ns
queue.to_list medium count=12000 reps=1 sample=0 order=ABC bendA=221000000 bendB=111000000 bendC=0 refA=80124000 refB=33465000 refC=11000 bend_chk=['3659715778', '1542500386', '533379970'] ref_chk=['3659715778', '1542500386', '533379970']
queue.to_list medium count=12000 reps=1 sample=1 order=CBA bendA=221000000 bendB=110000000 bendC=0 refA=72357000 refB=35756000 refC=23000 bend_chk=['3659715778', '1542500386', '533379970'] ref_chk=['3659715778', '1542500386', '533379970']
queue.to_list medium count=12000 reps=1 sample=2 order=ABC bendA=220000000 bendB=110000000 bendC=0 refA=71317000 refB=36044000 refC=12000 bend_chk=['3659715778', '1542500386', '533379970'] ref_chk=['3659715778', '1542500386', '533379970']
queue.to_list medium count=12000 reps=1 sample=3 order=CBA bendA=222000000 bendB=111000000 bendC=0 refA=72854000 refB=37420000 refC=21000 bend_chk=['3659715778', '1542500386', '533379970'] ref_chk=['3659715778', '1542500386', '533379970']
queue.to_list medium count=12000 reps=1 sample=4 order=ABC bendA=220000000 bendB=110000000 bendC=0 refA=74329000 refB=36249000 refC=11000 bend_chk=['3659715778', '1542500386', '533379970'] ref_chk=['3659715778', '1542500386', '533379970']
queue.to_list medium count=12000 reps=1 sample=5 order=CBA bendA=222000000 bendB=110000000 bendC=1000000 refA=69827000 refB=36345000 refC=48000 bend_chk=['3659715778', '1542500386', '533379970'] ref_chk=['3659715778', '1542500386', '533379970']
queue.to_list large calibrate count=50 reps=1 bend_delta=25000000ns ref_delta=35543000ns bendA=49000000ns
queue.to_list large calibrate count=250 reps=1 bend_delta=118000000ns ref_delta=190130000ns bendA=235000000ns
queue.to_list large count=250 reps=1 sample=0 order=ABC bendA=231000000 bendB=115000000 bendC=1000000 refA=374533000 refB=200521000 refC=793000 bend_chk=['1611651469', '2053389343', '1167492001'] ref_chk=['1611651469', '2053389343', '1167492001']
queue.to_list large count=250 reps=1 sample=1 order=CBA bendA=234000000 bendB=117000000 bendC=1000000 refA=382376000 refB=188785000 refC=806000 bend_chk=['1611651469', '2053389343', '1167492001'] ref_chk=['1611651469', '2053389343', '1167492001']
queue.to_list large count=250 reps=1 sample=2 order=ABC bendA=235000000 bendB=118000000 bendC=1000000 refA=375636000 refB=189098000 refC=802000 bend_chk=['1611651469', '2053389343', '1167492001'] ref_chk=['1611651469', '2053389343', '1167492001']
queue.to_list large count=250 reps=1 sample=3 order=CBA bendA=233000000 bendB=116000000 bendC=1000000 refA=373830000 refB=192412000 refC=762000 bend_chk=['1611651469', '2053389343', '1167492001'] ref_chk=['1611651469', '2053389343', '1167492001']
queue.to_list large count=250 reps=1 sample=4 order=ABC bendA=241000000 bendB=121000000 bendC=1000000 refA=399212000 refB=190100000 refC=862000 bend_chk=['1611651469', '2053389343', '1167492001'] ref_chk=['1611651469', '2053389343', '1167492001']
queue.to_list large count=250 reps=1 sample=5 order=CBA bendA=235000000 bendB=120000000 bendC=1000000 refA=399337000 refB=204516000 refC=789000 bend_chk=['1611651469', '2053389343', '1167492001'] ref_chk=['1611651469', '2053389343', '1167492001']
queue.dequeue small calibrate count=200000 reps=1 bend_delta=1000000ns ref_delta=987000ns bendA=1000000ns
queue.dequeue small calibrate count=12800000 reps=1 bend_delta=26000000ns ref_delta=61682000ns bendA=52000000ns
queue.dequeue small calibrate count=51200000 reps=1 bend_delta=103000000ns ref_delta=250567000ns bendA=208000000ns
queue.dequeue small count=51200000 reps=1 sample=0 order=ABC bendA=206000000 bendB=105000000 bendC=0 refA=513835000 refB=250838000 refC=12000 bend_chk=['3758139520', '2000545920', '2843925920'] ref_chk=['3758139520', '2000545920', '2843925920']
queue.dequeue small count=51200000 reps=1 sample=1 order=CBA bendA=206000000 bendB=103000000 bendC=0 refA=484129000 refB=258570000 refC=3000 bend_chk=['3758139520', '2000545920', '2843925920'] ref_chk=['3758139520', '2000545920', '2843925920']
queue.dequeue small count=51200000 reps=1 sample=2 order=ABC bendA=205000000 bendB=103000000 bendC=0 refA=455434000 refB=238362000 refC=1000 bend_chk=['3758139520', '2000545920', '2843925920'] ref_chk=['3758139520', '2000545920', '2843925920']
queue.dequeue small count=51200000 reps=1 sample=3 order=CBA bendA=206000000 bendB=103000000 bendC=0 refA=445846000 refB=223277000 refC=2000 bend_chk=['3758139520', '2000545920', '2843925920'] ref_chk=['3758139520', '2000545920', '2843925920']
queue.dequeue small count=51200000 reps=1 sample=4 order=ABC bendA=206000000 bendB=104000000 bendC=0 refA=461136000 refB=230671000 refC=1000 bend_chk=['3758139520', '2000545920', '2843925920'] ref_chk=['3758139520', '2000545920', '2843925920']
queue.dequeue small count=51200000 reps=1 sample=5 order=CBA bendA=206000000 bendB=103000000 bendC=0 refA=439676000 refB=218042000 refC=2000 bend_chk=['3758139520', '2000545920', '2843925920'] ref_chk=['3758139520', '2000545920', '2843925920']
queue.dequeue medium calibrate count=100000 reps=1 bend_delta=1000000ns ref_delta=528000ns bendA=1000000ns
queue.dequeue medium calibrate count=6400000 reps=1 bend_delta=13000000ns ref_delta=31283000ns bendA=26000000ns
queue.dequeue medium calibrate count=51200000 reps=1 bend_delta=102000000ns ref_delta=233294000ns bendA=205000000ns
queue.dequeue medium count=51200000 reps=1 sample=0 order=ABC bendA=205000000 bendB=103000000 bendC=0 refA=466630000 refB=234080000 refC=13000 bend_chk=['2346136543', '3130995679', '4071562207'] ref_chk=['2346136543', '3130995679', '4071562207']
queue.dequeue medium count=51200000 reps=1 sample=1 order=CBA bendA=205000000 bendB=103000000 bendC=0 refA=509972000 refB=246000000 refC=20000 bend_chk=['2346136543', '3130995679', '4071562207'] ref_chk=['2346136543', '3130995679', '4071562207']
queue.dequeue medium count=51200000 reps=1 sample=2 order=ABC bendA=205000000 bendB=103000000 bendC=0 refA=448555000 refB=242542000 refC=37000 bend_chk=['2346136543', '3130995679', '4071562207'] ref_chk=['2346136543', '3130995679', '4071562207']
queue.dequeue medium count=51200000 reps=1 sample=3 order=CBA bendA=205000000 bendB=102000000 bendC=0 refA=488669000 refB=250303000 refC=22000 bend_chk=['2346136543', '3130995679', '4071562207'] ref_chk=['2346136543', '3130995679', '4071562207']
queue.dequeue medium count=51200000 reps=1 sample=4 order=ABC bendA=205000000 bendB=103000000 bendC=0 refA=481338000 refB=247076000 refC=12000 bend_chk=['2346136543', '3130995679', '4071562207'] ref_chk=['2346136543', '3130995679', '4071562207']
queue.dequeue medium count=51200000 reps=1 sample=5 order=CBA bendA=206000000 bendB=102000000 bendC=1000000 refA=476644000 refB=237322000 refC=22000 bend_chk=['2346136543', '3130995679', '4071562207'] ref_chk=['2346136543', '3130995679', '4071562207']
queue.dequeue large calibrate count=50000 reps=1 bend_delta=1000000ns ref_delta=248000ns bendA=2000000ns
queue.dequeue large calibrate count=3200000 reps=1 bend_delta=8000000ns ref_delta=14156000ns bendA=15000000ns
queue.dequeue large calibrate count=41600000 reps=1 bend_delta=83000000ns ref_delta=236812000ns bendA=168000000ns
queue.dequeue large calibrate count=83200000 reps=1 bend_delta=166000000ns ref_delta=370544000ns bendA=336000000ns
queue.dequeue large count=83200000 reps=1 sample=0 order=ABC bendA=336000000 bendB=168000000 bendC=1000000 refA=743507000 refB=395722000 refC=804000 bend_chk=['3924530174', '863767550', '4272849918'] ref_chk=['3924530174', '863767550', '4272849918']
queue.dequeue large count=83200000 reps=1 sample=1 order=CBA bendA=335000000 bendB=170000000 bendC=2000000 refA=791454000 refB=408613000 refC=791000 bend_chk=['3924530174', '863767550', '4272849918'] ref_chk=['3924530174', '863767550', '4272849918']
queue.dequeue large count=83200000 reps=1 sample=2 order=ABC bendA=337000000 bendB=168000000 bendC=1000000 refA=732812000 refB=372061000 refC=810000 bend_chk=['3924530174', '863767550', '4272849918'] ref_chk=['3924530174', '863767550', '4272849918']
queue.dequeue large count=83200000 reps=1 sample=3 order=CBA bendA=336000000 bendB=171000000 bendC=2000000 refA=741352000 refB=390511000 refC=773000 bend_chk=['3924530174', '863767550', '4272849918'] ref_chk=['3924530174', '863767550', '4272849918']
queue.dequeue large count=83200000 reps=1 sample=4 order=ABC bendA=336000000 bendB=168000000 bendC=1000000 refA=793752000 refB=391314000 refC=794000 bend_chk=['3924530174', '863767550', '4272849918'] ref_chk=['3924530174', '863767550', '4272849918']
queue.dequeue large count=83200000 reps=1 sample=5 order=CBA bendA=337000000 bendB=171000000 bendC=1000000 refA=771485000 refB=394694000 refC=810000 bend_chk=['3924530174', '863767550', '4272849918'] ref_chk=['3924530174', '863767550', '4272849918']
queue.new small calibrate count=200000 reps=1 bend_delta=0ns ref_delta=1681000ns bendA=0ns
queue.new small calibrate count=12800000 reps=1 bend_delta=13000000ns ref_delta=108079000ns bendA=26000000ns
queue.new small calibrate count=102400000 reps=1 bend_delta=102000000ns ref_delta=794110000ns bendA=205000000ns
queue.new small count=102400000 reps=1 sample=0 order=ABC bendA=204000000 bendB=102000000 bendC=0 refA=1783949000 refB=874964000 refC=11000 bend_chk=['2099523453', '1111928701', '124333949'] ref_chk=['2099523453', '1111928701', '124333949']
queue.new small count=102400000 reps=1 sample=1 order=CBA bendA=205000000 bendB=102000000 bendC=0 refA=1867483000 refB=880996000 refC=3000 bend_chk=['2099523453', '1111928701', '124333949'] ref_chk=['2099523453', '1111928701', '124333949']
queue.new small count=102400000 reps=1 sample=2 order=ABC bendA=203000000 bendB=103000000 bendC=0 refA=1721378000 refB=898659000 refC=1000 bend_chk=['2099523453', '1111928701', '124333949'] ref_chk=['2099523453', '1111928701', '124333949']
queue.new small count=102400000 reps=1 sample=3 order=CBA bendA=204000000 bendB=102000000 bendC=0 refA=1744335000 refB=871888000 refC=4000 bend_chk=['2099523453', '1111928701', '124333949'] ref_chk=['2099523453', '1111928701', '124333949']
queue.new small count=102400000 reps=1 sample=4 order=ABC bendA=204000000 bendB=101000000 bendC=0 refA=2097930000 refB=1062243000 refC=7000 bend_chk=['2099523453', '1111928701', '124333949'] ref_chk=['2099523453', '1111928701', '124333949']
queue.new small count=102400000 reps=1 sample=5 order=CBA bendA=315000000 bendB=102000000 bendC=0 refA=1872224000 refB=1141035000 refC=27000 bend_chk=['2099523453', '1111928701', '124333949'] ref_chk=['2099523453', '1111928701', '124333949']
queue.new medium calibrate count=200000 reps=1 bend_delta=-1000000ns ref_delta=1809000ns bendA=0ns
queue.new medium calibrate count=12800000 reps=1 bend_delta=13000000ns ref_delta=65170000ns bendA=26000000ns
queue.new medium calibrate count=102400000 reps=1 bend_delta=103000000ns ref_delta=890762000ns bendA=205000000ns
queue.new medium count=102400000 reps=1 sample=0 order=ABC bendA=204000000 bendB=103000000 bendC=0 refA=1795429000 refB=900849000 refC=40000 bend_chk=['3409607740', '3362192444', '3314777148'] ref_chk=['3409607740', '3362192444', '3314777148']
queue.new medium count=102400000 reps=1 sample=1 order=CBA bendA=204000000 bendB=102000000 bendC=0 refA=1793124000 refB=951919000 refC=22000 bend_chk=['3409607740', '3362192444', '3314777148'] ref_chk=['3409607740', '3362192444', '3314777148']
queue.new medium count=102400000 reps=1 sample=2 order=ABC bendA=204000000 bendB=101000000 bendC=0 refA=1777100000 refB=886834000 refC=46000 bend_chk=['3409607740', '3362192444', '3314777148'] ref_chk=['3409607740', '3362192444', '3314777148']
queue.new medium count=102400000 reps=1 sample=3 order=CBA bendA=204000000 bendB=103000000 bendC=0 refA=1794123000 refB=884700000 refC=20000 bend_chk=['3409607740', '3362192444', '3314777148'] ref_chk=['3409607740', '3362192444', '3314777148']
queue.new medium count=102400000 reps=1 sample=4 order=ABC bendA=204000000 bendB=103000000 bendC=0 refA=1781291000 refB=895682000 refC=39000 bend_chk=['3409607740', '3362192444', '3314777148'] ref_chk=['3409607740', '3362192444', '3314777148']
queue.new medium count=102400000 reps=1 sample=5 order=CBA bendA=203000000 bendB=102000000 bendC=0 refA=1791085000 refB=882435000 refC=23000 bend_chk=['3409607740', '3362192444', '3314777148'] ref_chk=['3409607740', '3362192444', '3314777148']
queue.new large calibrate count=50000 reps=1 bend_delta=0ns ref_delta=403000ns bendA=1000000ns
queue.new large calibrate count=3200000 reps=1 bend_delta=4000000ns ref_delta=25481000ns bendA=8000000ns
queue.new large calibrate count=83200000 reps=1 bend_delta=84000000ns ref_delta=700327000ns bendA=167000000ns
queue.new large calibrate count=166400000 reps=1 bend_delta=166000000ns ref_delta=1475149000ns bendA=333000000ns
queue.new large count=166400000 reps=1 sample=0 order=ABC bendA=334000000 bendB=167000000 bendC=1000000 refA=2892619000 refB=1457830000 refC=800000 bend_chk=['4147471451', '2843604059', '3083240539'] ref_chk=['4147471451', '2843604059', '3083240539']
queue.new large count=166400000 reps=1 sample=1 order=CBA bendA=332000000 bendB=167000000 bendC=1000000 refA=2908589000 refB=1454210000 refC=782000 bend_chk=['4147471451', '2843604059', '3083240539'] ref_chk=['4147471451', '2843604059', '3083240539']
queue.new large count=166400000 reps=1 sample=2 order=ABC bendA=334000000 bendB=167000000 bendC=1000000 refA=2884588000 refB=1450756000 refC=810000 bend_chk=['4147471451', '2843604059', '3083240539'] ref_chk=['4147471451', '2843604059', '3083240539']
queue.new large count=166400000 reps=1 sample=3 order=CBA bendA=332000000 bendB=167000000 bendC=2000000 refA=2919630000 refB=1429828000 refC=800000 bend_chk=['4147471451', '2843604059', '3083240539'] ref_chk=['4147471451', '2843604059', '3083240539']
queue.new large count=166400000 reps=1 sample=4 order=ABC bendA=336000000 bendB=169000000 bendC=1000000 refA=2979466000 refB=1457755000 refC=899000 bend_chk=['4147471451', '2843604059', '3083240539'] ref_chk=['4147471451', '2843604059', '3083240539']
queue.new large count=166400000 reps=1 sample=5 order=CBA bendA=333000000 bendB=166000000 bendC=2000000 refA=2861482000 refB=1426424000 refC=801000 bend_chk=['4147471451', '2843604059', '3083240539'] ref_chk=['4147471451', '2843604059', '3083240539']
queue.new edge-empty calibrate count=200000 reps=1 bend_delta=-1000000ns ref_delta=1712000ns bendA=0ns
queue.new edge-empty calibrate count=12800000 reps=1 bend_delta=14000000ns ref_delta=111857000ns bendA=26000000ns
queue.new edge-empty calibrate count=102400000 reps=1 bend_delta=105000000ns ref_delta=917337000ns bendA=206000000ns
queue.new edge-empty count=102400000 reps=1 sample=0 order=ABC bendA=204000000 bendB=102000000 bendC=0 refA=1784946000 refB=871392000 refC=1000 bend_chk=['3279914106', '1639974010', '33914'] ref_chk=['3279914106', '1639974010', '33914']
queue.new edge-empty count=102400000 reps=1 sample=1 order=CBA bendA=204000000 bendB=102000000 bendC=0 refA=1781721000 refB=872207000 refC=0 bend_chk=['3279914106', '1639974010', '33914'] ref_chk=['3279914106', '1639974010', '33914']
queue.new edge-empty count=102400000 reps=1 sample=2 order=ABC bendA=204000000 bendB=102000000 bendC=0 refA=1784781000 refB=921174000 refC=0 bend_chk=['3279914106', '1639974010', '33914'] ref_chk=['3279914106', '1639974010', '33914']
queue.new edge-empty count=102400000 reps=1 sample=3 order=CBA bendA=206000000 bendB=102000000 bendC=0 refA=1777099000 refB=899892000 refC=0 bend_chk=['3279914106', '1639974010', '33914'] ref_chk=['3279914106', '1639974010', '33914']
queue.new edge-empty count=102400000 reps=1 sample=4 order=ABC bendA=206000000 bendB=111000000 bendC=0 refA=1777252000 refB=892481000 refC=0 bend_chk=['3279914106', '1639974010', '33914'] ref_chk=['3279914106', '1639974010', '33914']
queue.new edge-empty count=102400000 reps=1 sample=5 order=CBA bendA=204000000 bendB=102000000 bendC=0 refA=1792262000 refB=874572000 refC=0 bend_chk=['3279914106', '1639974010', '33914'] ref_chk=['3279914106', '1639974010', '33914']
queue.length edge-empty calibrate count=200000 reps=1 bend_delta=0ns ref_delta=580000ns bendA=0ns
queue.length edge-empty calibrate count=12800000 reps=1 bend_delta=13000000ns ref_delta=36684000ns bendA=26000000ns
queue.length edge-empty calibrate count=102400000 reps=1 bend_delta=102000000ns ref_delta=282827000ns bendA=205000000ns
queue.length edge-empty count=102400000 reps=1 sample=0 order=ABC bendA=207000000 bendB=102000000 bendC=0 refA=561905000 refB=281512000 refC=0 bend_chk=['2188084377', '1094059161', '33945'] ref_chk=['2188084377', '1094059161', '33945']
queue.length edge-empty count=102400000 reps=1 sample=1 order=CBA bendA=204000000 bendB=103000000 bendC=0 refA=564149000 refB=279416000 refC=0 bend_chk=['2188084377', '1094059161', '33945'] ref_chk=['2188084377', '1094059161', '33945']
queue.length edge-empty count=102400000 reps=1 sample=2 order=ABC bendA=205000000 bendB=102000000 bendC=0 refA=567643000 refB=280869000 refC=0 bend_chk=['2188084377', '1094059161', '33945'] ref_chk=['2188084377', '1094059161', '33945']
queue.length edge-empty count=102400000 reps=1 sample=3 order=CBA bendA=205000000 bendB=103000000 bendC=0 refA=561145000 refB=278342000 refC=0 bend_chk=['2188084377', '1094059161', '33945'] ref_chk=['2188084377', '1094059161', '33945']
queue.length edge-empty count=102400000 reps=1 sample=4 order=ABC bendA=206000000 bendB=103000000 bendC=0 refA=558519000 refB=278540000 refC=0 bend_chk=['2188084377', '1094059161', '33945'] ref_chk=['2188084377', '1094059161', '33945']
queue.length edge-empty count=102400000 reps=1 sample=5 order=CBA bendA=204000000 bendB=103000000 bendC=0 refA=562221000 refB=289480000 refC=0 bend_chk=['2188084377', '1094059161', '33945'] ref_chk=['2188084377', '1094059161', '33945']
queue.enqueue edge-empty calibrate count=200000 reps=1 bend_delta=1000000ns ref_delta=546000ns bendA=1000000ns
queue.enqueue edge-empty calibrate count=200000 reps=64 bend_delta=30000000ns ref_delta=33066000ns bendA=60000000ns
queue.enqueue edge-empty calibrate count=200000 reps=256 bend_delta=118000000ns ref_delta=130555000ns bendA=239000000ns
queue.enqueue edge-empty count=200000 reps=256 sample=0 order=ABC bendA=239000000 bendB=119000000 bendC=0 refA=265889000 refB=130729000 refC=3000 bend_chk=['3123675264', '3666673792', '3010101376'] ref_chk=['3123675264', '3666673792', '3010101376']
queue.enqueue edge-empty count=200000 reps=256 sample=1 order=CBA bendA=239000000 bendB=119000000 bendC=0 refA=250101000 refB=123759000 refC=2000 bend_chk=['3123675264', '3666673792', '3010101376'] ref_chk=['3123675264', '3666673792', '3010101376']
queue.enqueue edge-empty count=200000 reps=256 sample=2 order=ABC bendA=241000000 bendB=119000000 bendC=0 refA=255110000 refB=127887000 refC=4000 bend_chk=['3123675264', '3666673792', '3010101376'] ref_chk=['3123675264', '3666673792', '3010101376']
queue.enqueue edge-empty count=200000 reps=256 sample=3 order=CBA bendA=239000000 bendB=120000000 bendC=0 refA=262562000 refB=127639000 refC=2000 bend_chk=['3123675264', '3666673792', '3010101376'] ref_chk=['3123675264', '3666673792', '3010101376']
queue.enqueue edge-empty count=200000 reps=256 sample=4 order=ABC bendA=239000000 bendB=119000000 bendC=0 refA=254213000 refB=127746000 refC=3000 bend_chk=['3123675264', '3666673792', '3010101376'] ref_chk=['3123675264', '3666673792', '3010101376']
queue.enqueue edge-empty count=200000 reps=256 sample=5 order=CBA bendA=239000000 bendB=120000000 bendC=0 refA=252480000 refB=126285000 refC=3000 bend_chk=['3123675264', '3666673792', '3010101376'] ref_chk=['3123675264', '3666673792', '3010101376']
queue.dequeue edge-empty calibrate count=200000 reps=1 bend_delta=1000000ns ref_delta=694000ns bendA=1000000ns
queue.dequeue edge-empty calibrate count=200000 reps=64 bend_delta=13000000ns ref_delta=39879000ns bendA=26000000ns
queue.dequeue edge-empty calibrate count=200000 reps=512 bend_delta=101000000ns ref_delta=332694000ns bendA=204000000ns
queue.dequeue edge-empty count=200000 reps=512 sample=0 order=ABC bendA=205000000 bendB=102000000 bendC=0 refA=652431000 refB=321571000 refC=5000 bend_chk=['3949912320', '1265754368', '4235518208'] ref_chk=['3949912320', '1265754368', '4235518208']
queue.dequeue edge-empty count=200000 reps=512 sample=1 order=CBA bendA=204000000 bendB=102000000 bendC=0 refA=651754000 refB=327230000 refC=5000 bend_chk=['3949912320', '1265754368', '4235518208'] ref_chk=['3949912320', '1265754368', '4235518208']
queue.dequeue edge-empty count=200000 reps=512 sample=2 order=ABC bendA=203000000 bendB=101000000 bendC=0 refA=668800000 refB=332250000 refC=5000 bend_chk=['3949912320', '1265754368', '4235518208'] ref_chk=['3949912320', '1265754368', '4235518208']
queue.dequeue edge-empty count=200000 reps=512 sample=3 order=CBA bendA=202000000 bendB=101000000 bendC=0 refA=682337000 refB=341686000 refC=5000 bend_chk=['3949912320', '1265754368', '4235518208'] ref_chk=['3949912320', '1265754368', '4235518208']
queue.dequeue edge-empty count=200000 reps=512 sample=4 order=ABC bendA=205000000 bendB=102000000 bendC=0 refA=673616000 refB=341764000 refC=5000 bend_chk=['3949912320', '1265754368', '4235518208'] ref_chk=['3949912320', '1265754368', '4235518208']
queue.dequeue edge-empty count=200000 reps=512 sample=5 order=CBA bendA=205000000 bendB=101000000 bendC=0 refA=646846000 refB=325775000 refC=24000 bend_chk=['3949912320', '1265754368', '4235518208'] ref_chk=['3949912320', '1265754368', '4235518208']
queue.peek edge-empty calibrate count=200000 reps=1 bend_delta=0ns ref_delta=201000ns bendA=0ns
queue.peek edge-empty calibrate count=12800000 reps=1 bend_delta=14000000ns ref_delta=12872000ns bendA=26000000ns
queue.peek edge-empty calibrate count=102400000 reps=1 bend_delta=102000000ns ref_delta=102401000ns bendA=204000000ns
queue.peek edge-empty count=102400000 reps=1 sample=0 order=ABC bendA=203000000 bendB=102000000 bendC=0 refA=205070000 refB=102535000 refC=0 bend_chk=['50300150', '2172650742', '34038'] ref_chk=['50300150', '2172650742', '34038']
queue.peek edge-empty count=102400000 reps=1 sample=1 order=CBA bendA=204000000 bendB=102000000 bendC=0 refA=205075000 refB=102081000 refC=0 bend_chk=['50300150', '2172650742', '34038'] ref_chk=['50300150', '2172650742', '34038']
queue.peek edge-empty count=102400000 reps=1 sample=2 order=ABC bendA=204000000 bendB=102000000 bendC=0 refA=223689000 refB=103632000 refC=5000 bend_chk=['50300150', '2172650742', '34038'] ref_chk=['50300150', '2172650742', '34038']
queue.peek edge-empty count=102400000 reps=1 sample=3 order=CBA bendA=204000000 bendB=102000000 bendC=0 refA=208717000 refB=102519000 refC=0 bend_chk=['50300150', '2172650742', '34038'] ref_chk=['50300150', '2172650742', '34038']
queue.peek edge-empty count=102400000 reps=1 sample=4 order=ABC bendA=206000000 bendB=102000000 bendC=0 refA=204256000 refB=102294000 refC=0 bend_chk=['50300150', '2172650742', '34038'] ref_chk=['50300150', '2172650742', '34038']
queue.peek edge-empty count=102400000 reps=1 sample=5 order=CBA bendA=204000000 bendB=102000000 bendC=0 refA=207435000 refB=102468000 refC=0 bend_chk=['50300150', '2172650742', '34038'] ref_chk=['50300150', '2172650742', '34038']
queue.to_list edge-empty calibrate count=200000 reps=1 bend_delta=1000000ns ref_delta=381000ns bendA=1000000ns
queue.to_list edge-empty calibrate count=12800000 reps=1 bend_delta=20000000ns ref_delta=25492000ns bendA=40000000ns
queue.to_list edge-empty calibrate count=76800000 reps=1 bend_delta=121000000ns ref_delta=151507000ns bendA=241000000ns
queue.to_list edge-empty count=76800000 reps=1 sample=0 order=ABC bendA=240000000 bendB=121000000 bendC=0 refA=305771000 refB=152595000 refC=0 bend_chk=['3197420821', '1732945173', '34069'] ref_chk=['3197420821', '1732945173', '34069']
queue.to_list edge-empty count=76800000 reps=1 sample=1 order=CBA bendA=242000000 bendB=121000000 bendC=0 refA=304873000 refB=155435000 refC=0 bend_chk=['3197420821', '1732945173', '34069'] ref_chk=['3197420821', '1732945173', '34069']
queue.to_list edge-empty count=76800000 reps=1 sample=2 order=ABC bendA=240000000 bendB=120000000 bendC=0 refA=307267000 refB=152631000 refC=0 bend_chk=['3197420821', '1732945173', '34069'] ref_chk=['3197420821', '1732945173', '34069']
queue.to_list edge-empty count=76800000 reps=1 sample=3 order=CBA bendA=241000000 bendB=122000000 bendC=0 refA=314994000 refB=152738000 refC=1000 bend_chk=['3197420821', '1732945173', '34069'] ref_chk=['3197420821', '1732945173', '34069']
queue.to_list edge-empty count=76800000 reps=1 sample=4 order=ABC bendA=242000000 bendB=120000000 bendC=0 refA=305607000 refB=152957000 refC=0 bend_chk=['3197420821', '1732945173', '34069'] ref_chk=['3197420821', '1732945173', '34069']
queue.to_list edge-empty count=76800000 reps=1 sample=5 order=CBA bendA=242000000 bendB=125000000 bendC=0 refA=308331000 refB=153195000 refC=0 bend_chk=['3197420821', '1732945173', '34069'] ref_chk=['3197420821', '1732945173', '34069']
