deque.push_front small calibrate count=200000 reps=1 bend_delta=1000000ns ref_delta=561000ns bendA=4000000ns
deque.push_front small calibrate count=200000 reps=64 bend_delta=131000000ns ref_delta=39750000ns bendA=255000000ns
deque.push_front small count=200000 reps=64 sample=0 order=ABC bendA=260000000 bendB=126000000 bendC=0 refA=75822000 refB=39122000 refC=24000 bend_chk=['2517577760', '2846265376', '1801318432'] ref_chk=['2517577760', '2846265376', '1801318432']
deque.push_front small count=200000 reps=64 sample=1 order=CBA bendA=260000000 bendB=122000000 bendC=0 refA=77044000 refB=37162000 refC=28000 bend_chk=['2517577760', '2846265376', '1801318432'] ref_chk=['2517577760', '2846265376', '1801318432']
deque.push_front small count=200000 reps=64 sample=2 order=ABC bendA=241000000 bendB=115000000 bendC=0 refA=74489000 refB=38801000 refC=27000 bend_chk=['2517577760', '2846265376', '1801318432'] ref_chk=['2517577760', '2846265376', '1801318432']
deque.push_front small count=200000 reps=64 sample=3 order=CBA bendA=233000000 bendB=110000000 bendC=0 refA=71063000 refB=33858000 refC=27000 bend_chk=['2517577760', '2846265376', '1801318432'] ref_chk=['2517577760', '2846265376', '1801318432']
deque.push_front small count=200000 reps=64 sample=4 order=ABC bendA=234000000 bendB=112000000 bendC=0 refA=69121000 refB=35737000 refC=26000 bend_chk=['2517577760', '2846265376', '1801318432'] ref_chk=['2517577760', '2846265376', '1801318432']
deque.push_front small count=200000 reps=64 sample=5 order=CBA bendA=242000000 bendB=112000000 bendC=0 refA=74145000 refB=36013000 refC=28000 bend_chk=['2517577760', '2846265376', '1801318432'] ref_chk=['2517577760', '2846265376', '1801318432']
deque.push_front medium calibrate count=100000 reps=1 bend_delta=1000000ns ref_delta=269000ns bendA=2000000ns
deque.push_front medium calibrate count=100000 reps=64 bend_delta=59000000ns ref_delta=17241000ns bendA=115000000ns
deque.push_front medium calibrate count=100000 reps=128 bend_delta=111000000ns ref_delta=33422000ns bendA=229000000ns
deque.push_front medium count=100000 reps=128 sample=0 order=ABC bendA=235000000 bendB=118000000 bendC=5000000 refA=70500000 refB=37511000 refC=1568000 bend_chk=['2787915840', '3104806976', '956495936'] ref_chk=['2787915840', '3104806976', '956495936']
deque.push_front medium count=100000 reps=128 sample=1 order=CBA bendA=234000000 bendB=115000000 bendC=5000000 refA=79783000 refB=36944000 refC=1531000 bend_chk=['2787915840', '3104806976', '956495936'] ref_chk=['2787915840', '3104806976', '956495936']
deque.push_front medium count=100000 reps=128 sample=2 order=ABC bendA=225000000 bendB=120000000 bendC=6000000 refA=77508000 refB=41654000 refC=1588000 bend_chk=['2787915840', '3104806976', '956495936'] ref_chk=['2787915840', '3104806976', '956495936']
deque.push_front medium count=100000 reps=128 sample=3 order=CBA bendA=232000000 bendB=113000000 bendC=5000000 refA=74531000 refB=35783000 refC=1641000 bend_chk=['2787915840', '3104806976', '956495936'] ref_chk=['2787915840', '3104806976', '956495936']
deque.push_front medium count=100000 reps=128 sample=4 order=ABC bendA=231000000 bendB=117000000 bendC=6000000 refA=73960000 refB=39215000 refC=1591000 bend_chk=['2787915840', '3104806976', '956495936'] ref_chk=['2787915840', '3104806976', '956495936']
deque.push_front medium count=100000 reps=128 sample=5 order=CBA bendA=235000000 bendB=121000000 bendC=5000000 refA=75320000 refB=36190000 refC=1464000 bend_chk=['2787915840', '3104806976', '956495936'] ref_chk=['2787915840', '3104806976', '956495936']
deque.push_front large calibrate count=50000 reps=1 bend_delta=2000000ns ref_delta=121000ns bendA=5000000ns
deque.push_front large calibrate count=262144 reps=1 bend_delta=4000000ns ref_delta=1159000ns bendA=9000000ns
deque.push_front large calibrate count=262144 reps=26 bend_delta=79000000ns ref_delta=24101000ns bendA=205000000ns
deque.push_front large calibrate count=262144 reps=52 bend_delta=138000000ns ref_delta=53950000ns bendA=406000000ns
deque.push_front large count=262144 reps=52 sample=0 order=ABC bendA=417000000 bendB=262000000 bendC=148000000 refA=134980000 refB=85121000 refC=46120000 bend_chk=['282067098', '87031962', '4186964122'] ref_chk=['282067098', '87031962', '4186964122']
deque.push_front large count=262144 reps=52 sample=1 order=CBA bendA=410000000 bendB=269000000 bendC=145000000 refA=140909000 refB=85277000 refC=43297000 bend_chk=['282067098', '87031962', '4186964122'] ref_chk=['282067098', '87031962', '4186964122']
deque.push_front large count=262144 reps=52 sample=2 order=ABC bendA=412000000 bendB=259000000 bendC=144000000 refA=138708000 refB=87091000 refC=47191000 bend_chk=['282067098', '87031962', '4186964122'] ref_chk=['282067098', '87031962', '4186964122']
deque.push_front large count=262144 reps=52 sample=3 order=CBA bendA=412000000 bendB=274000000 bendC=144000000 refA=144442000 refB=85972000 refC=43195000 bend_chk=['282067098', '87031962', '4186964122'] ref_chk=['282067098', '87031962', '4186964122']
deque.push_front large count=262144 reps=52 sample=4 order=ABC bendA=414000000 bendB=258000000 bendC=142000000 refA=134633000 refB=84871000 refC=46509000 bend_chk=['282067098', '87031962', '4186964122'] ref_chk=['282067098', '87031962', '4186964122']
deque.push_front large count=262144 reps=52 sample=5 order=CBA bendA=403000000 bendB=283000000 bendC=141000000 refA=139922000 refB=84718000 refC=43123000 bend_chk=['282067098', '87031962', '4186964122'] ref_chk=['282067098', '87031962', '4186964122']
deque.push_back small calibrate count=200000 reps=1 bend_delta=4000000ns ref_delta=580000ns bendA=5000000ns
deque.push_back small calibrate count=200000 reps=26 bend_delta=54000000ns ref_delta=13580000ns bendA=99000000ns
deque.push_back small calibrate count=200000 reps=52 bend_delta=100000000ns ref_delta=29516000ns bendA=196000000ns
deque.push_back small count=200000 reps=52 sample=0 order=ABC bendA=193000000 bendB=93000000 bendC=0 refA=56149000 refB=29426000 refC=19000 bend_chk=['166657114', '4122458714', '3057285210'] ref_chk=['166657114', '4122458714', '3057285210']
deque.push_back small count=200000 reps=52 sample=1 order=CBA bendA=195000000 bendB=91000000 bendC=0 refA=57479000 refB=27605000 refC=22000 bend_chk=['166657114', '4122458714', '3057285210'] ref_chk=['166657114', '4122458714', '3057285210']
deque.push_back small count=200000 reps=52 sample=2 order=ABC bendA=197000000 bendB=96000000 bendC=0 refA=57805000 refB=30959000 refC=22000 bend_chk=['166657114', '4122458714', '3057285210'] ref_chk=['166657114', '4122458714', '3057285210']
deque.push_back small count=200000 reps=52 sample=3 order=CBA bendA=195000000 bendB=92000000 bendC=0 refA=57768000 refB=27140000 refC=22000 bend_chk=['166657114', '4122458714', '3057285210'] ref_chk=['166657114', '4122458714', '3057285210']
deque.push_back small count=200000 reps=52 sample=4 order=ABC bendA=193000000 bendB=94000000 bendC=0 refA=57143000 refB=30125000 refC=22000 bend_chk=['166657114', '4122458714', '3057285210'] ref_chk=['166657114', '4122458714', '3057285210']
deque.push_back small count=200000 reps=52 sample=5 order=CBA bendA=201000000 bendB=91000000 bendC=0 refA=61909000 refB=29421000 refC=22000 bend_chk=['166657114', '4122458714', '3057285210'] ref_chk=['166657114', '4122458714', '3057285210']
deque.push_back medium calibrate count=100000 reps=1 bend_delta=1000000ns ref_delta=310000ns bendA=2000000ns
deque.push_back medium calibrate count=100000 reps=64 bend_delta=64000000ns ref_delta=18410000ns bendA=122000000ns
deque.push_back medium calibrate count=100000 reps=128 bend_delta=116000000ns ref_delta=32538000ns bendA=239000000ns
deque.push_back medium count=100000 reps=128 sample=0 order=ABC bendA=239000000 bendB=124000000 bendC=6000000 refA=71773000 refB=38017000 refC=1530000 bend_chk=['1719935040', '2904784960', '1255333952'] ref_chk=['1719935040', '2904784960', '1255333952']
deque.push_back medium count=100000 reps=128 sample=1 order=CBA bendA=241000000 bendB=121000000 bendC=5000000 refA=73501000 refB=34934000 refC=1657000 bend_chk=['1719935040', '2904784960', '1255333952'] ref_chk=['1719935040', '2904784960', '1255333952']
deque.push_back medium count=100000 reps=128 sample=2 order=ABC bendA=237000000 bendB=123000000 bendC=5000000 refA=72346000 refB=38680000 refC=1661000 bend_chk=['1719935040', '2904784960', '1255333952'] ref_chk=['1719935040', '2904784960', '1255333952']
deque.push_back medium count=100000 reps=128 sample=3 order=CBA bendA=240000000 bendB=120000000 bendC=6000000 refA=73449000 refB=35024000 refC=1537000 bend_chk=['1719935040', '2904784960', '1255333952'] ref_chk=['1719935040', '2904784960', '1255333952']
deque.push_back medium count=100000 reps=128 sample=4 order=ABC bendA=238000000 bendB=123000000 bendC=6000000 refA=70007000 refB=37406000 refC=1764000 bend_chk=['1719935040', '2904784960', '1255333952'] ref_chk=['1719935040', '2904784960', '1255333952']
deque.push_back medium count=100000 reps=128 sample=5 order=CBA bendA=239000000 bendB=124000000 bendC=6000000 refA=73794000 refB=34901000 refC=1539000 bend_chk=['1719935040', '2904784960', '1255333952'] ref_chk=['1719935040', '2904784960', '1255333952']
deque.push_back large calibrate count=50000 reps=1 bend_delta=1000000ns ref_delta=159000ns bendA=5000000ns
deque.push_back large calibrate count=262144 reps=1 bend_delta=4000000ns ref_delta=1099000ns bendA=9000000ns
deque.push_back large calibrate count=262144 reps=26 bend_delta=71000000ns ref_delta=25395000ns bendA=203000000ns
deque.push_back large calibrate count=262144 reps=52 bend_delta=144000000ns ref_delta=54332000ns bendA=414000000ns
deque.push_back large count=262144 reps=52 sample=0 order=ABC bendA=414000000 bendB=264000000 bendC=148000000 refA=135822000 refB=85325000 refC=46431000 bend_chk=['4130940634', '3331925722', '2532910810'] ref_chk=['4130940634', '3331925722', '2532910810']
deque.push_back large count=262144 reps=52 sample=1 order=CBA bendA=416000000 bendB=276000000 bendC=145000000 refA=142556000 refB=82966000 refC=44278000 bend_chk=['4130940634', '3331925722', '2532910810'] ref_chk=['4130940634', '3331925722', '2532910810']
deque.push_back large count=262144 reps=52 sample=2 order=ABC bendA=416000000 bendB=264000000 bendC=149000000 refA=139454000 refB=88338000 refC=49288000 bend_chk=['4130940634', '3331925722', '2532910810'] ref_chk=['4130940634', '3331925722', '2532910810']
deque.push_back large count=262144 reps=52 sample=3 order=CBA bendA=416000000 bendB=275000000 bendC=143000000 refA=138395000 refB=86808000 refC=45549000 bend_chk=['4130940634', '3331925722', '2532910810'] ref_chk=['4130940634', '3331925722', '2532910810']
deque.push_back large count=262144 reps=52 sample=4 order=ABC bendA=416000000 bendB=263000000 bendC=149000000 refA=137706000 refB=85703000 refC=47465000 bend_chk=['4130940634', '3331925722', '2532910810'] ref_chk=['4130940634', '3331925722', '2532910810']
deque.push_back large count=262144 reps=52 sample=5 order=CBA bendA=427000000 bendB=274000000 bendC=148000000 refA=138144000 refB=83189000 refC=43233000 bend_chk=['4130940634', '3331925722', '2532910810'] ref_chk=['4130940634', '3331925722', '2532910810']
deque.peek_front small calibrate count=200000 reps=1 bend_delta=1000000ns ref_delta=210000ns bendA=1000000ns
deque.peek_front small calibrate count=12800000 reps=1 bend_delta=13000000ns ref_delta=13060000ns bendA=26000000ns
deque.peek_front small calibrate count=102400000 reps=1 bend_delta=102000000ns ref_delta=110470000ns bendA=206000000ns
deque.peek_front small count=102400000 reps=1 sample=0 order=ABC bendA=206000000 bendB=104000000 bendC=0 refA=208878000 refB=104326000 refC=1000 bend_chk=['3711525770', '2987516810', '2263507850'] ref_chk=['3711525770', '2987516810', '2263507850']
deque.peek_front small count=102400000 reps=1 sample=1 order=CBA bendA=209000000 bendB=103000000 bendC=0 refA=208883000 refB=104870000 refC=4000 bend_chk=['3711525770', '2987516810', '2263507850'] ref_chk=['3711525770', '2987516810', '2263507850']
deque.peek_front small count=102400000 reps=1 sample=2 order=ABC bendA=208000000 bendB=104000000 bendC=0 refA=209498000 refB=104806000 refC=1000 bend_chk=['3711525770', '2987516810', '2263507850'] ref_chk=['3711525770', '2987516810', '2263507850']
deque.peek_front small count=102400000 reps=1 sample=3 order=CBA bendA=207000000 bendB=104000000 bendC=0 refA=208901000 refB=104539000 refC=5000 bend_chk=['3711525770', '2987516810', '2263507850'] ref_chk=['3711525770', '2987516810', '2263507850']
deque.peek_front small count=102400000 reps=1 sample=4 order=ABC bendA=207000000 bendB=104000000 bendC=0 refA=210330000 refB=104981000 refC=2000 bend_chk=['3711525770', '2987516810', '2263507850'] ref_chk=['3711525770', '2987516810', '2263507850']
deque.peek_front small count=102400000 reps=1 sample=5 order=CBA bendA=208000000 bendB=104000000 bendC=0 refA=208713000 refB=104538000 refC=3000 bend_chk=['3711525770', '2987516810', '2263507850'] ref_chk=['3711525770', '2987516810', '2263507850']
deque.peek_front medium calibrate count=100000 reps=1 bend_delta=1000000ns ref_delta=106000ns bendA=1000000ns
deque.peek_front medium calibrate count=6400000 reps=1 bend_delta=7000000ns ref_delta=6564000ns bendA=13000000ns
deque.peek_front medium calibrate count=96000000 reps=1 bend_delta=97000000ns ref_delta=98944000ns bendA=195000000ns
deque.peek_front medium calibrate count=192000000 reps=1 bend_delta=195000000ns ref_delta=198347000ns bendA=389000000ns
deque.peek_front medium count=192000000 reps=1 sample=0 order=ABC bendA=390000000 bendB=194000000 bendC=0 refA=400405000 refB=202989000 refC=14000 bend_chk=['1230927561', '734537417', '1781651145'] ref_chk=['1230927561', '734537417', '1781651145']
deque.peek_front medium count=192000000 reps=1 sample=1 order=CBA bendA=390000000 bendB=194000000 bendC=0 refA=404807000 refB=198677000 refC=26000 bend_chk=['1230927561', '734537417', '1781651145'] ref_chk=['1230927561', '734537417', '1781651145']
deque.peek_front medium count=192000000 reps=1 sample=2 order=ABC bendA=390000000 bendB=196000000 bendC=0 refA=392593000 refB=196469000 refC=14000 bend_chk=['1230927561', '734537417', '1781651145'] ref_chk=['1230927561', '734537417', '1781651145']
deque.peek_front medium count=192000000 reps=1 sample=3 order=CBA bendA=391000000 bendB=194000000 bendC=0 refA=391709000 refB=195565000 refC=26000 bend_chk=['1230927561', '734537417', '1781651145'] ref_chk=['1230927561', '734537417', '1781651145']
deque.peek_front medium count=192000000 reps=1 sample=4 order=ABC bendA=389000000 bendB=196000000 bendC=0 refA=392812000 refB=195800000 refC=14000 bend_chk=['1230927561', '734537417', '1781651145'] ref_chk=['1230927561', '734537417', '1781651145']
deque.peek_front medium count=192000000 reps=1 sample=5 order=CBA bendA=392000000 bendB=194000000 bendC=0 refA=391820000 refB=195945000 refC=26000 bend_chk=['1230927561', '734537417', '1781651145'] ref_chk=['1230927561', '734537417', '1781651145']
deque.peek_front large calibrate count=50000 reps=1 bend_delta=1000000ns ref_delta=65000ns bendA=4000000ns
deque.peek_front large calibrate count=3200000 reps=1 bend_delta=3000000ns ref_delta=3213000ns bendA=9000000ns
deque.peek_front large calibrate count=108800000 reps=1 bend_delta=111000000ns ref_delta=157137000ns bendA=224000000ns
deque.peek_front large count=108800000 reps=1 sample=0 order=ABC bendA=224000000 bendB=113000000 bendC=2000000 refA=223021000 refB=112183000 refC=816000 bend_chk=['3235507944', '379336424', '3747512040'] ref_chk=['3235507944', '379336424', '3747512040']
deque.peek_front large count=108800000 reps=1 sample=1 order=CBA bendA=224000000 bendB=114000000 bendC=4000000 refA=223723000 refB=112256000 refC=866000 bend_chk=['3235507944', '379336424', '3747512040'] ref_chk=['3235507944', '379336424', '3747512040']
deque.peek_front large count=108800000 reps=1 sample=2 order=ABC bendA=224000000 bendB=113000000 bendC=2000000 refA=224930000 refB=112526000 refC=852000 bend_chk=['3235507944', '379336424', '3747512040'] ref_chk=['3235507944', '379336424', '3747512040']
deque.peek_front large count=108800000 reps=1 sample=3 order=CBA bendA=224000000 bendB=112000000 bendC=4000000 refA=223296000 refB=112690000 refC=899000 bend_chk=['3235507944', '379336424', '3747512040'] ref_chk=['3235507944', '379336424', '3747512040']
deque.peek_front large count=108800000 reps=1 sample=4 order=ABC bendA=224000000 bendB=114000000 bendC=3000000 refA=224806000 refB=116117000 refC=878000 bend_chk=['3235507944', '379336424', '3747512040'] ref_chk=['3235507944', '379336424', '3747512040']
deque.peek_front large count=108800000 reps=1 sample=5 order=CBA bendA=222000000 bendB=113000000 bendC=4000000 refA=230541000 refB=112119000 refC=901000 bend_chk=['3235507944', '379336424', '3747512040'] ref_chk=['3235507944', '379336424', '3747512040']
deque.peek_back small calibrate count=200000 reps=1 bend_delta=1000000ns ref_delta=210000ns bendA=1000000ns
deque.peek_back small calibrate count=12800000 reps=1 bend_delta=12000000ns ref_delta=12918000ns bendA=26000000ns
deque.peek_back small calibrate count=115200000 reps=1 bend_delta=116000000ns ref_delta=113775000ns bendA=233000000ns
deque.peek_back small count=115200000 reps=1 sample=0 order=ABC bendA=235000000 bendB=117000000 bendC=0 refA=238150000 refB=122026000 refC=0 bend_chk=['3214808423', '2486658407', '3838883175'] ref_chk=['3214808423', '2486658407', '3838883175']
deque.peek_back small count=115200000 reps=1 sample=1 order=CBA bendA=234000000 bendB=117000000 bendC=0 refA=235023000 refB=117652000 refC=4000 bend_chk=['3214808423', '2486658407', '3838883175'] ref_chk=['3214808423', '2486658407', '3838883175']
deque.peek_back small count=115200000 reps=1 sample=2 order=ABC bendA=235000000 bendB=117000000 bendC=0 refA=234875000 refB=117329000 refC=1000 bend_chk=['3214808423', '2486658407', '3838883175'] ref_chk=['3214808423', '2486658407', '3838883175']
deque.peek_back small count=115200000 reps=1 sample=3 order=CBA bendA=234000000 bendB=116000000 bendC=0 refA=234935000 refB=118414000 refC=4000 bend_chk=['3214808423', '2486658407', '3838883175'] ref_chk=['3214808423', '2486658407', '3838883175']
deque.peek_back small count=115200000 reps=1 sample=4 order=ABC bendA=233000000 bendB=116000000 bendC=0 refA=236154000 refB=117956000 refC=4000 bend_chk=['3214808423', '2486658407', '3838883175'] ref_chk=['3214808423', '2486658407', '3838883175']
deque.peek_back small count=115200000 reps=1 sample=5 order=CBA bendA=234000000 bendB=118000000 bendC=0 refA=235686000 refB=117611000 refC=5000 bend_chk=['3214808423', '2486658407', '3838883175'] ref_chk=['3214808423', '2486658407', '3838883175']
deque.peek_back medium calibrate count=100000 reps=1 bend_delta=1000000ns ref_delta=114000ns bendA=1000000ns
deque.peek_back medium calibrate count=6400000 reps=1 bend_delta=6000000ns ref_delta=6557000ns bendA=13000000ns
deque.peek_back medium calibrate count=108800000 reps=1 bend_delta=108000000ns ref_delta=112401000ns bendA=219000000ns
deque.peek_back medium count=108800000 reps=1 sample=0 order=ABC bendA=222000000 bendB=110000000 bendC=0 refA=221343000 refB=110771000 refC=13000 bend_chk=['4235601702', '122040102', '1024866086'] ref_chk=['4235601702', '122040102', '1024866086']
deque.peek_back medium count=108800000 reps=1 sample=1 order=CBA bendA=224000000 bendB=110000000 bendC=0 refA=222572000 refB=110809000 refC=26000 bend_chk=['4235601702', '122040102', '1024866086'] ref_chk=['4235601702', '122040102', '1024866086']
deque.peek_back medium count=108800000 reps=1 sample=2 order=ABC bendA=221000000 bendB=112000000 bendC=0 refA=222536000 refB=111355000 refC=16000 bend_chk=['4235601702', '122040102', '1024866086'] ref_chk=['4235601702', '122040102', '1024866086']
deque.peek_back medium count=108800000 reps=1 sample=3 order=CBA bendA=222000000 bendB=111000000 bendC=0 refA=221823000 refB=111154000 refC=28000 bend_chk=['4235601702', '122040102', '1024866086'] ref_chk=['4235601702', '122040102', '1024866086']
deque.peek_back medium count=108800000 reps=1 sample=4 order=ABC bendA=222000000 bendB=110000000 bendC=0 refA=223719000 refB=113148000 refC=13000 bend_chk=['4235601702', '122040102', '1024866086'] ref_chk=['4235601702', '122040102', '1024866086']
deque.peek_back medium count=108800000 reps=1 sample=5 order=CBA bendA=220000000 bendB=111000000 bendC=0 refA=222932000 refB=111101000 refC=26000 bend_chk=['4235601702', '122040102', '1024866086'] ref_chk=['4235601702', '122040102', '1024866086']
deque.peek_back large calibrate count=50000 reps=1 bend_delta=2000000ns ref_delta=68000ns bendA=4000000ns
deque.peek_back large calibrate count=2550000 reps=1 bend_delta=3000000ns ref_delta=2553000ns bendA=8000000ns
deque.peek_back large calibrate count=86700000 reps=1 bend_delta=88000000ns ref_delta=88733000ns bendA=179000000ns
deque.peek_back large calibrate count=173400000 reps=1 bend_delta=175000000ns ref_delta=192250000ns bendA=355000000ns
deque.peek_back large count=173400000 reps=1 sample=0 order=ABC bendA=356000000 bendB=179000000 bendC=3000000 refA=364794000 refB=189669000 refC=1016000 bend_chk=['1605402565', '3286736773', '2557902661'] ref_chk=['1605402565', '3286736773', '2557902661']
deque.peek_back large count=173400000 reps=1 sample=1 order=CBA bendA=355000000 bendB=183000000 bendC=3000000 refA=368640000 refB=178309000 refC=881000 bend_chk=['1605402565', '3286736773', '2557902661'] ref_chk=['1605402565', '3286736773', '2557902661']
deque.peek_back large count=173400000 reps=1 sample=2 order=ABC bendA=348000000 bendB=176000000 bendC=2000000 refA=350823000 refB=176671000 refC=785000 bend_chk=['1605402565', '3286736773', '2557902661'] ref_chk=['1605402565', '3286736773', '2557902661']
deque.peek_back large count=173400000 reps=1 sample=3 order=CBA bendA=354000000 bendB=175000000 bendC=3000000 refA=352899000 refB=178534000 refC=888000 bend_chk=['1605402565', '3286736773', '2557902661'] ref_chk=['1605402565', '3286736773', '2557902661']
deque.peek_back large count=173400000 reps=1 sample=4 order=ABC bendA=351000000 bendB=176000000 bendC=3000000 refA=352718000 refB=175421000 refC=780000 bend_chk=['1605402565', '3286736773', '2557902661'] ref_chk=['1605402565', '3286736773', '2557902661']
deque.peek_back large count=173400000 reps=1 sample=5 order=CBA bendA=349000000 bendB=176000000 bendC=3000000 refA=352227000 refB=177050000 refC=865000 bend_chk=['1605402565', '3286736773', '2557902661'] ref_chk=['1605402565', '3286736773', '2557902661']
deque.length small calibrate count=200000 reps=1 bend_delta=1000000ns ref_delta=570000ns bendA=1000000ns
deque.length small calibrate count=12800000 reps=1 bend_delta=14000000ns ref_delta=36727000ns bendA=26000000ns
deque.length small calibrate count=102400000 reps=1 bend_delta=102000000ns ref_delta=293295000ns bendA=204000000ns
deque.length small count=102400000 reps=1 sample=0 order=ABC bendA=205000000 bendB=102000000 bendC=0 refA=585929000 refB=292323000 refC=1000 bend_chk=['3531474756', '2325382980', '1119291204'] ref_chk=['3531474756', '2325382980', '1119291204']
deque.length small count=102400000 reps=1 sample=1 order=CBA bendA=205000000 bendB=102000000 bendC=0 refA=584771000 refB=293470000 refC=3000 bend_chk=['3531474756', '2325382980', '1119291204'] ref_chk=['3531474756', '2325382980', '1119291204']
deque.length small count=102400000 reps=1 sample=2 order=ABC bendA=205000000 bendB=103000000 bendC=0 refA=587866000 refB=292278000 refC=1000 bend_chk=['3531474756', '2325382980', '1119291204'] ref_chk=['3531474756', '2325382980', '1119291204']
deque.length small count=102400000 reps=1 sample=3 order=CBA bendA=206000000 bendB=102000000 bendC=0 refA=587261000 refB=292476000 refC=3000 bend_chk=['3531474756', '2325382980', '1119291204'] ref_chk=['3531474756', '2325382980', '1119291204']
deque.length small count=102400000 reps=1 sample=4 order=ABC bendA=208000000 bendB=103000000 bendC=0 refA=585103000 refB=293381000 refC=1000 bend_chk=['3531474756', '2325382980', '1119291204'] ref_chk=['3531474756', '2325382980', '1119291204']
deque.length small count=102400000 reps=1 sample=5 order=CBA bendA=206000000 bendB=102000000 bendC=0 refA=585162000 refB=292855000 refC=3000 bend_chk=['3531474756', '2325382980', '1119291204'] ref_chk=['3531474756', '2325382980', '1119291204']
deque.length medium calibrate count=100000 reps=1 bend_delta=0ns ref_delta=294000ns bendA=0ns
deque.length medium calibrate count=6400000 reps=1 bend_delta=7000000ns ref_delta=18155000ns bendA=13000000ns
deque.length medium calibrate count=96000000 reps=1 bend_delta=95000000ns ref_delta=274851000ns bendA=191000000ns
deque.length medium calibrate count=192000000 reps=1 bend_delta=192000000ns ref_delta=546456000ns bendA=384000000ns
deque.length medium count=192000000 reps=1 sample=0 order=ABC bendA=383000000 bendB=193000000 bendC=0 refA=1090968000 refB=546233000 refC=14000 bend_chk=['1231697795', '783443843', '268081027'] ref_chk=['1231697795', '783443843', '268081027']
deque.length medium count=192000000 reps=1 sample=1 order=CBA bendA=382000000 bendB=191000000 bendC=0 refA=1086165000 refB=543995000 refC=23000 bend_chk=['1231697795', '783443843', '268081027'] ref_chk=['1231697795', '783443843', '268081027']
deque.length medium count=192000000 reps=1 sample=2 order=ABC bendA=382000000 bendB=190000000 bendC=0 refA=1079753000 refB=540952000 refC=13000 bend_chk=['1231697795', '783443843', '268081027'] ref_chk=['1231697795', '783443843', '268081027']
deque.length medium count=192000000 reps=1 sample=3 order=CBA bendA=382000000 bendB=191000000 bendC=0 refA=1089763000 refB=546973000 refC=23000 bend_chk=['1231697795', '783443843', '268081027'] ref_chk=['1231697795', '783443843', '268081027']
deque.length medium count=192000000 reps=1 sample=4 order=ABC bendA=381000000 bendB=191000000 bendC=0 refA=1068938000 refB=536284000 refC=27000 bend_chk=['1231697795', '783443843', '268081027'] ref_chk=['1231697795', '783443843', '268081027']
deque.length medium count=192000000 reps=1 sample=5 order=CBA bendA=382000000 bendB=190000000 bendC=0 refA=1069142000 refB=532967000 refC=24000 bend_chk=['1231697795', '783443843', '268081027'] ref_chk=['1231697795', '783443843', '268081027']
deque.length large calibrate count=50000 reps=1 bend_delta=0ns ref_delta=109000ns bendA=3000000ns
deque.length large calibrate count=3200000 reps=1 bend_delta=3000000ns ref_delta=9172000ns bendA=9000000ns
deque.length large calibrate count=108800000 reps=1 bend_delta=108000000ns ref_delta=302201000ns bendA=220000000ns
deque.length large count=108800000 reps=1 sample=0 order=ABC bendA=224000000 bendB=113000000 bendC=3000000 refA=609769000 refB=314869000 refC=843000 bend_chk=['3038212002', '903018402', '1368293282'] ref_chk=['3038212002', '903018402', '1368293282']
deque.length large count=108800000 reps=1 sample=1 order=CBA bendA=220000000 bendB=111000000 bendC=3000000 refA=603318000 refB=303332000 refC=829000 bend_chk=['3038212002', '903018402', '1368293282'] ref_chk=['3038212002', '903018402', '1368293282']
deque.length large count=108800000 reps=1 sample=2 order=ABC bendA=222000000 bendB=112000000 bendC=3000000 refA=603044000 refB=302807000 refC=917000 bend_chk=['3038212002', '903018402', '1368293282'] ref_chk=['3038212002', '903018402', '1368293282']
deque.length large count=108800000 reps=1 sample=3 order=CBA bendA=219000000 bendB=110000000 bendC=4000000 refA=599762000 refB=301079000 refC=823000 bend_chk=['3038212002', '903018402', '1368293282'] ref_chk=['3038212002', '903018402', '1368293282']
deque.length large count=108800000 reps=1 sample=4 order=ABC bendA=220000000 bendB=110000000 bendC=3000000 refA=598238000 refB=301955000 refC=818000 bend_chk=['3038212002', '903018402', '1368293282'] ref_chk=['3038212002', '903018402', '1368293282']
deque.length large count=108800000 reps=1 sample=5 order=CBA bendA=218000000 bendB=110000000 bendC=3000000 refA=600845000 refB=299116000 refC=859000 bend_chk=['3038212002', '903018402', '1368293282'] ref_chk=['3038212002', '903018402', '1368293282']
deque.to_list small calibrate count=20000 reps=1 bend_delta=3000000ns ref_delta=2582000ns bendA=7000000ns
deque.to_list small calibrate count=680000 reps=1 bend_delta=132000000ns ref_delta=118729000ns bendA=263000000ns
deque.to_list small count=680000 reps=1 sample=0 order=ABC bendA=241000000 bendB=120000000 bendC=0 refA=236330000 refB=118703000 refC=0 bend_chk=['3665361057', '3906029793', '2694666529'] ref_chk=['3665361057', '3906029793', '2694666529']
deque.to_list small count=680000 reps=1 sample=1 order=CBA bendA=263000000 bendB=133000000 bendC=0 refA=237585000 refB=119385000 refC=3000 bend_chk=['3665361057', '3906029793', '2694666529'] ref_chk=['3665361057', '3906029793', '2694666529']
deque.to_list small count=680000 reps=1 sample=2 order=ABC bendA=263000000 bendB=131000000 bendC=0 refA=175544000 refB=89437000 refC=1000 bend_chk=['3665361057', '3906029793', '2694666529'] ref_chk=['3665361057', '3906029793', '2694666529']
deque.to_list small count=680000 reps=1 sample=3 order=CBA bendA=263000000 bendB=133000000 bendC=0 refA=237778000 refB=119835000 refC=3000 bend_chk=['3665361057', '3906029793', '2694666529'] ref_chk=['3665361057', '3906029793', '2694666529']
deque.to_list small count=680000 reps=1 sample=4 order=ABC bendA=262000000 bendB=132000000 bendC=0 refA=177781000 refB=88370000 refC=1000 bend_chk=['3665361057', '3906029793', '2694666529'] ref_chk=['3665361057', '3906029793', '2694666529']
deque.to_list small count=680000 reps=1 sample=5 order=CBA bendA=263000000 bendB=131000000 bendC=0 refA=204913000 refB=121518000 refC=2000 bend_chk=['3665361057', '3906029793', '2694666529'] ref_chk=['3665361057', '3906029793', '2694666529']
deque.to_list medium calibrate count=1000 reps=1 bend_delta=11000000ns ref_delta=3026000ns bendA=22000000ns
deque.to_list medium calibrate count=10000 reps=1 bend_delta=112000000ns ref_delta=29833000ns bendA=223000000ns
deque.to_list medium count=10000 reps=1 sample=0 order=ABC bendA=241000000 bendB=111000000 bendC=0 refA=56097000 refB=28206000 refC=13000 bend_chk=['4025760064', '4274733712', '3806263264'] ref_chk=['4025760064', '4274733712', '3806263264']
deque.to_list medium count=10000 reps=1 sample=1 order=CBA bendA=223000000 bendB=110000000 bendC=0 refA=60472000 refB=30506000 refC=24000 bend_chk=['4025760064', '4274733712', '3806263264'] ref_chk=['4025760064', '4274733712', '3806263264']
deque.to_list medium count=10000 reps=1 sample=2 order=ABC bendA=222000000 bendB=111000000 bendC=0 refA=55125000 refB=28503000 refC=13000 bend_chk=['4025760064', '4274733712', '3806263264'] ref_chk=['4025760064', '4274733712', '3806263264']
deque.to_list medium count=10000 reps=1 sample=3 order=CBA bendA=224000000 bendB=109000000 bendC=0 refA=62207000 refB=30371000 refC=24000 bend_chk=['4025760064', '4274733712', '3806263264'] ref_chk=['4025760064', '4274733712', '3806263264']
deque.to_list medium count=10000 reps=1 sample=4 order=ABC bendA=229000000 bendB=122000000 bendC=0 refA=59024000 refB=33776000 refC=18000 bend_chk=['4025760064', '4274733712', '3806263264'] ref_chk=['4025760064', '4274733712', '3806263264']
deque.to_list medium count=10000 reps=1 sample=5 order=CBA bendA=222000000 bendB=110000000 bendC=1000000 refA=61217000 refB=31768000 refC=35000 bend_chk=['4025760064', '4274733712', '3806263264'] ref_chk=['4025760064', '4274733712', '3806263264']
deque.to_list large calibrate count=50 reps=1 bend_delta=35000000ns ref_delta=37533000ns bendA=72000000ns
deque.to_list large calibrate count=150 reps=1 bend_delta=105000000ns ref_delta=111904000ns bendA=211000000ns
deque.to_list large count=150 reps=1 sample=0 order=ABC bendA=211000000 bendB=107000000 bendC=2000000 refA=234333000 refB=118278000 refC=866000 bend_chk=['774903891', '4161833201', '178683903'] ref_chk=['774903891', '4161833201', '178683903']
deque.to_list large count=150 reps=1 sample=1 order=CBA bendA=211000000 bendB=105000000 bendC=4000000 refA=231693000 refB=117394000 refC=832000 bend_chk=['774903891', '4161833201', '178683903'] ref_chk=['774903891', '4161833201', '178683903']
deque.to_list large count=150 reps=1 sample=2 order=ABC bendA=210000000 bendB=108000000 bendC=3000000 refA=234122000 refB=116508000 refC=805000 bend_chk=['774903891', '4161833201', '178683903'] ref_chk=['774903891', '4161833201', '178683903']
deque.to_list large count=150 reps=1 sample=3 order=CBA bendA=209000000 bendB=107000000 bendC=4000000 refA=230648000 refB=115575000 refC=845000 bend_chk=['774903891', '4161833201', '178683903'] ref_chk=['774903891', '4161833201', '178683903']
deque.to_list large count=150 reps=1 sample=4 order=ABC bendA=213000000 bendB=107000000 bendC=2000000 refA=231920000 refB=116324000 refC=814000 bend_chk=['774903891', '4161833201', '178683903'] ref_chk=['774903891', '4161833201', '178683903']
deque.to_list large count=150 reps=1 sample=5 order=CBA bendA=210000000 bendB=105000000 bendC=4000000 refA=234636000 refB=120415000 refC=841000 bend_chk=['774903891', '4161833201', '178683903'] ref_chk=['774903891', '4161833201', '178683903']
deque.pop_front small calibrate count=200000 reps=1 bend_delta=3000000ns ref_delta=1203000ns bendA=5000000ns
deque.pop_front small calibrate count=6800000 reps=1 bend_delta=47000000ns ref_delta=43644000ns bendA=100000000ns
deque.pop_front small calibrate count=20400000 reps=1 bend_delta=162000000ns ref_delta=129807000ns bendA=312000000ns
deque.pop_front small count=20400000 reps=1 sample=0 order=ABC bendA=311000000 bendB=148000000 bendC=0 refA=252674000 refB=120751000 refC=1000 bend_chk=['2569722366', '1326711422', '4270041854'] ref_chk=['2569722366', '1326711422', '4270041854']
deque.pop_front small count=20400000 reps=1 sample=1 order=CBA bendA=299000000 bendB=157000000 bendC=0 refA=257648000 refB=128835000 refC=3000 bend_chk=['2569722366', '1326711422', '4270041854'] ref_chk=['2569722366', '1326711422', '4270041854']
deque.pop_front small count=20400000 reps=1 sample=2 order=ABC bendA=347000000 bendB=153000000 bendC=0 refA=257129000 refB=128844000 refC=1000 bend_chk=['2569722366', '1326711422', '4270041854'] ref_chk=['2569722366', '1326711422', '4270041854']
deque.pop_front small count=20400000 reps=1 sample=3 order=CBA bendA=310000000 bendB=153000000 bendC=0 refA=257544000 refB=128868000 refC=4000 bend_chk=['2569722366', '1326711422', '4270041854'] ref_chk=['2569722366', '1326711422', '4270041854']
deque.pop_front small count=20400000 reps=1 sample=4 order=ABC bendA=320000000 bendB=183000000 bendC=0 refA=246721000 refB=128857000 refC=1000 bend_chk=['2569722366', '1326711422', '4270041854'] ref_chk=['2569722366', '1326711422', '4270041854']
deque.pop_front small count=20400000 reps=1 sample=5 order=CBA bendA=299000000 bendB=157000000 bendC=0 refA=259410000 refB=128832000 refC=3000 bend_chk=['2569722366', '1326711422', '4270041854'] ref_chk=['2569722366', '1326711422', '4270041854']
deque.pop_front medium calibrate count=100000 reps=1 bend_delta=0ns ref_delta=596000ns bendA=2000000ns
deque.pop_front medium calibrate count=6400000 reps=1 bend_delta=52000000ns ref_delta=40718000ns bendA=106000000ns
deque.pop_front medium calibrate count=12800000 reps=1 bend_delta=100000000ns ref_delta=77167000ns bendA=190000000ns
deque.pop_front medium count=12800000 reps=1 sample=0 order=ABC bendA=197000000 bendB=103000000 bendC=0 refA=155338000 refB=81568000 refC=13000 bend_chk=['4277180477', '291108925', '3049478205'] ref_chk=['4277180477', '291108925', '3049478205']
deque.pop_front medium count=12800000 reps=1 sample=1 order=CBA bendA=193000000 bendB=101000000 bendC=0 refA=151463000 refB=75374000 refC=24000 bend_chk=['4277180477', '291108925', '3049478205'] ref_chk=['4277180477', '291108925', '3049478205']
deque.pop_front medium count=12800000 reps=1 sample=2 order=ABC bendA=195000000 bendB=98000000 bendC=0 refA=162713000 refB=80979000 refC=13000 bend_chk=['4277180477', '291108925', '3049478205'] ref_chk=['4277180477', '291108925', '3049478205']
deque.pop_front medium count=12800000 reps=1 sample=3 order=CBA bendA=191000000 bendB=97000000 bendC=0 refA=161574000 refB=79894000 refC=23000 bend_chk=['4277180477', '291108925', '3049478205'] ref_chk=['4277180477', '291108925', '3049478205']
deque.pop_front medium count=12800000 reps=1 sample=4 order=ABC bendA=189000000 bendB=136000000 bendC=0 refA=156987000 refB=75752000 refC=22000 bend_chk=['4277180477', '291108925', '3049478205'] ref_chk=['4277180477', '291108925', '3049478205']
deque.pop_front medium count=12800000 reps=1 sample=5 order=CBA bendA=192000000 bendB=105000000 bendC=0 refA=162561000 refB=79513000 refC=24000 bend_chk=['4277180477', '291108925', '3049478205'] ref_chk=['4277180477', '291108925', '3049478205']
deque.pop_front large calibrate count=50000 reps=1 bend_delta=3000000ns ref_delta=340000ns bendA=6000000ns
deque.pop_front large calibrate count=1700000 reps=1 bend_delta=15000000ns ref_delta=11598000ns bendA=35000000ns
deque.pop_front large calibrate count=11900000 reps=1 bend_delta=99000000ns ref_delta=80064000ns bendA=201000000ns
deque.pop_front large calibrate count=23800000 reps=1 bend_delta=181000000ns ref_delta=152002000ns bendA=369000000ns
deque.pop_front large count=23800000 reps=1 sample=0 order=ABC bendA=405000000 bendB=186000000 bendC=3000000 refA=300382000 refB=141144000 refC=775000 bend_chk=['3684107484', '1214575260', '3284041820'] ref_chk=['3684107484', '1214575260', '3284041820']
deque.pop_front large count=23800000 reps=1 sample=1 order=CBA bendA=354000000 bendB=187000000 bendC=4000000 refA=301163000 refB=148717000 refC=830000 bend_chk=['3684107484', '1214575260', '3284041820'] ref_chk=['3684107484', '1214575260', '3284041820']
deque.pop_front large count=23800000 reps=1 sample=2 order=ABC bendA=366000000 bendB=184000000 bendC=3000000 refA=297415000 refB=152676000 refC=861000 bend_chk=['3684107484', '1214575260', '3284041820'] ref_chk=['3684107484', '1214575260', '3284041820']
deque.pop_front large count=23800000 reps=1 sample=3 order=CBA bendA=352000000 bendB=186000000 bendC=4000000 refA=302378000 refB=151036000 refC=844000 bend_chk=['3684107484', '1214575260', '3284041820'] ref_chk=['3684107484', '1214575260', '3284041820']
deque.pop_front large count=23800000 reps=1 sample=4 order=ABC bendA=366000000 bendB=180000000 bendC=3000000 refA=292477000 refB=151804000 refC=1021000 bend_chk=['3684107484', '1214575260', '3284041820'] ref_chk=['3684107484', '1214575260', '3284041820']
deque.pop_front large count=23800000 reps=1 sample=5 order=CBA bendA=376000000 bendB=197000000 bendC=4000000 refA=298600000 refB=148683000 refC=908000 bend_chk=['3684107484', '1214575260', '3284041820'] ref_chk=['3684107484', '1214575260', '3284041820']
deque.pop_back small calibrate count=200000 reps=1 bend_delta=4000000ns ref_delta=1157000ns bendA=5000000ns
deque.pop_back small calibrate count=5200000 reps=1 bend_delta=31000000ns ref_delta=32847000ns bendA=72000000ns
deque.pop_back small calibrate count=20800000 reps=1 bend_delta=152000000ns ref_delta=117503000ns bendA=309000000ns
deque.pop_back small count=20800000 reps=1 sample=0 order=ABC bendA=318000000 bendB=157000000 bendC=0 refA=259280000 refB=132686000 refC=1000 bend_chk=['2927693019', '865174747', '1550449883'] ref_chk=['2927693019', '865174747', '1550449883']
deque.pop_back small count=20800000 reps=1 sample=1 order=CBA bendA=316000000 bendB=161000000 bendC=0 refA=251682000 refB=122123000 refC=3000 bend_chk=['2927693019', '865174747', '1550449883'] ref_chk=['2927693019', '865174747', '1550449883']
deque.pop_back small count=20800000 reps=1 sample=2 order=ABC bendA=315000000 bendB=157000000 bendC=0 refA=258716000 refB=127858000 refC=1000 bend_chk=['2927693019', '865174747', '1550449883'] ref_chk=['2927693019', '865174747', '1550449883']
deque.pop_back small count=20800000 reps=1 sample=3 order=CBA bendA=313000000 bendB=158000000 bendC=0 refA=263053000 refB=126386000 refC=3000 bend_chk=['2927693019', '865174747', '1550449883'] ref_chk=['2927693019', '865174747', '1550449883']
deque.pop_back small count=20800000 reps=1 sample=4 order=ABC bendA=316000000 bendB=157000000 bendC=0 refA=245342000 refB=126134000 refC=1000 bend_chk=['2927693019', '865174747', '1550449883'] ref_chk=['2927693019', '865174747', '1550449883']
deque.pop_back small count=20800000 reps=1 sample=5 order=CBA bendA=314000000 bendB=152000000 bendC=0 refA=259588000 refB=129921000 refC=3000 bend_chk=['2927693019', '865174747', '1550449883'] ref_chk=['2927693019', '865174747', '1550449883']
deque.pop_back medium calibrate count=100000 reps=1 bend_delta=2000000ns ref_delta=598000ns bendA=3000000ns
deque.pop_back medium calibrate count=5100000 reps=1 bend_delta=31000000ns ref_delta=29922000ns bendA=71000000ns
deque.pop_back medium calibrate count=20400000 reps=1 bend_delta=162000000ns ref_delta=119837000ns bendA=318000000ns
deque.pop_back medium count=20400000 reps=1 sample=0 order=ABC bendA=306000000 bendB=154000000 bendC=0 refA=258342000 refB=126083000 refC=14000 bend_chk=['3684754330', '1996295706', '2292693146'] ref_chk=['3684754330', '1996295706', '2292693146']
deque.pop_back medium count=20400000 reps=1 sample=1 order=CBA bendA=312000000 bendB=161000000 bendC=0 refA=254803000 refB=123980000 refC=23000 bend_chk=['3684754330', '1996295706', '2292693146'] ref_chk=['3684754330', '1996295706', '2292693146']
deque.pop_back medium count=20400000 reps=1 sample=2 order=ABC bendA=305000000 bendB=154000000 bendC=0 refA=241711000 refB=129099000 refC=13000 bend_chk=['3684754330', '1996295706', '2292693146'] ref_chk=['3684754330', '1996295706', '2292693146']
deque.pop_back medium count=20400000 reps=1 sample=3 order=CBA bendA=350000000 bendB=159000000 bendC=0 refA=244147000 refB=128350000 refC=24000 bend_chk=['3684754330', '1996295706', '2292693146'] ref_chk=['3684754330', '1996295706', '2292693146']
deque.pop_back medium count=20400000 reps=1 sample=4 order=ABC bendA=306000000 bendB=159000000 bendC=0 refA=240978000 refB=120115000 refC=40000 bend_chk=['3684754330', '1996295706', '2292693146'] ref_chk=['3684754330', '1996295706', '2292693146']
deque.pop_back medium count=20400000 reps=1 sample=5 order=CBA bendA=314000000 bendB=156000000 bendC=0 refA=255990000 refB=123494000 refC=30000 bend_chk=['3684754330', '1996295706', '2292693146'] ref_chk=['3684754330', '1996295706', '2292693146']
deque.pop_back large calibrate count=50000 reps=1 bend_delta=1000000ns ref_delta=335000ns bendA=5000000ns
deque.pop_back large calibrate count=3200000 reps=1 bend_delta=20000000ns ref_delta=19891000ns bendA=51000000ns
deque.pop_back large calibrate count=19200000 reps=1 bend_delta=145000000ns ref_delta=112495000ns bendA=295000000ns
deque.pop_back large count=19200000 reps=1 sample=0 order=ABC bendA=300000000 bendB=150000000 bendC=2000000 refA=239759000 refB=115923000 refC=889000 bend_chk=['3276415161', '1473269945', '2094432441'] ref_chk=['3276415161', '1473269945', '2094432441']
deque.pop_back large count=19200000 reps=1 sample=1 order=CBA bendA=298000000 bendB=155000000 bendC=3000000 refA=236716000 refB=119898000 refC=825000 bend_chk=['3276415161', '1473269945', '2094432441'] ref_chk=['3276415161', '1473269945', '2094432441']
deque.pop_back large count=19200000 reps=1 sample=2 order=ABC bendA=293000000 bendB=150000000 bendC=3000000 refA=230572000 refB=117638000 refC=836000 bend_chk=['3276415161', '1473269945', '2094432441'] ref_chk=['3276415161', '1473269945', '2094432441']
deque.pop_back large count=19200000 reps=1 sample=3 order=CBA bendA=297000000 bendB=149000000 bendC=4000000 refA=239955000 refB=116843000 refC=884000 bend_chk=['3276415161', '1473269945', '2094432441'] ref_chk=['3276415161', '1473269945', '2094432441']
deque.pop_back large count=19200000 reps=1 sample=4 order=ABC bendA=312000000 bendB=155000000 bendC=2000000 refA=242973000 refB=120301000 refC=865000 bend_chk=['3276415161', '1473269945', '2094432441'] ref_chk=['3276415161', '1473269945', '2094432441']
deque.pop_back large count=19200000 reps=1 sample=5 order=CBA bendA=299000000 bendB=205000000 bendC=3000000 refA=244809000 refB=120110000 refC=897000 bend_chk=['3276415161', '1473269945', '2094432441'] ref_chk=['3276415161', '1473269945', '2094432441']
deque.new small calibrate count=200000 reps=1 bend_delta=1000000ns ref_delta=1776000ns bendA=3000000ns
deque.new small calibrate count=12800000 reps=1 bend_delta=95000000ns ref_delta=108691000ns bendA=188000000ns
deque.new small calibrate count=25600000 reps=1 bend_delta=185000000ns ref_delta=214816000ns bendA=373000000ns
deque.new small count=25600000 reps=1 sample=0 order=ABC bendA=379000000 bendB=188000000 bendC=0 refA=486134000 refB=270685000 refC=13000 bend_chk=['3657830072', '2989174456', '3125825208'] ref_chk=['3657830072', '2989174456', '3125825208']
deque.new small count=25600000 reps=1 sample=1 order=CBA bendA=382000000 bendB=189000000 bendC=0 refA=425579000 refB=213555000 refC=3000 bend_chk=['3657830072', '2989174456', '3125825208'] ref_chk=['3657830072', '2989174456', '3125825208']
deque.new small count=25600000 reps=1 sample=2 order=ABC bendA=373000000 bendB=192000000 bendC=0 refA=434100000 refB=217647000 refC=1000 bend_chk=['3657830072', '2989174456', '3125825208'] ref_chk=['3657830072', '2989174456', '3125825208']
deque.new small count=25600000 reps=1 sample=3 order=CBA bendA=379000000 bendB=185000000 bendC=0 refA=432208000 refB=215762000 refC=3000 bend_chk=['3657830072', '2989174456', '3125825208'] ref_chk=['3657830072', '2989174456', '3125825208']
deque.new small count=25600000 reps=1 sample=4 order=ABC bendA=375000000 bendB=186000000 bendC=0 refA=439319000 refB=235867000 refC=1000 bend_chk=['3657830072', '2989174456', '3125825208'] ref_chk=['3657830072', '2989174456', '3125825208']
deque.new small count=25600000 reps=1 sample=5 order=CBA bendA=383000000 bendB=190000000 bendC=0 refA=447550000 refB=224073000 refC=3000 bend_chk=['3657830072', '2989174456', '3125825208'] ref_chk=['3657830072', '2989174456', '3125825208']
deque.new medium calibrate count=200000 reps=1 bend_delta=3000000ns ref_delta=1778000ns bendA=4000000ns
deque.new medium calibrate count=6800000 reps=1 bend_delta=50000000ns ref_delta=59899000ns bendA=100000000ns
deque.new medium calibrate count=20400000 reps=1 bend_delta=148000000ns ref_delta=182299000ns bendA=296000000ns
deque.new medium count=20400000 reps=1 sample=0 order=ABC bendA=315000000 bendB=157000000 bendC=0 refA=357549000 refB=178474000 refC=13000 bend_chk=['1346826743', '721814903', '1535908087'] ref_chk=['1346826743', '721814903', '1535908087']
deque.new medium count=20400000 reps=1 sample=1 order=CBA bendA=299000000 bendB=151000000 bendC=0 refA=356882000 refB=178734000 refC=34000 bend_chk=['1346826743', '721814903', '1535908087'] ref_chk=['1346826743', '721814903', '1535908087']
deque.new medium count=20400000 reps=1 sample=2 order=ABC bendA=296000000 bendB=151000000 bendC=0 refA=347969000 refB=173950000 refC=13000 bend_chk=['1346826743', '721814903', '1535908087'] ref_chk=['1346826743', '721814903', '1535908087']
deque.new medium count=20400000 reps=1 sample=3 order=CBA bendA=296000000 bendB=150000000 bendC=0 refA=349022000 refB=173917000 refC=23000 bend_chk=['1346826743', '721814903', '1535908087'] ref_chk=['1346826743', '721814903', '1535908087']
deque.new medium count=20400000 reps=1 sample=4 order=ABC bendA=304000000 bendB=149000000 bendC=0 refA=355668000 refB=177680000 refC=12000 bend_chk=['1346826743', '721814903', '1535908087'] ref_chk=['1346826743', '721814903', '1535908087']
deque.new medium count=20400000 reps=1 sample=5 order=CBA bendA=300000000 bendB=148000000 bendC=0 refA=355761000 refB=177690000 refC=24000 bend_chk=['1346826743', '721814903', '1535908087'] ref_chk=['1346826743', '721814903', '1535908087']
deque.new large calibrate count=50000 reps=1 bend_delta=1000000ns ref_delta=427000ns bendA=4000000ns
deque.new large calibrate count=3200000 reps=1 bend_delta=23000000ns ref_delta=27784000ns bendA=49000000ns
deque.new large calibrate count=16000000 reps=1 bend_delta=117000000ns ref_delta=138739000ns bendA=239000000ns
deque.new large count=16000000 reps=1 sample=0 order=ABC bendA=235000000 bendB=119000000 bendC=3000000 refA=284776000 refB=140250000 refC=835000 bend_chk=['1655822614', '2045783318', '904823062'] ref_chk=['1655822614', '2045783318', '904823062']
deque.new large count=16000000 reps=1 sample=1 order=CBA bendA=234000000 bendB=119000000 bendC=3000000 refA=297845000 refB=140383000 refC=837000 bend_chk=['1655822614', '2045783318', '904823062'] ref_chk=['1655822614', '2045783318', '904823062']
deque.new large count=16000000 reps=1 sample=2 order=ABC bendA=237000000 bendB=127000000 bendC=3000000 refA=280838000 refB=140782000 refC=806000 bend_chk=['1655822614', '2045783318', '904823062'] ref_chk=['1655822614', '2045783318', '904823062']
deque.new large count=16000000 reps=1 sample=3 order=CBA bendA=239000000 bendB=121000000 bendC=4000000 refA=285755000 refB=140693000 refC=900000 bend_chk=['1655822614', '2045783318', '904823062'] ref_chk=['1655822614', '2045783318', '904823062']
deque.new large count=16000000 reps=1 sample=4 order=ABC bendA=239000000 bendB=120000000 bendC=2000000 refA=279787000 refB=140421000 refC=819000 bend_chk=['1655822614', '2045783318', '904823062'] ref_chk=['1655822614', '2045783318', '904823062']
deque.new large count=16000000 reps=1 sample=5 order=CBA bendA=236000000 bendB=121000000 bendC=4000000 refA=281296000 refB=141276000 refC=890000 bend_chk=['1655822614', '2045783318', '904823062'] ref_chk=['1655822614', '2045783318', '904823062']
deque.new edge-empty calibrate count=200000 reps=1 bend_delta=1000000ns ref_delta=1733000ns bendA=3000000ns
deque.new edge-empty calibrate count=12800000 reps=1 bend_delta=96000000ns ref_delta=111459000ns bendA=189000000ns
deque.new edge-empty calibrate count=25600000 reps=1 bend_delta=155000000ns ref_delta=231859000ns bendA=372000000ns
deque.new edge-empty count=25600000 reps=1 sample=0 order=ABC bendA=371000000 bendB=191000000 bendC=0 refA=447068000 refB=223685000 refC=0 bend_chk=['2284273973', '202629429', '33077'] ref_chk=['2284273973', '202629429', '33077']
deque.new edge-empty count=25600000 reps=1 sample=1 order=CBA bendA=376000000 bendB=186000000 bendC=0 refA=445275000 refB=224202000 refC=0 bend_chk=['2284273973', '202629429', '33077'] ref_chk=['2284273973', '202629429', '33077']
deque.new edge-empty count=25600000 reps=1 sample=2 order=ABC bendA=373000000 bendB=188000000 bendC=0 refA=451929000 refB=222477000 refC=0 bend_chk=['2284273973', '202629429', '33077'] ref_chk=['2284273973', '202629429', '33077']
deque.new edge-empty count=25600000 reps=1 sample=3 order=CBA bendA=382000000 bendB=193000000 bendC=0 refA=450012000 refB=245868000 refC=0 bend_chk=['2284273973', '202629429', '33077'] ref_chk=['2284273973', '202629429', '33077']
deque.new edge-empty count=25600000 reps=1 sample=4 order=ABC bendA=372000000 bendB=189000000 bendC=0 refA=436814000 refB=218896000 refC=1000 bend_chk=['2284273973', '202629429', '33077'] ref_chk=['2284273973', '202629429', '33077']
deque.new edge-empty count=25600000 reps=1 sample=5 order=CBA bendA=374000000 bendB=186000000 bendC=0 refA=447426000 refB=228469000 refC=0 bend_chk=['2284273973', '202629429', '33077'] ref_chk=['2284273973', '202629429', '33077']
deque.length edge-empty calibrate count=200000 reps=1 bend_delta=0ns ref_delta=573000ns bendA=0ns
deque.length edge-empty calibrate count=12800000 reps=1 bend_delta=13000000ns ref_delta=36656000ns bendA=26000000ns
deque.length edge-empty calibrate count=102400000 reps=1 bend_delta=103000000ns ref_delta=300736000ns bendA=205000000ns
deque.length edge-empty count=102400000 reps=1 sample=0 order=ABC bendA=205000000 bendB=102000000 bendC=0 refA=579142000 refB=290760000 refC=0 bend_chk=['1602715988', '2948858196', '33108'] ref_chk=['1602715988', '2948858196', '33108']
deque.length edge-empty count=102400000 reps=1 sample=1 order=CBA bendA=204000000 bendB=102000000 bendC=0 refA=575021000 refB=290016000 refC=1000 bend_chk=['1602715988', '2948858196', '33108'] ref_chk=['1602715988', '2948858196', '33108']
deque.length edge-empty count=102400000 reps=1 sample=2 order=ABC bendA=205000000 bendB=103000000 bendC=0 refA=573663000 refB=285752000 refC=0 bend_chk=['1602715988', '2948858196', '33108'] ref_chk=['1602715988', '2948858196', '33108']
deque.length edge-empty count=102400000 reps=1 sample=3 order=CBA bendA=207000000 bendB=102000000 bendC=0 refA=567294000 refB=283183000 refC=0 bend_chk=['1602715988', '2948858196', '33108'] ref_chk=['1602715988', '2948858196', '33108']
deque.length edge-empty count=102400000 reps=1 sample=4 order=ABC bendA=206000000 bendB=103000000 bendC=0 refA=564844000 refB=283369000 refC=0 bend_chk=['1602715988', '2948858196', '33108'] ref_chk=['1602715988', '2948858196', '33108']
deque.length edge-empty count=102400000 reps=1 sample=5 order=CBA bendA=205000000 bendB=103000000 bendC=0 refA=565629000 refB=282857000 refC=0 bend_chk=['1602715988', '2948858196', '33108'] ref_chk=['1602715988', '2948858196', '33108']
deque.push_front edge-empty calibrate count=200000 reps=1 bend_delta=4000000ns ref_delta=550000ns bendA=5000000ns
deque.push_front edge-empty calibrate count=200000 reps=26 bend_delta=47000000ns ref_delta=13670000ns bendA=91000000ns
deque.push_front edge-empty calibrate count=200000 reps=78 bend_delta=150000000ns ref_delta=38499000ns bendA=278000000ns
deque.push_front edge-empty count=200000 reps=78 sample=0 order=ABC bendA=675000000 bendB=171000000 bendC=0 refA=99415000 refB=51412000 refC=1000 bend_chk=['1401055879', '3768584071', '1901372551'] ref_chk=['1401055879', '3768584071', '1901372551']
deque.push_front edge-empty count=200000 reps=78 sample=1 order=CBA bendA=289000000 bendB=135000000 bendC=0 refA=90919000 refB=40252000 refC=1000 bend_chk=['1401055879', '3768584071', '1901372551'] ref_chk=['1401055879', '3768584071', '1901372551']
deque.push_front edge-empty count=200000 reps=78 sample=2 order=ABC bendA=319000000 bendB=142000000 bendC=0 refA=90134000 refB=44592000 refC=1000 bend_chk=['1401055879', '3768584071', '1901372551'] ref_chk=['1401055879', '3768584071', '1901372551']
deque.push_front edge-empty count=200000 reps=78 sample=3 order=CBA bendA=275000000 bendB=133000000 bendC=0 refA=89829000 refB=42291000 refC=1000 bend_chk=['1401055879', '3768584071', '1901372551'] ref_chk=['1401055879', '3768584071', '1901372551']
deque.push_front edge-empty count=200000 reps=78 sample=4 order=ABC bendA=274000000 bendB=131000000 bendC=0 refA=106377000 refB=41506000 refC=1000 bend_chk=['1401055879', '3768584071', '1901372551'] ref_chk=['1401055879', '3768584071', '1901372551']
deque.push_front edge-empty count=200000 reps=78 sample=5 order=CBA bendA=266000000 bendB=130000000 bendC=0 refA=78906000 refB=39510000 refC=1000 bend_chk=['1401055879', '3768584071', '1901372551'] ref_chk=['1401055879', '3768584071', '1901372551']
deque.push_back edge-empty calibrate count=200000 reps=1 bend_delta=4000000ns ref_delta=641000ns bendA=5000000ns
deque.push_back edge-empty calibrate count=200000 reps=26 bend_delta=47000000ns ref_delta=13400000ns bendA=90000000ns
deque.push_back edge-empty calibrate count=200000 reps=78 bend_delta=146000000ns ref_delta=41299000ns bendA=276000000ns
deque.push_back edge-empty count=200000 reps=78 sample=0 order=ABC bendA=267000000 bendB=130000000 bendC=0 refA=76581000 refB=37886000 refC=1000 bend_chk=['1801185703', '1095886503', '3170821031'] ref_chk=['1801185703', '1095886503', '3170821031']
deque.push_back edge-empty count=200000 reps=78 sample=1 order=CBA bendA=272000000 bendB=130000000 bendC=0 refA=74845000 refB=38133000 refC=1000 bend_chk=['1801185703', '1095886503', '3170821031'] ref_chk=['1801185703', '1095886503', '3170821031']
deque.push_back edge-empty count=200000 reps=78 sample=2 order=ABC bendA=265000000 bendB=129000000 bendC=0 refA=77385000 refB=39188000 refC=1000 bend_chk=['1801185703', '1095886503', '3170821031'] ref_chk=['1801185703', '1095886503', '3170821031']
deque.push_back edge-empty count=200000 reps=78 sample=3 order=CBA bendA=273000000 bendB=130000000 bendC=0 refA=76672000 refB=37737000 refC=1000 bend_chk=['1801185703', '1095886503', '3170821031'] ref_chk=['1801185703', '1095886503', '3170821031']
deque.push_back edge-empty count=200000 reps=78 sample=4 order=ABC bendA=265000000 bendB=130000000 bendC=0 refA=76324000 refB=37822000 refC=0 bend_chk=['1801185703', '1095886503', '3170821031'] ref_chk=['1801185703', '1095886503', '3170821031']
deque.push_back edge-empty count=200000 reps=78 sample=5 order=CBA bendA=270000000 bendB=130000000 bendC=0 refA=80300000 refB=42088000 refC=1000 bend_chk=['1801185703', '1095886503', '3170821031'] ref_chk=['1801185703', '1095886503', '3170821031']
deque.pop_front edge-empty calibrate count=200000 reps=1 bend_delta=1000000ns ref_delta=697000ns bendA=1000000ns
deque.pop_front edge-empty calibrate count=200000 reps=64 bend_delta=16000000ns ref_delta=44333000ns bendA=32000000ns
deque.pop_front edge-empty calibrate count=200000 reps=448 bend_delta=112000000ns ref_delta=357485000ns bendA=223000000ns
deque.pop_front edge-empty count=200000 reps=448 sample=0 order=ABC bendA=222000000 bendB=112000000 bendC=0 refA=592785000 refB=294379000 refC=5000 bend_chk=['1838341344', '324893920', '3624410336'] ref_chk=['1838341344', '324893920', '3624410336']
deque.pop_front edge-empty count=200000 reps=448 sample=1 order=CBA bendA=223000000 bendB=113000000 bendC=0 refA=588801000 refB=310129000 refC=5000 bend_chk=['1838341344', '324893920', '3624410336'] ref_chk=['1838341344', '324893920', '3624410336']
deque.pop_front edge-empty count=200000 reps=448 sample=2 order=ABC bendA=221000000 bendB=111000000 bendC=0 refA=590893000 refB=303948000 refC=5000 bend_chk=['1838341344', '324893920', '3624410336'] ref_chk=['1838341344', '324893920', '3624410336']
deque.pop_front edge-empty count=200000 reps=448 sample=3 order=CBA bendA=223000000 bendB=110000000 bendC=0 refA=587193000 refB=297020000 refC=5000 bend_chk=['1838341344', '324893920', '3624410336'] ref_chk=['1838341344', '324893920', '3624410336']
deque.pop_front edge-empty count=200000 reps=448 sample=4 order=ABC bendA=222000000 bendB=111000000 bendC=0 refA=596116000 refB=307642000 refC=5000 bend_chk=['1838341344', '324893920', '3624410336'] ref_chk=['1838341344', '324893920', '3624410336']
deque.pop_front edge-empty count=200000 reps=448 sample=5 order=CBA bendA=223000000 bendB=111000000 bendC=0 refA=591538000 refB=293930000 refC=5000 bend_chk=['1838341344', '324893920', '3624410336'] ref_chk=['1838341344', '324893920', '3624410336']
deque.pop_back edge-empty calibrate count=200000 reps=1 bend_delta=1000000ns ref_delta=677000ns bendA=1000000ns
deque.pop_back edge-empty calibrate count=200000 reps=64 bend_delta=15000000ns ref_delta=41382000ns bendA=31000000ns
deque.pop_back edge-empty calibrate count=200000 reps=448 bend_delta=109000000ns ref_delta=314504000ns bendA=219000000ns
deque.pop_back edge-empty count=200000 reps=448 sample=0 order=ABC bendA=218000000 bendB=109000000 bendC=0 refA=582983000 refB=301558000 refC=5000 bend_chk=['1777516768', '986276064', '1853882592'] ref_chk=['1777516768', '986276064', '1853882592']
deque.pop_back edge-empty count=200000 reps=448 sample=1 order=CBA bendA=216000000 bendB=108000000 bendC=0 refA=585066000 refB=294762000 refC=4000 bend_chk=['1777516768', '986276064', '1853882592'] ref_chk=['1777516768', '986276064', '1853882592']
deque.pop_back edge-empty count=200000 reps=448 sample=2 order=ABC bendA=217000000 bendB=108000000 bendC=0 refA=596586000 refB=293749000 refC=5000 bend_chk=['1777516768', '986276064', '1853882592'] ref_chk=['1777516768', '986276064', '1853882592']
deque.pop_back edge-empty count=200000 reps=448 sample=3 order=CBA bendA=221000000 bendB=110000000 bendC=0 refA=648081000 refB=309128000 refC=5000 bend_chk=['1777516768', '986276064', '1853882592'] ref_chk=['1777516768', '986276064', '1853882592']
deque.pop_back edge-empty count=200000 reps=448 sample=4 order=ABC bendA=230000000 bendB=114000000 bendC=0 refA=611520000 refB=304479000 refC=12000 bend_chk=['1777516768', '986276064', '1853882592'] ref_chk=['1777516768', '986276064', '1853882592']
deque.pop_back edge-empty count=200000 reps=448 sample=5 order=CBA bendA=226000000 bendB=122000000 bendC=0 refA=628480000 refB=306156000 refC=5000 bend_chk=['1777516768', '986276064', '1853882592'] ref_chk=['1777516768', '986276064', '1853882592']
deque.peek_front edge-empty calibrate count=200000 reps=1 bend_delta=1000000ns ref_delta=575000ns bendA=1000000ns
deque.peek_front edge-empty calibrate count=12800000 reps=1 bend_delta=13000000ns ref_delta=12904000ns bendA=26000000ns
deque.peek_front edge-empty calibrate count=102400000 reps=1 bend_delta=103000000ns ref_delta=110502000ns bendA=207000000ns
deque.peek_front edge-empty count=102400000 reps=1 sample=0 order=ABC bendA=207000000 bendB=105000000 bendC=0 refA=214238000 refB=103877000 refC=0 bend_chk=['1576239599', '2935620079', '33263'] ref_chk=['1576239599', '2935620079', '33263']
deque.peek_front edge-empty count=102400000 reps=1 sample=1 order=CBA bendA=209000000 bendB=104000000 bendC=0 refA=208173000 refB=105767000 refC=1000 bend_chk=['1576239599', '2935620079', '33263'] ref_chk=['1576239599', '2935620079', '33263']
deque.peek_front edge-empty count=102400000 reps=1 sample=2 order=ABC bendA=208000000 bendB=105000000 bendC=0 refA=214458000 refB=103944000 refC=4000 bend_chk=['1576239599', '2935620079', '33263'] ref_chk=['1576239599', '2935620079', '33263']
deque.peek_front edge-empty count=102400000 reps=1 sample=3 order=CBA bendA=210000000 bendB=104000000 bendC=0 refA=209980000 refB=104208000 refC=0 bend_chk=['1576239599', '2935620079', '33263'] ref_chk=['1576239599', '2935620079', '33263']
deque.peek_front edge-empty count=102400000 reps=1 sample=4 order=ABC bendA=204000000 bendB=102000000 bendC=0 refA=204778000 refB=102430000 refC=0 bend_chk=['1576239599', '2935620079', '33263'] ref_chk=['1576239599', '2935620079', '33263']
deque.peek_front edge-empty count=102400000 reps=1 sample=5 order=CBA bendA=204000000 bendB=102000000 bendC=0 refA=205399000 refB=103576000 refC=1000 bend_chk=['1576239599', '2935620079', '33263'] ref_chk=['1576239599', '2935620079', '33263']
deque.peek_back edge-empty calibrate count=200000 reps=1 bend_delta=0ns ref_delta=198000ns bendA=0ns
deque.peek_back edge-empty calibrate count=12800000 reps=1 bend_delta=14000000ns ref_delta=13092000ns bendA=26000000ns
deque.peek_back edge-empty calibrate count=102400000 reps=1 bend_delta=102000000ns ref_delta=102409000ns bendA=204000000ns
deque.peek_back edge-empty count=102400000 reps=1 sample=0 order=ABC bendA=205000000 bendB=102000000 bendC=0 refA=205285000 refB=102492000 refC=0 bend_chk=['484409870', '2389705230', '33294'] ref_chk=['484409870', '2389705230', '33294']
deque.peek_back edge-empty count=102400000 reps=1 sample=1 order=CBA bendA=204000000 bendB=102000000 bendC=0 refA=206104000 refB=102509000 refC=0 bend_chk=['484409870', '2389705230', '33294'] ref_chk=['484409870', '2389705230', '33294']
deque.peek_back edge-empty count=102400000 reps=1 sample=2 order=ABC bendA=204000000 bendB=102000000 bendC=0 refA=204836000 refB=102311000 refC=3000 bend_chk=['484409870', '2389705230', '33294'] ref_chk=['484409870', '2389705230', '33294']
deque.peek_back edge-empty count=102400000 reps=1 sample=3 order=CBA bendA=204000000 bendB=102000000 bendC=0 refA=205522000 refB=102954000 refC=1000 bend_chk=['484409870', '2389705230', '33294'] ref_chk=['484409870', '2389705230', '33294']
deque.peek_back edge-empty count=102400000 reps=1 sample=4 order=ABC bendA=204000000 bendB=102000000 bendC=0 refA=204662000 refB=102543000 refC=0 bend_chk=['484409870', '2389705230', '33294'] ref_chk=['484409870', '2389705230', '33294']
deque.peek_back edge-empty count=102400000 reps=1 sample=5 order=CBA bendA=205000000 bendB=102000000 bendC=0 refA=205626000 refB=102769000 refC=0 bend_chk=['484409870', '2389705230', '33294'] ref_chk=['484409870', '2389705230', '33294']
deque.to_list edge-empty calibrate count=200000 reps=1 bend_delta=-1000000ns ref_delta=397000ns bendA=0ns
deque.to_list edge-empty calibrate count=12800000 reps=1 bend_delta=12000000ns ref_delta=25313000ns bendA=25000000ns
deque.to_list edge-empty calibrate count=115200000 reps=1 bend_delta=114000000ns ref_delta=230977000ns bendA=229000000ns
deque.to_list edge-empty count=115200000 reps=1 sample=0 order=ABC bendA=229000000 bendB=126000000 bendC=0 refA=494989000 refB=231125000 refC=0 bend_chk=['3808092717', '2206052909', '33325'] ref_chk=['3808092717', '2206052909', '33325']
deque.to_list edge-empty count=115200000 reps=1 sample=1 order=CBA bendA=234000000 bendB=115000000 bendC=0 refA=459410000 refB=228683000 refC=0 bend_chk=['3808092717', '2206052909', '33325'] ref_chk=['3808092717', '2206052909', '33325']
deque.to_list edge-empty count=115200000 reps=1 sample=2 order=ABC bendA=229000000 bendB=114000000 bendC=0 refA=458619000 refB=228622000 refC=0 bend_chk=['3808092717', '2206052909', '33325'] ref_chk=['3808092717', '2206052909', '33325']
deque.to_list edge-empty count=115200000 reps=1 sample=3 order=CBA bendA=236000000 bendB=114000000 bendC=0 refA=459746000 refB=228748000 refC=0 bend_chk=['3808092717', '2206052909', '33325'] ref_chk=['3808092717', '2206052909', '33325']
deque.to_list edge-empty count=115200000 reps=1 sample=4 order=ABC bendA=229000000 bendB=115000000 bendC=0 refA=458467000 refB=229567000 refC=0 bend_chk=['3808092717', '2206052909', '33325'] ref_chk=['3808092717', '2206052909', '33325']
deque.to_list edge-empty count=115200000 reps=1 sample=5 order=CBA bendA=230000000 bendB=114000000 bendC=0 refA=458815000 refB=230365000 refC=0 bend_chk=['3808092717', '2206052909', '33325'] ref_chk=['3808092717', '2206052909', '33325']
queue.enqueue small calibrate count=200000 reps=1 bend_delta=3000000ns ref_delta=558000ns bendA=3000000ns
queue.enqueue small calibrate count=200000 reps=34 bend_delta=26000000ns ref_delta=16872000ns bendA=51000000ns
queue.enqueue small calibrate count=200000 reps=136 bend_delta=117000000ns ref_delta=68092000ns bendA=215000000ns
queue.enqueue small count=200000 reps=136 sample=0 order=ABC bendA=210000000 bendB=100000000 bendC=0 refA=141763000 refB=71537000 refC=46000 bend_chk=['192122948', '2342730820', '131524676'] ref_chk=['192122948', '2342730820', '131524676']
queue.enqueue small count=200000 reps=136 sample=1 order=CBA bendA=206000000 bendB=99000000 bendC=0 refA=140014000 refB=68700000 refC=49000 bend_chk=['192122948', '2342730820', '131524676'] ref_chk=['192122948', '2342730820', '131524676']
queue.enqueue small count=200000 reps=136 sample=2 order=ABC bendA=204000000 bendB=99000000 bendC=0 refA=148317000 refB=76902000 refC=44000 bend_chk=['192122948', '2342730820', '131524676'] ref_chk=['192122948', '2342730820', '131524676']
queue.enqueue small count=200000 reps=136 sample=3 order=CBA bendA=212000000 bendB=101000000 bendC=0 refA=141268000 refB=69624000 refC=50000 bend_chk=['192122948', '2342730820', '131524676'] ref_chk=['192122948', '2342730820', '131524676']
queue.enqueue small count=200000 reps=136 sample=4 order=ABC bendA=210000000 bendB=98000000 bendC=0 refA=144781000 refB=71146000 refC=52000 bend_chk=['192122948', '2342730820', '131524676'] ref_chk=['192122948', '2342730820', '131524676']
queue.enqueue small count=200000 reps=136 sample=5 order=CBA bendA=227000000 bendB=99000000 bendC=0 refA=137762000 refB=67582000 refC=52000 bend_chk=['192122948', '2342730820', '131524676'] ref_chk=['192122948', '2342730820', '131524676']
queue.enqueue medium calibrate count=100000 reps=1 bend_delta=1000000ns ref_delta=257000ns bendA=1000000ns
queue.enqueue medium calibrate count=100000 reps=64 bend_delta=22000000ns ref_delta=16306000ns bendA=47000000ns
queue.enqueue medium calibrate count=100000 reps=320 bend_delta=116000000ns ref_delta=79565000ns bendA=238000000ns
queue.enqueue medium count=100000 reps=320 sample=0 order=ABC bendA=238000000 bendB=121000000 bendC=7000000 refA=164161000 refB=84152000 refC=3454000 bend_chk=['1625603232', '1906650272', '3205340320'] ref_chk=['1625603232', '1906650272', '3205340320']
queue.enqueue medium count=100000 reps=320 sample=1 order=CBA bendA=238000000 bendB=123000000 bendC=7000000 refA=163577000 refB=82487000 refC=3508000 bend_chk=['1625603232', '1906650272', '3205340320'] ref_chk=['1625603232', '1906650272', '3205340320']
queue.enqueue medium count=100000 reps=320 sample=2 order=ABC bendA=237000000 bendB=121000000 bendC=8000000 refA=166965000 refB=88887000 refC=3615000 bend_chk=['1625603232', '1906650272', '3205340320'] ref_chk=['1625603232', '1906650272', '3205340320']
queue.enqueue medium count=100000 reps=320 sample=3 order=CBA bendA=238000000 bendB=123000000 bendC=8000000 refA=165961000 refB=84245000 refC=3449000 bend_chk=['1625603232', '1906650272', '3205340320'] ref_chk=['1625603232', '1906650272', '3205340320']
queue.enqueue medium count=100000 reps=320 sample=4 order=ABC bendA=237000000 bendB=121000000 bendC=8000000 refA=172988000 refB=89990000 refC=3633000 bend_chk=['1625603232', '1906650272', '3205340320'] ref_chk=['1625603232', '1906650272', '3205340320']
queue.enqueue medium count=100000 reps=320 sample=5 order=CBA bendA=241000000 bendB=122000000 bendC=8000000 refA=164252000 refB=82681000 refC=3592000 bend_chk=['1625603232', '1906650272', '3205340320'] ref_chk=['1625603232', '1906650272', '3205340320']
queue.enqueue large calibrate count=50000 reps=1 bend_delta=2000000ns ref_delta=132000ns bendA=4000000ns
queue.enqueue large calibrate count=262144 reps=1 bend_delta=3000000ns ref_delta=1041000ns bendA=6000000ns
queue.enqueue large calibrate count=262144 reps=34 bend_delta=46000000ns ref_delta=34409000ns bendA=126000000ns
queue.enqueue large calibrate count=262144 reps=102 bend_delta=125000000ns ref_delta=85458000ns bendA=379000000ns
queue.enqueue large count=262144 reps=102 sample=0 order=ABC bendA=384000000 bendB=242000000 bendC=162000000 refA=274860000 refB=144990000 refC=76008000 bend_chk=['1045943731', '606590387', '167237043'] ref_chk=['1045943731', '606590387', '167237043']
queue.enqueue large count=262144 reps=102 sample=1 order=CBA bendA=378000000 bendB=245000000 bendC=154000000 refA=233664000 refB=142423000 refC=74358000 bend_chk=['1045943731', '606590387', '167237043'] ref_chk=['1045943731', '606590387', '167237043']
queue.enqueue large count=262144 reps=102 sample=2 order=ABC bendA=375000000 bendB=260000000 bendC=165000000 refA=236788000 refB=153398000 refC=77568000 bend_chk=['1045943731', '606590387', '167237043'] ref_chk=['1045943731', '606590387', '167237043']
queue.enqueue large count=262144 reps=102 sample=3 order=CBA bendA=374000000 bendB=252000000 bendC=153000000 refA=275214000 refB=145357000 refC=74063000 bend_chk=['1045943731', '606590387', '167237043'] ref_chk=['1045943731', '606590387', '167237043']
queue.enqueue large count=262144 reps=102 sample=4 order=ABC bendA=392000000 bendB=244000000 bendC=155000000 refA=239621000 refB=146708000 refC=76522000 bend_chk=['1045943731', '606590387', '167237043'] ref_chk=['1045943731', '606590387', '167237043']
queue.enqueue large count=262144 reps=102 sample=5 order=CBA bendA=374000000 bendB=262000000 bendC=156000000 refA=263239000 refB=150910000 refC=80295000 bend_chk=['1045943731', '606590387', '167237043'] ref_chk=['1045943731', '606590387', '167237043']
queue.peek small calibrate count=200000 reps=1 bend_delta=-1000000ns ref_delta=202000ns bendA=0ns
queue.peek small calibrate count=12800000 reps=1 bend_delta=12000000ns ref_delta=12536000ns bendA=25000000ns
queue.peek small calibrate count=115200000 reps=1 bend_delta=120000000ns ref_delta=117529000ns bendA=235000000ns
queue.peek small count=115200000 reps=1 sample=0 order=ABC bendA=231000000 bendB=117000000 bendC=0 refA=231710000 refB=115943000 refC=0 bend_chk=['483674121', '2287081481', '2412767241'] ref_chk=['483674121', '2287081481', '2412767241']
queue.peek small count=115200000 reps=1 sample=1 order=CBA bendA=230000000 bendB=115000000 bendC=0 refA=238078000 refB=115959000 refC=3000 bend_chk=['483674121', '2287081481', '2412767241'] ref_chk=['483674121', '2287081481', '2412767241']
queue.peek small count=115200000 reps=1 sample=2 order=ABC bendA=230000000 bendB=116000000 bendC=0 refA=232370000 refB=115106000 refC=1000 bend_chk=['483674121', '2287081481', '2412767241'] ref_chk=['483674121', '2287081481', '2412767241']
queue.peek small count=115200000 reps=1 sample=3 order=CBA bendA=232000000 bendB=114000000 bendC=0 refA=230805000 refB=116031000 refC=4000 bend_chk=['483674121', '2287081481', '2412767241'] ref_chk=['483674121', '2287081481', '2412767241']
queue.peek small count=115200000 reps=1 sample=4 order=ABC bendA=230000000 bendB=115000000 bendC=0 refA=231620000 refB=116120000 refC=1000 bend_chk=['483674121', '2287081481', '2412767241'] ref_chk=['483674121', '2287081481', '2412767241']
queue.peek small count=115200000 reps=1 sample=5 order=CBA bendA=230000000 bendB=116000000 bendC=0 refA=230516000 refB=115855000 refC=3000 bend_chk=['483674121', '2287081481', '2412767241'] ref_chk=['483674121', '2287081481', '2412767241']
queue.peek medium calibrate count=100000 reps=1 bend_delta=1000000ns ref_delta=110000ns bendA=1000000ns
queue.peek medium calibrate count=6400000 reps=1 bend_delta=7000000ns ref_delta=6390000ns bendA=13000000ns
queue.peek medium calibrate count=96000000 reps=1 bend_delta=97000000ns ref_delta=98203000ns bendA=192000000ns
queue.peek medium calibrate count=192000000 reps=1 bend_delta=191000000ns ref_delta=194185000ns bendA=383000000ns
queue.peek medium count=192000000 reps=1 sample=0 order=ABC bendA=382000000 bendB=192000000 bendC=0 refA=386632000 refB=192328000 refC=12000 bend_chk=['2939624136', '2929494728', '2046950088'] ref_chk=['2939624136', '2929494728', '2046950088']
queue.peek medium count=192000000 reps=1 sample=1 order=CBA bendA=385000000 bendB=192000000 bendC=0 refA=386690000 refB=194027000 refC=30000 bend_chk=['2939624136', '2929494728', '2046950088'] ref_chk=['2939624136', '2929494728', '2046950088']
queue.peek medium count=192000000 reps=1 sample=2 order=ABC bendA=387000000 bendB=191000000 bendC=0 refA=387244000 refB=191494000 refC=12000 bend_chk=['2939624136', '2929494728', '2046950088'] ref_chk=['2939624136', '2929494728', '2046950088']
queue.peek medium count=192000000 reps=1 sample=3 order=CBA bendA=383000000 bendB=192000000 bendC=0 refA=385289000 refB=193421000 refC=24000 bend_chk=['2939624136', '2929494728', '2046950088'] ref_chk=['2939624136', '2929494728', '2046950088']
queue.peek medium count=192000000 reps=1 sample=4 order=ABC bendA=383000000 bendB=194000000 bendC=0 refA=384534000 refB=193877000 refC=14000 bend_chk=['2939624136', '2929494728', '2046950088'] ref_chk=['2939624136', '2929494728', '2046950088']
queue.peek medium count=192000000 reps=1 sample=5 order=CBA bendA=384000000 bendB=192000000 bendC=0 refA=386099000 refB=192979000 refC=22000 bend_chk=['2939624136', '2929494728', '2046950088'] ref_chk=['2939624136', '2929494728', '2046950088']
queue.peek large calibrate count=50000 reps=1 bend_delta=0ns ref_delta=50000ns bendA=2000000ns
queue.peek large calibrate count=3200000 reps=1 bend_delta=2000000ns ref_delta=3152000ns bendA=7000000ns
queue.peek large calibrate count=163200000 reps=1 bend_delta=162000000ns ref_delta=165562000ns bendA=328000000ns
queue.peek large count=163200000 reps=1 sample=0 order=ABC bendA=328000000 bendB=166000000 bendC=1000000 refA=329856000 refB=165081000 refC=786000 bend_chk=['2785888999', '198829799', '3546710759'] ref_chk=['2785888999', '198829799', '3546710759']
queue.peek large count=163200000 reps=1 sample=1 order=CBA bendA=328000000 bendB=165000000 bendC=2000000 refA=332272000 refB=166095000 refC=769000 bend_chk=['2785888999', '198829799', '3546710759'] ref_chk=['2785888999', '198829799', '3546710759']
queue.peek large count=163200000 reps=1 sample=2 order=ABC bendA=330000000 bendB=165000000 bendC=2000000 refA=335014000 refB=165288000 refC=824000 bend_chk=['2785888999', '198829799', '3546710759'] ref_chk=['2785888999', '198829799', '3546710759']
queue.peek large count=163200000 reps=1 sample=3 order=CBA bendA=329000000 bendB=165000000 bendC=2000000 refA=331375000 refB=166235000 refC=794000 bend_chk=['2785888999', '198829799', '3546710759'] ref_chk=['2785888999', '198829799', '3546710759']
queue.peek large count=163200000 reps=1 sample=4 order=ABC bendA=327000000 bendB=164000000 bendC=2000000 refA=329809000 refB=166012000 refC=789000 bend_chk=['2785888999', '198829799', '3546710759'] ref_chk=['2785888999', '198829799', '3546710759']
queue.peek large count=163200000 reps=1 sample=5 order=CBA bendA=331000000 bendB=165000000 bendC=2000000 refA=330741000 refB=165207000 refC=795000 bend_chk=['2785888999', '198829799', '3546710759'] ref_chk=['2785888999', '198829799', '3546710759']
queue.length small calibrate count=200000 reps=1 bend_delta=-1000000ns ref_delta=620000ns bendA=0ns
queue.length small calibrate count=12800000 reps=1 bend_delta=14000000ns ref_delta=35796000ns bendA=26000000ns
queue.length small calibrate count=102400000 reps=1 bend_delta=103000000ns ref_delta=285283000ns bendA=204000000ns
queue.length small count=102400000 reps=1 sample=0 order=ABC bendA=203000000 bendB=103000000 bendC=0 refA=568060000 refB=285808000 refC=0 bend_chk=['3844422118', '3916282342', '3988142566'] ref_chk=['3844422118', '3916282342', '3988142566']
queue.length small count=102400000 reps=1 sample=1 order=CBA bendA=204000000 bendB=102000000 bendC=0 refA=567587000 refB=279985000 refC=3000 bend_chk=['3844422118', '3916282342', '3988142566'] ref_chk=['3844422118', '3916282342', '3988142566']
queue.length small count=102400000 reps=1 sample=2 order=ABC bendA=203000000 bendB=102000000 bendC=0 refA=563055000 refB=282938000 refC=0 bend_chk=['3844422118', '3916282342', '3988142566'] ref_chk=['3844422118', '3916282342', '3988142566']
queue.length small count=102400000 reps=1 sample=3 order=CBA bendA=203000000 bendB=102000000 bendC=0 refA=564158000 refB=281082000 refC=2000 bend_chk=['3844422118', '3916282342', '3988142566'] ref_chk=['3844422118', '3916282342', '3988142566']
queue.length small count=102400000 reps=1 sample=4 order=ABC bendA=202000000 bendB=102000000 bendC=0 refA=577732000 refB=369041000 refC=8000 bend_chk=['3844422118', '3916282342', '3988142566'] ref_chk=['3844422118', '3916282342', '3988142566']
queue.length small count=102400000 reps=1 sample=5 order=CBA bendA=423000000 bendB=171000000 bendC=0 refA=590343000 refB=361075000 refC=5000 bend_chk=['3844422118', '3916282342', '3988142566'] ref_chk=['3844422118', '3916282342', '3988142566']
queue.length medium calibrate count=100000 reps=1 bend_delta=0ns ref_delta=301000ns bendA=0ns
queue.length medium calibrate count=6400000 reps=1 bend_delta=5000000ns ref_delta=18559000ns bendA=12000000ns
queue.length medium calibrate count=134400000 reps=1 bend_delta=133000000ns ref_delta=384766000ns bendA=268000000ns
queue.length medium count=134400000 reps=1 sample=0 order=ABC bendA=267000000 bendB=134000000 bendC=0 refA=752283000 refB=372381000 refC=11000 bend_chk=['2198719269', '813306661', '1290165029'] ref_chk=['2198719269', '813306661', '1290165029']
queue.length medium count=134400000 reps=1 sample=1 order=CBA bendA=269000000 bendB=135000000 bendC=0 refA=746484000 refB=371168000 refC=56000 bend_chk=['2198719269', '813306661', '1290165029'] ref_chk=['2198719269', '813306661', '1290165029']
queue.length medium count=134400000 reps=1 sample=2 order=ABC bendA=267000000 bendB=134000000 bendC=0 refA=745389000 refB=370831000 refC=19000 bend_chk=['2198719269', '813306661', '1290165029'] ref_chk=['2198719269', '813306661', '1290165029']
queue.length medium count=134400000 reps=1 sample=3 order=CBA bendA=267000000 bendB=134000000 bendC=0 refA=749071000 refB=369066000 refC=24000 bend_chk=['2198719269', '813306661', '1290165029'] ref_chk=['2198719269', '813306661', '1290165029']
queue.length medium count=134400000 reps=1 sample=4 order=ABC bendA=268000000 bendB=134000000 bendC=0 refA=736204000 refB=368785000 refC=14000 bend_chk=['2198719269', '813306661', '1290165029'] ref_chk=['2198719269', '813306661', '1290165029']
queue.length medium count=134400000 reps=1 sample=5 order=CBA bendA=266000000 bendB=133000000 bendC=0 refA=734301000 refB=368852000 refC=21000 bend_chk=['2198719269', '813306661', '1290165029'] ref_chk=['2198719269', '813306661', '1290165029']
queue.length large calibrate count=50000 reps=1 bend_delta=1000000ns ref_delta=109000ns bendA=2000000ns
queue.length large calibrate count=3200000 reps=1 bend_delta=3000000ns ref_delta=8069000ns bendA=8000000ns
queue.length large calibrate count=108800000 reps=1 bend_delta=111000000ns ref_delta=296586000ns bendA=220000000ns
queue.length large count=108800000 reps=1 sample=0 order=ABC bendA=220000000 bendB=110000000 bendC=1000000 refA=592803000 refB=300646000 refC=787000 bend_chk=['2779378500', '664025924', '2357101380'] ref_chk=['2779378500', '664025924', '2357101380']
queue.length large count=108800000 reps=1 sample=1 order=CBA bendA=215000000 bendB=109000000 bendC=2000000 refA=600613000 refB=299099000 refC=781000 bend_chk=['2779378500', '664025924', '2357101380'] ref_chk=['2779378500', '664025924', '2357101380']
queue.length large count=108800000 reps=1 sample=2 order=ABC bendA=215000000 bendB=109000000 bendC=1000000 refA=594873000 refB=298363000 refC=756000 bend_chk=['2779378500', '664025924', '2357101380'] ref_chk=['2779378500', '664025924', '2357101380']
queue.length large count=108800000 reps=1 sample=3 order=CBA bendA=216000000 bendB=109000000 bendC=2000000 refA=595934000 refB=296504000 refC=774000 bend_chk=['2779378500', '664025924', '2357101380'] ref_chk=['2779378500', '664025924', '2357101380']
queue.length large count=108800000 reps=1 sample=4 order=ABC bendA=216000000 bendB=111000000 bendC=2000000 refA=603645000 refB=297695000 refC=840000 bend_chk=['2779378500', '664025924', '2357101380'] ref_chk=['2779378500', '664025924', '2357101380']
queue.length large count=108800000 reps=1 sample=5 order=CBA bendA=217000000 bendB=108000000 bendC=3000000 refA=595427000 refB=298398000 refC=776000 bend_chk=['2779378500', '664025924', '2357101380'] ref_chk=['2779378500', '664025924', '2357101380']
queue.to_list small calibrate count=20000 reps=1 bend_delta=4000000ns ref_delta=3393000ns bendA=8000000ns
queue.to_list small calibrate count=520000 reps=1 bend_delta=103000000ns ref_delta=91385000ns bendA=204000000ns
queue.to_list small count=520000 reps=1 sample=0 order=ABC bendA=202000000 bendB=100000000 bendC=0 refA=134736000 refB=66855000 refC=0 bend_chk=['2905309507', '594683523', '1268550595'] ref_chk=['2905309507', '594683523', '1268550595']
queue.to_list small count=520000 reps=1 sample=1 order=CBA bendA=204000000 bendB=100000000 bendC=0 refA=180940000 refB=93361000 refC=3000 bend_chk=['2905309507', '594683523', '1268550595'] ref_chk=['2905309507', '594683523', '1268550595']
queue.to_list small count=520000 reps=1 sample=2 order=ABC bendA=212000000 bendB=101000000 bendC=0 refA=134753000 refB=67411000 refC=1000 bend_chk=['2905309507', '594683523', '1268550595'] ref_chk=['2905309507', '594683523', '1268550595']
queue.to_list small count=520000 reps=1 sample=3 order=CBA bendA=204000000 bendB=101000000 bendC=0 refA=181774000 refB=91442000 refC=3000 bend_chk=['2905309507', '594683523', '1268550595'] ref_chk=['2905309507', '594683523', '1268550595']
queue.to_list small count=520000 reps=1 sample=4 order=ABC bendA=202000000 bendB=102000000 bendC=0 refA=180438000 refB=90914000 refC=1000 bend_chk=['2905309507', '594683523', '1268550595'] ref_chk=['2905309507', '594683523', '1268550595']
queue.to_list small count=520000 reps=1 sample=5 order=CBA bendA=204000000 bendB=101000000 bendC=0 refA=134497000 refB=67218000 refC=2000 bend_chk=['2905309507', '594683523', '1268550595'] ref_chk=['2905309507', '594683523', '1268550595']
queue.to_list medium calibrate count=1000 reps=1 bend_delta=11000000ns ref_delta=3229000ns bendA=22000000ns
queue.to_list medium calibrate count=10000 reps=1 bend_delta=112000000ns ref_delta=28331000ns bendA=224000000ns
queue.to_list medium count=10000 reps=1 sample=0 order=ABC bendA=222000000 bendB=112000000 bendC=0 refA=65974000 refB=32894000 refC=11000 bend_chk=['1475571170', '1379118770', '533379970'] ref_chk=['1475571170', '1379118770', '533379970']
queue.to_list medium count=10000 reps=1 sample=1 order=CBA bendA=223000000 bendB=110000000 bendC=0 refA=59556000 refB=30270000 refC=20000 bend_chk=['1475571170', '1379118770', '533379970'] ref_chk=['1475571170', '1379118770', '533379970']
queue.to_list medium count=10000 reps=1 sample=2 order=ABC bendA=221000000 bendB=111000000 bendC=0 refA=61109000 refB=29248000 refC=11000 bend_chk=['1475571170', '1379118770', '533379970'] ref_chk=['1475571170', '1379118770', '533379970']
queue.to_list medium count=10000 reps=1 sample=3 order=CBA bendA=224000000 bendB=111000000 bendC=0 refA=59003000 refB=29882000 refC=23000 bend_chk=['1475571170', '1379118770', '533379970'] ref_chk=['1475571170', '1379118770', '533379970']
queue.to_list medium count=10000 reps=1 sample=4 order=ABC bendA=221000000 bendB=111000000 bendC=0 refA=60167000 refB=28867000 refC=11000 bend_chk=['1475571170', '1379118770', '533379970'] ref_chk=['1475571170', '1379118770', '533379970']
queue.to_list medium count=10000 reps=1 sample=5 order=CBA bendA=222000000 bendB=110000000 bendC=0 refA=58292000 refB=31556000 refC=23000 bend_chk=['1475571170', '1379118770', '533379970'] ref_chk=['1475571170', '1379118770', '533379970']
queue.to_list large calibrate count=50 reps=1 bend_delta=63000000ns ref_delta=45768000ns bendA=101000000ns
queue.to_list large calibrate count=100 reps=1 bend_delta=70000000ns ref_delta=79076000ns bendA=140000000ns
queue.to_list large calibrate count=200 reps=1 bend_delta=140000000ns ref_delta=150355000ns bendA=280000000ns
queue.to_list large count=200 reps=1 sample=0 order=ABC bendA=278000000 bendB=142000000 bendC=1000000 refA=314040000 refB=152484000 refC=754000 bend_chk=['1114653713', '2665940057', '1167492001'] ref_chk=['1114653713', '2665940057', '1167492001']
queue.to_list large count=200 reps=1 sample=1 order=CBA bendA=278000000 bendB=140000000 bendC=2000000 refA=313633000 refB=152207000 refC=851000 bend_chk=['1114653713', '2665940057', '1167492001'] ref_chk=['1114653713', '2665940057', '1167492001']
queue.to_list large count=200 reps=1 sample=2 order=ABC bendA=277000000 bendB=142000000 bendC=2000000 refA=305651000 refB=163010000 refC=878000 bend_chk=['1114653713', '2665940057', '1167492001'] ref_chk=['1114653713', '2665940057', '1167492001']
queue.to_list large count=200 reps=1 sample=3 order=CBA bendA=290000000 bendB=160000000 bendC=4000000 refA=333405000 refB=165464000 refC=848000 bend_chk=['1114653713', '2665940057', '1167492001'] ref_chk=['1114653713', '2665940057', '1167492001']
queue.to_list large count=200 reps=1 sample=4 order=ABC bendA=287000000 bendB=145000000 bendC=1000000 refA=339536000 refB=164352000 refC=796000 bend_chk=['1114653713', '2665940057', '1167492001'] ref_chk=['1114653713', '2665940057', '1167492001']
queue.to_list large count=200 reps=1 sample=5 order=CBA bendA=286000000 bendB=143000000 bendC=2000000 refA=305319000 refB=153587000 refC=788000 bend_chk=['1114653713', '2665940057', '1167492001'] ref_chk=['1114653713', '2665940057', '1167492001']
queue.dequeue small calibrate count=200000 reps=1 bend_delta=0ns ref_delta=875000ns bendA=1000000ns
queue.dequeue small calibrate count=12800000 reps=1 bend_delta=36000000ns ref_delta=64427000ns bendA=73000000ns
queue.dequeue small calibrate count=38400000 reps=1 bend_delta=110000000ns ref_delta=193433000ns bendA=222000000ns
queue.dequeue small count=38400000 reps=1 sample=0 order=ABC bendA=221000000 bendB=110000000 bendC=0 refA=374799000 refB=174540000 refC=2000 bend_chk=['933185664', '1309489280', '2843925920'] ref_chk=['933185664', '1309489280', '2843925920']
queue.dequeue small count=38400000 reps=1 sample=1 order=CBA bendA=233000000 bendB=110000000 bendC=0 refA=352599000 refB=184485000 refC=9000 bend_chk=['933185664', '1309489280', '2843925920'] ref_chk=['933185664', '1309489280', '2843925920']
queue.dequeue small count=38400000 reps=1 sample=2 order=ABC bendA=221000000 bendB=120000000 bendC=0 refA=371462000 refB=187566000 refC=15000 bend_chk=['933185664', '1309489280', '2843925920'] ref_chk=['933185664', '1309489280', '2843925920']
queue.dequeue small count=38400000 reps=1 sample=3 order=CBA bendA=224000000 bendB=111000000 bendC=0 refA=365677000 refB=180971000 refC=4000 bend_chk=['933185664', '1309489280', '2843925920'] ref_chk=['933185664', '1309489280', '2843925920']
queue.dequeue small count=38400000 reps=1 sample=4 order=ABC bendA=222000000 bendB=111000000 bendC=0 refA=327969000 refB=164271000 refC=1000 bend_chk=['933185664', '1309489280', '2843925920'] ref_chk=['933185664', '1309489280', '2843925920']
queue.dequeue small count=38400000 reps=1 sample=5 order=CBA bendA=223000000 bendB=110000000 bendC=0 refA=357750000 refB=175700000 refC=3000 bend_chk=['933185664', '1309489280', '2843925920'] ref_chk=['933185664', '1309489280', '2843925920']
queue.dequeue medium calibrate count=100000 reps=1 bend_delta=1000000ns ref_delta=438000ns bendA=1000000ns
queue.dequeue medium calibrate count=6400000 reps=1 bend_delta=17000000ns ref_delta=28961000ns bendA=34000000ns
queue.dequeue medium calibrate count=38400000 reps=1 bend_delta=102000000ns ref_delta=141959000ns bendA=204000000ns
queue.dequeue medium count=38400000 reps=1 sample=0 order=ABC bendA=213000000 bendB=102000000 bendC=0 refA=336711000 refB=168403000 refC=13000 bend_chk=['523973599', '3411096543', '4071562207'] ref_chk=['523973599', '3411096543', '4071562207']
queue.dequeue medium count=38400000 reps=1 sample=1 order=CBA bendA=204000000 bendB=103000000 bendC=0 refA=374798000 refB=188887000 refC=20000 bend_chk=['523973599', '3411096543', '4071562207'] ref_chk=['523973599', '3411096543', '4071562207']
queue.dequeue medium count=38400000 reps=1 sample=2 order=ABC bendA=207000000 bendB=103000000 bendC=0 refA=390634000 refB=195232000 refC=13000 bend_chk=['523973599', '3411096543', '4071562207'] ref_chk=['523973599', '3411096543', '4071562207']
queue.dequeue medium count=38400000 reps=1 sample=3 order=CBA bendA=205000000 bendB=103000000 bendC=0 refA=363582000 refB=177211000 refC=25000 bend_chk=['523973599', '3411096543', '4071562207'] ref_chk=['523973599', '3411096543', '4071562207']
queue.dequeue medium count=38400000 reps=1 sample=4 order=ABC bendA=204000000 bendB=102000000 bendC=0 refA=339878000 refB=169456000 refC=13000 bend_chk=['523973599', '3411096543', '4071562207'] ref_chk=['523973599', '3411096543', '4071562207']
queue.dequeue medium count=38400000 reps=1 sample=5 order=CBA bendA=205000000 bendB=103000000 bendC=0 refA=374249000 refB=185902000 refC=23000 bend_chk=['523973599', '3411096543', '4071562207'] ref_chk=['523973599', '3411096543', '4071562207']
queue.dequeue large calibrate count=50000 reps=1 bend_delta=2000000ns ref_delta=249000ns bendA=4000000ns
queue.dequeue large calibrate count=2550000 reps=1 bend_delta=7000000ns ref_delta=13253000ns bendA=16000000ns
queue.dequeue large calibrate count=38250000 reps=1 bend_delta=103000000ns ref_delta=178007000ns bendA=208000000ns
queue.dequeue large count=38250000 reps=1 sample=0 order=ABC bendA=210000000 bendB=106000000 bendC=2000000 refA=355276000 refB=192960000 refC=748000 bend_chk=['3010325534', '454085390', '4272849918'] ref_chk=['3010325534', '454085390', '4272849918']
queue.dequeue large count=38250000 reps=1 sample=1 order=CBA bendA=209000000 bendB=106000000 bendC=2000000 refA=377963000 refB=177020000 refC=858000 bend_chk=['3010325534', '454085390', '4272849918'] ref_chk=['3010325534', '454085390', '4272849918']
queue.dequeue large count=38250000 reps=1 sample=2 order=ABC bendA=210000000 bendB=106000000 bendC=1000000 refA=369117000 refB=191809000 refC=937000 bend_chk=['3010325534', '454085390', '4272849918'] ref_chk=['3010325534', '454085390', '4272849918']
queue.dequeue large count=38250000 reps=1 sample=3 order=CBA bendA=221000000 bendB=114000000 bendC=3000000 refA=383645000 refB=180500000 refC=854000 bend_chk=['3010325534', '454085390', '4272849918'] ref_chk=['3010325534', '454085390', '4272849918']
queue.dequeue large count=38250000 reps=1 sample=4 order=ABC bendA=263000000 bendB=115000000 bendC=2000000 refA=375054000 refB=177263000 refC=841000 bend_chk=['3010325534', '454085390', '4272849918'] ref_chk=['3010325534', '454085390', '4272849918']
queue.dequeue large count=38250000 reps=1 sample=5 order=CBA bendA=209000000 bendB=107000000 bendC=2000000 refA=377199000 refB=192071000 refC=766000 bend_chk=['3010325534', '454085390', '4272849918'] ref_chk=['3010325534', '454085390', '4272849918']
queue.new small calibrate count=200000 reps=1 bend_delta=1000000ns ref_delta=1776000ns bendA=3000000ns
queue.new small calibrate count=12800000 reps=1 bend_delta=94000000ns ref_delta=108968000ns bendA=188000000ns
queue.new small calibrate count=25600000 reps=1 bend_delta=187000000ns ref_delta=217416000ns bendA=373000000ns
queue.new small count=25600000 reps=1 sample=0 order=ABC bendA=375000000 bendB=186000000 bendC=0 refA=435081000 refB=221270000 refC=14000 bend_chk=['3302485885', '2921369469', '124333949'] ref_chk=['3302485885', '2921369469', '124333949']
queue.new small count=25600000 reps=1 sample=1 order=CBA bendA=373000000 bendB=190000000 bendC=0 refA=433876000 refB=217344000 refC=3000 bend_chk=['3302485885', '2921369469', '124333949'] ref_chk=['3302485885', '2921369469', '124333949']
queue.new small count=25600000 reps=1 sample=2 order=ABC bendA=372000000 bendB=192000000 bendC=0 refA=443189000 refB=218412000 refC=1000 bend_chk=['3302485885', '2921369469', '124333949'] ref_chk=['3302485885', '2921369469', '124333949']
queue.new small count=25600000 reps=1 sample=3 order=CBA bendA=372000000 bendB=187000000 bendC=0 refA=435623000 refB=217029000 refC=3000 bend_chk=['3302485885', '2921369469', '124333949'] ref_chk=['3302485885', '2921369469', '124333949']
queue.new small count=25600000 reps=1 sample=4 order=ABC bendA=385000000 bendB=187000000 bendC=0 refA=438177000 refB=222393000 refC=0 bend_chk=['3302485885', '2921369469', '124333949'] ref_chk=['3302485885', '2921369469', '124333949']
queue.new small count=25600000 reps=1 sample=5 order=CBA bendA=384000000 bendB=190000000 bendC=0 refA=436562000 refB=217253000 refC=3000 bend_chk=['3302485885', '2921369469', '124333949'] ref_chk=['3302485885', '2921369469', '124333949']
queue.new medium calibrate count=200000 reps=1 bend_delta=1000000ns ref_delta=1689000ns bendA=3000000ns
queue.new medium calibrate count=12800000 reps=1 bend_delta=96000000ns ref_delta=108670000ns bendA=191000000ns
queue.new medium calibrate count=25600000 reps=1 bend_delta=185000000ns ref_delta=218839000ns bendA=375000000ns
queue.new medium count=25600000 reps=1 sample=0 order=ABC bendA=373000000 bendB=187000000 bendC=0 refA=438794000 refB=217086000 refC=12000 bend_chk=['1727872060', '4266155068', '3314777148'] ref_chk=['1727872060', '4266155068', '3314777148']
queue.new medium count=25600000 reps=1 sample=1 order=CBA bendA=408000000 bendB=186000000 bendC=0 refA=434728000 refB=218276000 refC=24000 bend_chk=['1727872060', '4266155068', '3314777148'] ref_chk=['1727872060', '4266155068', '3314777148']
queue.new medium count=25600000 reps=1 sample=2 order=ABC bendA=391000000 bendB=189000000 bendC=0 refA=462636000 refB=219100000 refC=12000 bend_chk=['1727872060', '4266155068', '3314777148'] ref_chk=['1727872060', '4266155068', '3314777148']
queue.new medium count=25600000 reps=1 sample=3 order=CBA bendA=370000000 bendB=185000000 bendC=1000000 refA=436137000 refB=216676000 refC=22000 bend_chk=['1727872060', '4266155068', '3314777148'] ref_chk=['1727872060', '4266155068', '3314777148']
queue.new medium count=25600000 reps=1 sample=4 order=ABC bendA=371000000 bendB=186000000 bendC=0 refA=435958000 refB=216827000 refC=11000 bend_chk=['1727872060', '4266155068', '3314777148'] ref_chk=['1727872060', '4266155068', '3314777148']
queue.new medium count=25600000 reps=1 sample=5 order=CBA bendA=373000000 bendB=187000000 bendC=0 refA=435608000 refB=218787000 refC=31000 bend_chk=['1727872060', '4266155068', '3314777148'] ref_chk=['1727872060', '4266155068', '3314777148']
queue.new large calibrate count=50000 reps=1 bend_delta=1000000ns ref_delta=419000ns bendA=3000000ns
queue.new large calibrate count=3200000 reps=1 bend_delta=23000000ns ref_delta=27153000ns bendA=48000000ns
queue.new large calibrate count=16000000 reps=1 bend_delta=119000000ns ref_delta=136584000ns bendA=236000000ns
queue.new large count=16000000 reps=1 sample=0 order=ABC bendA=239000000 bendB=119000000 bendC=1000000 refA=274453000 refB=137484000 refC=774000 bend_chk=['2348645467', '3036807259', '3083240539'] ref_chk=['2348645467', '3036807259', '3083240539']
queue.new large count=16000000 reps=1 sample=1 order=CBA bendA=233000000 bendB=118000000 bendC=3000000 refA=276643000 refB=136701000 refC=799000 bend_chk=['2348645467', '3036807259', '3083240539'] ref_chk=['2348645467', '3036807259', '3083240539']
queue.new large count=16000000 reps=1 sample=2 order=ABC bendA=236000000 bendB=121000000 bendC=1000000 refA=275714000 refB=137078000 refC=894000 bend_chk=['2348645467', '3036807259', '3083240539'] ref_chk=['2348645467', '3036807259', '3083240539']
queue.new large count=16000000 reps=1 sample=3 order=CBA bendA=233000000 bendB=122000000 bendC=2000000 refA=273710000 refB=136450000 refC=783000 bend_chk=['2348645467', '3036807259', '3083240539'] ref_chk=['2348645467', '3036807259', '3083240539']
queue.new large count=16000000 reps=1 sample=4 order=ABC bendA=236000000 bendB=118000000 bendC=1000000 refA=293338000 refB=136730000 refC=744000 bend_chk=['2348645467', '3036807259', '3083240539'] ref_chk=['2348645467', '3036807259', '3083240539']
queue.new large count=16000000 reps=1 sample=5 order=CBA bendA=237000000 bendB=120000000 bendC=2000000 refA=275659000 refB=136584000 refC=826000 bend_chk=['2348645467', '3036807259', '3083240539'] ref_chk=['2348645467', '3036807259', '3083240539']
queue.new edge-empty calibrate count=200000 reps=1 bend_delta=2000000ns ref_delta=1651000ns bendA=3000000ns
queue.new edge-empty calibrate count=10200000 reps=1 bend_delta=76000000ns ref_delta=85954000ns bendA=150000000ns
queue.new edge-empty calibrate count=20400000 reps=1 bend_delta=157000000ns ref_delta=173517000ns bendA=306000000ns
queue.new edge-empty count=20400000 reps=1 sample=0 order=ABC bendA=301000000 bendB=149000000 bendC=0 refA=347058000 refB=173520000 refC=0 bend_chk=['530108794', '90385146', '33914'] ref_chk=['530108794', '90385146', '33914']
queue.new edge-empty count=20400000 reps=1 sample=1 order=CBA bendA=299000000 bendB=148000000 bendC=0 refA=346142000 refB=170718000 refC=1000 bend_chk=['530108794', '90385146', '33914'] ref_chk=['530108794', '90385146', '33914']
queue.new edge-empty count=20400000 reps=1 sample=2 order=ABC bendA=329000000 bendB=176000000 bendC=0 refA=360178000 refB=194865000 refC=0 bend_chk=['530108794', '90385146', '33914'] ref_chk=['530108794', '90385146', '33914']
queue.new edge-empty count=20400000 reps=1 sample=3 order=CBA bendA=314000000 bendB=169000000 bendC=0 refA=369320000 refB=179068000 refC=0 bend_chk=['530108794', '90385146', '33914'] ref_chk=['530108794', '90385146', '33914']
queue.new edge-empty count=20400000 reps=1 sample=4 order=ABC bendA=315000000 bendB=153000000 bendC=0 refA=366820000 refB=178930000 refC=0 bend_chk=['530108794', '90385146', '33914'] ref_chk=['530108794', '90385146', '33914']
queue.new edge-empty count=20400000 reps=1 sample=5 order=CBA bendA=299000000 bendB=148000000 bendC=0 refA=346212000 refB=177020000 refC=0 bend_chk=['530108794', '90385146', '33914'] ref_chk=['530108794', '90385146', '33914']
queue.length edge-empty calibrate count=200000 reps=1 bend_delta=0ns ref_delta=570000ns bendA=0ns
queue.length edge-empty calibrate count=12800000 reps=1 bend_delta=12000000ns ref_delta=36532000ns bendA=25000000ns
queue.length edge-empty calibrate count=115200000 reps=1 bend_delta=115000000ns ref_delta=329649000ns bendA=230000000ns
queue.length edge-empty count=115200000 reps=1 sample=0 order=ABC bendA=231000000 bendB=116000000 bendC=0 refA=658784000 refB=329222000 refC=0 bend_chk=['2864243865', '2270999705', '33945'] ref_chk=['2864243865', '2270999705', '33945']
queue.length edge-empty count=115200000 reps=1 sample=1 order=CBA bendA=229000000 bendB=116000000 bendC=0 refA=654542000 refB=327192000 refC=0 bend_chk=['2864243865', '2270999705', '33945'] ref_chk=['2864243865', '2270999705', '33945']
queue.length edge-empty count=115200000 reps=1 sample=2 order=ABC bendA=229000000 bendB=114000000 bendC=0 refA=647987000 refB=323893000 refC=0 bend_chk=['2864243865', '2270999705', '33945'] ref_chk=['2864243865', '2270999705', '33945']
queue.length edge-empty count=115200000 reps=1 sample=3 order=CBA bendA=229000000 bendB=115000000 bendC=0 refA=649127000 refB=322562000 refC=0 bend_chk=['2864243865', '2270999705', '33945'] ref_chk=['2864243865', '2270999705', '33945']
queue.length edge-empty count=115200000 reps=1 sample=4 order=ABC bendA=228000000 bendB=115000000 bendC=0 refA=642976000 refB=322228000 refC=0 bend_chk=['2864243865', '2270999705', '33945'] ref_chk=['2864243865', '2270999705', '33945']
queue.length edge-empty count=115200000 reps=1 sample=5 order=CBA bendA=230000000 bendB=115000000 bendC=0 refA=635180000 refB=320458000 refC=0 bend_chk=['2864243865', '2270999705', '33945'] ref_chk=['2864243865', '2270999705', '33945']
queue.enqueue edge-empty calibrate count=200000 reps=1 bend_delta=3000000ns ref_delta=518000ns bendA=3000000ns
queue.enqueue edge-empty calibrate count=200000 reps=34 bend_delta=32000000ns ref_delta=16599000ns bendA=57000000ns
queue.enqueue edge-empty calibrate count=200000 reps=136 bend_delta=118000000ns ref_delta=64237000ns bendA=215000000ns
queue.enqueue edge-empty count=200000 reps=136 sample=0 order=ABC bendA=209000000 bendB=98000000 bendC=0 refA=134127000 refB=72753000 refC=2000 bend_chk=['789649476', '2989933636', '3546312772'] ref_chk=['789649476', '2989933636', '3546312772']
queue.enqueue edge-empty count=200000 reps=136 sample=1 order=CBA bendA=209000000 bendB=100000000 bendC=0 refA=135742000 refB=65573000 refC=2000 bend_chk=['789649476', '2989933636', '3546312772'] ref_chk=['789649476', '2989933636', '3546312772']
queue.enqueue edge-empty count=200000 reps=136 sample=2 order=ABC bendA=212000000 bendB=98000000 bendC=0 refA=133630000 refB=68883000 refC=1000 bend_chk=['789649476', '2989933636', '3546312772'] ref_chk=['789649476', '2989933636', '3546312772']
queue.enqueue edge-empty count=200000 reps=136 sample=3 order=CBA bendA=203000000 bendB=101000000 bendC=0 refA=133018000 refB=65453000 refC=1000 bend_chk=['789649476', '2989933636', '3546312772'] ref_chk=['789649476', '2989933636', '3546312772']
queue.enqueue edge-empty count=200000 reps=136 sample=4 order=ABC bendA=204000000 bendB=97000000 bendC=0 refA=133149000 refB=67235000 refC=2000 bend_chk=['789649476', '2989933636', '3546312772'] ref_chk=['789649476', '2989933636', '3546312772']
queue.enqueue edge-empty count=200000 reps=136 sample=5 order=CBA bendA=216000000 bendB=100000000 bendC=0 refA=133642000 refB=66854000 refC=1000 bend_chk=['789649476', '2989933636', '3546312772'] ref_chk=['789649476', '2989933636', '3546312772']
queue.dequeue edge-empty calibrate count=200000 reps=1 bend_delta=1000000ns ref_delta=734000ns bendA=1000000ns
queue.dequeue edge-empty calibrate count=200000 reps=64 bend_delta=13000000ns ref_delta=42137000ns bendA=26000000ns
queue.dequeue edge-empty calibrate count=200000 reps=512 bend_delta=100000000ns ref_delta=352141000ns bendA=203000000ns
queue.dequeue edge-empty count=200000 reps=512 sample=0 order=ABC bendA=204000000 bendB=103000000 bendC=0 refA=672865000 refB=331569000 refC=5000 bend_chk=['3949912320', '1265754368', '4235518208'] ref_chk=['3949912320', '1265754368', '4235518208']
queue.dequeue edge-empty count=200000 reps=512 sample=1 order=CBA bendA=203000000 bendB=103000000 bendC=0 refA=661591000 refB=331898000 refC=5000 bend_chk=['3949912320', '1265754368', '4235518208'] ref_chk=['3949912320', '1265754368', '4235518208']
queue.dequeue edge-empty count=200000 reps=512 sample=2 order=ABC bendA=203000000 bendB=102000000 bendC=0 refA=666133000 refB=346725000 refC=5000 bend_chk=['3949912320', '1265754368', '4235518208'] ref_chk=['3949912320', '1265754368', '4235518208']
queue.dequeue edge-empty count=200000 reps=512 sample=3 order=CBA bendA=204000000 bendB=101000000 bendC=1000000 refA=658678000 refB=327784000 refC=6000 bend_chk=['3949912320', '1265754368', '4235518208'] ref_chk=['3949912320', '1265754368', '4235518208']
queue.dequeue edge-empty count=200000 reps=512 sample=4 order=ABC bendA=204000000 bendB=102000000 bendC=0 refA=661760000 refB=327460000 refC=5000 bend_chk=['3949912320', '1265754368', '4235518208'] ref_chk=['3949912320', '1265754368', '4235518208']
queue.dequeue edge-empty count=200000 reps=512 sample=5 order=CBA bendA=205000000 bendB=102000000 bendC=0 refA=655708000 refB=331310000 refC=6000 bend_chk=['3949912320', '1265754368', '4235518208'] ref_chk=['3949912320', '1265754368', '4235518208']
queue.peek edge-empty calibrate count=200000 reps=1 bend_delta=1000000ns ref_delta=198000ns bendA=1000000ns
queue.peek edge-empty calibrate count=12800000 reps=1 bend_delta=14000000ns ref_delta=13222000ns bendA=26000000ns
queue.peek edge-empty calibrate count=102400000 reps=1 bend_delta=102000000ns ref_delta=102428000ns bendA=204000000ns
queue.peek edge-empty count=102400000 reps=1 sample=0 order=ABC bendA=204000000 bendB=101000000 bendC=0 refA=206796000 refB=102551000 refC=0 bend_chk=['50300150', '2172650742', '34038'] ref_chk=['50300150', '2172650742', '34038']
queue.peek edge-empty count=102400000 reps=1 sample=1 order=CBA bendA=203000000 bendB=102000000 bendC=0 refA=205385000 refB=102652000 refC=1000 bend_chk=['50300150', '2172650742', '34038'] ref_chk=['50300150', '2172650742', '34038']
queue.peek edge-empty count=102400000 reps=1 sample=2 order=ABC bendA=203000000 bendB=103000000 bendC=0 refA=205333000 refB=102541000 refC=1000 bend_chk=['50300150', '2172650742', '34038'] ref_chk=['50300150', '2172650742', '34038']
queue.peek edge-empty count=102400000 reps=1 sample=3 order=CBA bendA=203000000 bendB=102000000 bendC=0 refA=205487000 refB=102543000 refC=0 bend_chk=['50300150', '2172650742', '34038'] ref_chk=['50300150', '2172650742', '34038']
queue.peek edge-empty count=102400000 reps=1 sample=4 order=ABC bendA=205000000 bendB=102000000 bendC=0 refA=205262000 refB=102672000 refC=0 bend_chk=['50300150', '2172650742', '34038'] ref_chk=['50300150', '2172650742', '34038']
queue.peek edge-empty count=102400000 reps=1 sample=5 order=CBA bendA=203000000 bendB=102000000 bendC=0 refA=205655000 refB=102871000 refC=0 bend_chk=['50300150', '2172650742', '34038'] ref_chk=['50300150', '2172650742', '34038']
queue.to_list edge-empty calibrate count=200000 reps=1 bend_delta=0ns ref_delta=376000ns bendA=0ns
queue.to_list edge-empty calibrate count=12800000 reps=1 bend_delta=12000000ns ref_delta=25384000ns bendA=25000000ns
queue.to_list edge-empty calibrate count=115200000 reps=1 bend_delta=114000000ns ref_delta=230942000ns bendA=226000000ns
queue.to_list edge-empty count=115200000 reps=1 sample=0 order=ABC bendA=226000000 bendB=112000000 bendC=0 refA=458179000 refB=231683000 refC=6000 bend_chk=['98493717', '1424995605', '34069'] ref_chk=['98493717', '1424995605', '34069']
queue.to_list edge-empty count=115200000 reps=1 sample=1 order=CBA bendA=237000000 bendB=116000000 bendC=0 refA=665143000 refB=229528000 refC=1000 bend_chk=['98493717', '1424995605', '34069'] ref_chk=['98493717', '1424995605', '34069']
queue.to_list edge-empty count=115200000 reps=1 sample=2 order=ABC bendA=239000000 bendB=116000000 bendC=0 refA=468786000 refB=234936000 refC=6000 bend_chk=['98493717', '1424995605', '34069'] ref_chk=['98493717', '1424995605', '34069']
queue.to_list edge-empty count=115200000 reps=1 sample=3 order=CBA bendA=236000000 bendB=117000000 bendC=0 refA=470514000 refB=248677000 refC=0 bend_chk=['98493717', '1424995605', '34069'] ref_chk=['98493717', '1424995605', '34069']
queue.to_list edge-empty count=115200000 reps=1 sample=4 order=ABC bendA=233000000 bendB=117000000 bendC=0 refA=465491000 refB=233446000 refC=0 bend_chk=['98493717', '1424995605', '34069'] ref_chk=['98493717', '1424995605', '34069']
queue.to_list edge-empty count=115200000 reps=1 sample=5 order=CBA bendA=233000000 bendB=118000000 bendC=0 refA=465762000 refB=233375000 refC=1000 bend_chk=['98493717', '1424995605', '34069'] ref_chk=['98493717', '1424995605', '34069']
